[
    {
        "id": 1,
        "content": [
            {
                "type": "metadata",
                "content": "INVOICE\nPage 2 of 2\nWMGL-FM\nCumulus Media - Charleston\n3635 Momentum Place\nChicago, IL 60689-5336\nInovoice Balance as of 12/22/23 13:29:32 ET\n$0.00\n"
            },
            {
                "type": "kv",
                "content": [
                    {
                        "Invoice #": "AA3618454"
                    },
                    {
                        "Invoice Date": "09/10/23"
                    },
                    {
                        "Invoice Month": "September 2023"
                    },
                    {
                        "Invoice Period": "09/01/23 - 09/05/23"
                    },
                    {
                        "Advertiser": "Moore/D/State Representative"
                    },
                    {
                        "Product": "Senate District 42 race"
                    },
                    {
                        "Estimate #": "missing"
                    },
                    {
                        "Total Spots": "21"
                    },
                    {
                        "DUE NET 30": "2.0% Service Fee on Credit Cards"
                    },
                    {
                        "Net Total": "$420.00"
                    }
                ]
            },
            {
                "type": "table",
                "content": [
                    {
                        "Line": 4,
                        "Start Date": "09/04/23",
                        "End Date": "09/05/23",
                        "Description": "M-F",
                        "Start/End Time": "6a-10a",
                        "MTWTFSS": "MT-----",
                        "Length": ":30",
                        "Spots/\\nWeek": 4,
                        "Rate": "$20.00",
                        "Type": "NM"
                    }
                ]
            },
            {
                "type": "table",
                "content": [
                    {
                        "Spots": "missing",
                        "#": 1,
                        "Ch": "WMGL",
                        "Day": "M",
                        "Air Date": "09/04/23",
                        "Air Time": "7:17 AM",
                        "Description": "M-F",
                        "Start/End Time": "6a-10a",
                        "Length": ":30",
                        "Ad-ID": "MOORE SPOT 1",
                        "Rate": "$20.00",
                        "Type": "NM"
                    },
                    {
                        "Spots": "missing",
                        "#": 4,
                        "Ch": "WMGL",
                        "Day": "Tu",
                        "Air Date": "09/05/23",
                        "Air Time": "6:23 AM",
                        "Description": "M-F",
                        "Start/End Time": "6a-10a",
                        "Length": ":30",
                        "Ad-ID": "MOORE SPOT 2",
                        "Rate": "$20.00",
                        "Type": "NM"
                    },
                    {
                        "Spots": "missing",
                        "#": 2,
                        "Ch": "WMGL",
                        "Day": "Tu",
                        "Air Date": "09/05/23",
                        "Air Time": "9:39 AM",
                        "Description": "M-F",
                        "Start/End Time": "6a-10a",
                        "Length": ":30",
                        "Ad-ID": "MOORE SPOT 1",
                        "Rate": "$20.00",
                        "Type": "NM"
                    }
                ]
            },
            {
                "type": "table",
                "content": [
                    {
                        "Line": 5,
                        "Start Date": "09/04/23",
                        "End Date": "09/05/23",
                        "Description": "M-F",
                        "Start/End Time": "10a-3p",
                        "MTWTFSS": "22-----",
                        "Length": ":30",
                        "Spots/\\nWeek": 4,
                        "Rate": "$20.00",
                        "Type": "NM"
                    }
                ]
            },
            {
                "type": "table",
                "content": [
                    {
                        "Spots": "missing",
                        "#": 6,
                        "Ch": "WMGL",
                        "Day": "M",
                        "Air Date": "09/04/23",
                        "Air Time": "10:33 AM",
                        "Description": "M-F",
                        "Start/End Time": "10a-3p",
                        "Length": ":30",
                        "Ad-ID": "MOORE SPOT 2",
                        "Rate": "$20.00",
                        "Type": "NM"
                    },
                    {
                        "Spots": "missing",
                        "#": 8,
                        "Ch": "WMGL",
                        "Day": "M",
                        "Air Date": "09/04/23",
                        "Air Time": "11:35 AM",
                        "Description": "M-F",
                        "Start/End Time": "10a-3p",
                        "Length": ":30",
                        "Ad-ID": "MOORE SPOT 1",
                        "Rate": "$20.00",
                        "Type": "NM"
                    },
                    {
                        "Spots": "missing",
                        "#": 5,
                        "Ch": "WMGL",
                        "Day": "Tu",
                        "Air Date": "09/05/23",
                        "Air Time": "10:36 AM",
                        "Description": "M-F",
                        "Start/End Time": "10a-3p",
                        "Length": ":30",
                        "Ad-ID": "MOORE SPOT 2",
                        "Rate": "$20.00",
                        "Type": "NM"
                    },
                    {
                        "Spots": "missing",
                        "#": 7,
                        "Ch": "WMGL",
                        "Day": "Tu",
                        "Air Date": "09/05/23",
                        "Air Time": "10:54 AM",
                        "Description": "M-F",
                        "Start/End Time": "10a-3p",
                        "Length": ":30",
                        "Ad-ID": "MOORE SPOT 1",
                        "Rate": "$20.00",
                        "Type": "NM"
                    }
                ]
            },
            {
                "type": "table",
                "content": [
                    {
                        "Line": 6,
                        "Start Date": "09/04/23",
                        "End Date": "09/04/23",
                        "Description": "M-F",
                        "Start/End Time": "3p-7p",
                        "MTWTFSS": "M------",
                        "Length": ":30",
                        "Spots/\\nWeek": 2,
                        "Rate": "$20.00",
                        "Type": "NM"
                    }
                ]
            },
            {
                "type": "table",
                "content": [
                    {
                        "Spots": "missing",
                        "#": 3,
                        "Ch": "WMGL",
                        "Day": "M",
                        "Air Date": "09/04/23",
                        "Air Time": "3:47 PM",
                        "Description": "M-F",
                        "Start/End Time": "3p-7p",
                        "Length": ":30",
                        "Ad-ID": "MOORE SPOT 2",
                        "Rate": "$20.00",
                        "Type": "NM"
                    },
                    {
                        "Spots": "missing",
                        "#": 2,
                        "Ch": "WMGL",
                        "Day": "M",
                        "Air Date": "09/04/23",
                        "Air Time": "4:16 PM",
                        "Description": "M-F",
                        "Start/End Time": "3p-7p",
                        "Length": ":30",
                        "Ad-ID": "MOORE SPOT 1",
                        "Rate": "$20.00",
                        "Type": "NM"
                    }
                ]
            }
        ]
    },
    {
        "id": 2,
        "content": [
            {
                "type": "metadata",
                "content": "INVOICE\nPage 2 of 5\nKCCI\n888 - 9th Street\nDes Moines, IA 50309\n"
            },
            {
                "type": "kv",
                "content": [
                    {
                        "Invoice #": "2259004-1"
                    },
                    {
                        "Invoice Date": "09/18/22"
                    },
                    {
                        "Invoice Month": "September 2022"
                    },
                    {
                        "Invoice Period": "08/29/22 - 09/12/22"
                    },
                    {
                        "Advertiser": "House Majority"
                    },
                    {
                        "Product": "HOUSE MAJORITY PAC ANTI NUNN"
                    },
                    {
                        "Estimate #": "10491"
                    }
                ]
            },
            {
                "type": "table",
                "content": [
                    {
                        "Line": 5,
                        "Start Date": "09/11/22",
                        "End Date": "09/11/22",
                        "Description": "CBS Sunday Morning",
                        "Start/End Time": "Sun 8-930a",
                        "MTWTFSS": "------1",
                        "Length": ":30",
                        "Spots/\\nWeek": 1,
                        "Rate": "$1,800.00",
                        "Type": "NM"
                    }
                ]
            },
            {
                "type": "table",
                "content": [
                    {
                        "Weeks": "missing",
                        "Start Date": "09/05/22",
                        "End Date": "09/11/22",
                        "MTWTFSS": "------1",
                        "Spots/\\nWeek": 1,
                        "Rate": "$1,800.00"
                    }
                ]
            },
            {
                "type": "table",
                "content": [
                    {
                        "Spots": "missing",
                        "#": 1,
                        "Ch": "KCCI",
                        "Day": "Su",
                        "Air Date": "09/11/22",
                        "Air Time": "8:38 AM",
                        "Description": "CBS Sunday Morning",
                        "Start/End Time": "Sun 8-930a",
                        "Length": ":30",
                        "Ad-ID": "HMP22IA03T01H",
                        "Rate": "$1,800.00",
                        "Type": "NM"
                    }
                ]
            },
            {
                "type": "table",
                "content": [
                    {
                        "Line": 6,
                        "Start Date": "09/11/22",
                        "End Date": "09/11/22",
                        "Description": "Face the Nation",
                        "Start/End Time": "SU 930-1030A",
                        "MTWTFSS": "------1",
                        "Length": ":30",
                        "Spots/\\nWeek": 1,
                        "Rate": "$800.00",
                        "Type": "NM"
                    }
                ]
            },
            {
                "type": "table",
                "content": [
                    {
                        "Weeks": "missing",
                        "Start Date": "09/05/22",
                        "End Date": "09/11/22",
                        "MTWTFSS": "------1",
                        "Spots/\\nWeek": 1,
                        "Rate": "$800.00"
                    }
                ]
            },
            {
                "type": "table",
                "content": [
                    {
                        "Spots": "missing",
                        "#": 1,
                        "Ch": "KCCI",
                        "Day": "Su",
                        "Air Date": "09/11/22",
                        "Air Time": "9:59 AM",
                        "Description": "Face the Nation",
                        "Start/End Time": "SU 930-1030A",
                        "Length": ":30",
                        "Ad-ID": "HMP22IA03T01H",
                        "Rate": "$800.00",
                        "Type": "NM"
                    }
                ]
            },
            {
                "type": "table",
                "content": [
                    {
                        "Line": 7,
                        "Start Date": "09/11/22",
                        "End Date": "09/11/22",
                        "Description": "KCCI POLITICAL NEWS",
                        "Start/End Time": "1030A-11A",
                        "MTWTFSS": "------1",
                        "Length": ":30",
                        "Spots/\\nWeek": 1,
                        "Rate": "$600.00",
                        "Type": "NM"
                    }
                ]
            },
            {
                "type": "table",
                "content": [
                    {
                        "Weeks": "missing",
                        "Start Date": "09/05/22",
                        "End Date": "09/11/22",
                        "MTWTFSS": "------1",
                        "Spots/\\nWeek": 1,
                        "Rate": "$600.00"
                    }
                ]
            },
            {
                "type": "table",
                "content": [
                    {
                        "Spots": "missing",
                        "#": 1,
                        "Ch": "KCCI",
                        "Day": "Su",
                        "Air Date": "09/11/22",
                        "Air Time": "10:37 AM",
                        "Description": "KCCI POLITICAL NEWS",
                        "Start/End Time": "1030A-11A",
                        "Length": ":30",
                        "Ad-ID": "HMP22IA03T01H",
                        "Rate": "$600.00",
                        "Type": "NM"
                    }
                ]
            },
            {
                "type": "table",
                "content": [
                    {
                        "Line": 8,
                        "Start Date": "09/06/22",
                        "End Date": "09/12/22",
                        "Description": "Price is Right",
                        "Start/End Time": "958-11a",
                        "MTWTFSS": "MTWTF--",
                        "Length": ":30",
                        "Spots/\\nWeek": 3,
                        "Rate": "$1,100.00",
                        "Type": "NM"
                    }
                ]
            },
            {
                "type": "table",
                "content": [
                    {
                        "Weeks": "missing",
                        "Start Date": "09/06/22",
                        "End Date": "09/12/22",
                        "MTWTFSS": "MTWTF--",
                        "Spots/\\nWeek": 3,
                        "Rate": "$1,100.00"
                    }
                ]
            },
            {
                "type": "table",
                "content": [
                    {
                        "Spots": "missing",
                        "#": 2,
                        "Ch": "KCCI",
                        "Day": "W",
                        "Air Date": "09/07/22",
                        "Air Time": "10:30 AM",
                        "Description": "Price is Right",
                        "Start/End Time": "958-11a",
                        "Length": ":30",
                        "Ad-ID": "HMP22IA03T01H",
                        "Rate": "$1,100.00",
                        "Type": "NM"
                    },
                    {
                        "Spots": "missing",
                        "#": 3,
                        "Ch": "KCCI",
                        "Day": "F",
                        "Air Date": "09/09/22",
                        "Air Time": "10:28 AM",
                        "Description": "Price is Right",
                        "Start/End Time": "958-11a",
                        "Length": ":30",
                        "Ad-ID": "HMP22IA03T01H",
                        "Rate": "$1,100.00",
                        "Type": "NM"
                    },
                    {
                        "Spots": "missing",
                        "#": 1,
                        "Ch": "KCCI",
                        "Day": "M",
                        "Air Date": "09/12/22",
                        "Air Time": "9:59 AM",
                        "Description": "Price is Right",
                        "Start/End Time": "958-11a",
                        "Length": ":30",
                        "Ad-ID": "HMP22IA03T01H",
                        "Rate": "$1,100.00",
                        "Type": "NM"
                    }
                ]
            },
            {
                "type": "table",
                "content": [
                    {
                        "Line": 9,
                        "Start Date": "09/06/22",
                        "End Date": "09/12/22",
                        "Description": "M-F News CH8 @ 12-12",
                        "Start/End Time": "12-1230P",
                        "MTWTFSS": "MTWTF--",
                        "Length": ":30",
                        "Spots/\\nWeek": 3,
                        "Rate": "$900.00",
                        "Type": "NM"
                    }
                ]
            },
            {
                "type": "table",
                "content": [
                    {
                        "Weeks": "missing",
                        "Start Date": "09/06/22",
                        "End Date": "09/12/22",
                        "MTWTFSS": "MTWTF--",
                        "Spots/\\nWeek": 3,
                        "Rate": "$900.00"
                    }
                ]
            },
            {
                "type": "table",
                "content": [
                    {
                        "Spots": "missing",
                        "#": 3,
                        "Ch": "KCCI",
                        "Day": "W",
                        "Air Date": "09/07/22",
                        "Air Time": "12:22 PM",
                        "Description": "M-F News CH8 @ 12-1230P",
                        "Start/End Time": "12-1230P",
                        "Length": ":30",
                        "Ad-ID": "HMP22IA03T01H",
                        "Rate": "$900.00",
                        "Type": "NM"
                    },
                    {
                        "Spots": "missing",
                        "#": 1,
                        "Ch": "KCCI",
                        "Day": "Th",
                        "Air Date": "09/08/22",
                        "Air Time": "12:22 PM",
                        "Description": "M-F News CH8 @ 12-1230P",
                        "Start/End Time": "12-1230P",
                        "Length": ":30",
                        "Ad-ID": "HMP22IA03T01H",
                        "Rate": "$900.00",
                        "Type": "NM"
                    },
                    {
                        "Spots": "missing",
                        "#": 2,
                        "Ch": "KCCI",
                        "Day": "M",
                        "Air Date": "09/12/22",
                        "Air Time": "12:21 PM",
                        "Description": "M-F News CH8 @ 12-1230P",
                        "Start/End Time": "12-1230P",
                        "Length": ":30",
                        "Ad-ID": "HMP22IA03T01H",
                        "Rate": "$900.00",
                        "Type": "NM"
                    }
                ]
            },
            {
                "type": "table",
                "content": [
                    {
                        "Line": 10,
                        "Start Date": "09/06/22",
                        "End Date": "09/12/22",
                        "Description": "M-F News CH8 First New",
                        "Start/End Time": "5-530P",
                        "MTWTFSS": "MTWTF--",
                        "Length": ":30",
                        "Spots/\\nWeek": 3,
                        "Rate": "$1,500.00",
                        "Type": "NM"
                    }
                ]
            },
            {
                "type": "table",
                "content": [
                    {
                        "Weeks": "missing",
                        "Start Date": "09/06/22",
                        "End Date": "09/12/22",
                        "MTWTFSS": "MTWTF--",
                        "Spots/\\nWeek": 3,
                        "Rate": "$1,500.00"
                    }
                ]
            },
            {
                "type": "table",
                "content": [
                    {
                        "Spots": "missing",
                        "#": 1,
                        "Ch": "KCCI",
                        "Day": "W",
                        "Air Date": "09/07/22",
                        "Air Time": "5:28 PM",
                        "Description": "M-F News CH8 First News@Five 5-530P",
                        "Start/End Time": "5-530P",
                        "Length": ":30",
                        "Ad-ID": "HMP22IA03T01H",
                        "Rate": "$1,500.00",
                        "Type": "NM"
                    },
                    {
                        "Spots": "missing",
                        "#": 3,
                        "Ch": "KCCI",
                        "Day": "F",
                        "Air Date": "09/09/22",
                        "Air Time": "5:28 PM",
                        "Description": "M-F News CH8 First News@Five 5-530P",
                        "Start/End Time": "5-530P",
                        "Length": ":30",
                        "Ad-ID": "HMP22IA03T01H",
                        "Rate": "$1,500.00",
                        "Type": "NM"
                    },
                    {
                        "Spots": "missing",
                        "#": 2,
                        "Ch": "KCCI",
                        "Day": "M",
                        "Air Date": "09/12/22",
                        "Air Time": "5:11 PM",
                        "Description": "M-F News CH8 First News@Five 5-530P",
                        "Start/End Time": "5-530P",
                        "Length": ":30",
                        "Ad-ID": "HMP22IA03T01H",
                        "Rate": "$1,500.00",
                        "Type": "NM"
                    }
                ]
            },
            {
                "type": "table",
                "content": [
                    {
                        "Line": 11,
                        "Start Date": "09/07/22",
                        "End Date": "09/12/22",
                        "Description": "M-F CBS Evening News",
                        "Start/End Time": "530-6P",
                        "MTWTFSS": "M-W-F--",
                        "Length": ":30",
                        "Spots/\\nWeek": 3,
                        "Rate": "$2,400.00",
                        "Type": "NM"
                    }
                ]
            },
            {
                "type": "table",
                "content": [
                    {
                        "Weeks": "missing",
                        "Start Date": "09/06/22",
                        "End Date": "09/12/22",
                        "MTWTFSS": "M-W-F--",
                        "Spots/\\nWeek": 3,
                        "Rate": "$2"
                    }
                ]
            },
            {
                "type": "table",
                "content": [
                    {
                        "Spots": "missing",
                        "#": 5,
                        "Ch": "KCCI",
                        "Day": "W",
                        "Air Date": "09/07/22",
                        "Air Time": "5:30 PM",
                        "Description": "M-F CBS Evening News",
                        "Start/End Time": "530-6P",
                        "Length": ":00",
                        "Ad-ID": "Credited",
                        "Rate": "$2,400.00",
                        "Type": "NM"
                    }
                ]
            }
        ]
    },
    {
        "id": 3,
        "content": [
            {
                "type": "metadata",
                "content": "INVOICE\nPage 4 of 5\nKCCI\n888 - 9th Street\nDes Moines, IA 50309\nPayment Terms 30 Days\n"
            },
            {
                "type": "kv",
                "content": [
                    {
                        "Invoice #": "2259004-1"
                    },
                    {
                        "Invoice Date": "09/18/22"
                    },
                    {
                        "Invoice Month": "September 2022"
                    },
                    {
                        "Invoice Period": "08/29/22 - 09/12/22"
                    },
                    {
                        "Advertiser": "House Majority"
                    },
                    {
                        "Product": "HOUSE MAJORITY PAC ANTI NUNN"
                    },
                    {
                        "Estimate #": "10491"
                    },
                    {
                        "Gross Total": "\"$61,200.00\""
                    }
                ]
            },
            {
                "type": "table",
                "content": [
                    {
                        "Line": 18,
                        "Start Date": "09/06/22",
                        "End Date": "09/06/22",
                        "Description": "Tue CBS Prime A",
                        "Start/End Time": "7-8p",
                        "MTWTFSS": "-T-----",
                        "Length": ":30",
                        "Spots/\\nWeek": 1,
                        "Rate": "$2,600.00",
                        "Type": "NM"
                    }
                ]
            },
            {
                "type": "table",
                "content": [
                    {
                        "Weeks": "missing",
                        "Start Date": "09/05/22",
                        "End Date": "09/06/22",
                        "MTWTFSS": "-T-----",
                        "Spots/\\nWeek": 1,
                        "Rate": "$2"
                    }
                ]
            },
            {
                "type": "table",
                "content": [
                    {
                        "Spots": "missing",
                        "#": 1,
                        "Ch": "KCCI",
                        "Day": "Tu",
                        "Air Date": "09/06/22",
                        "Air Time": "7:35 PM",
                        "Description": "Tue CBS Prime A",
                        "Start/End Time": "7-8p",
                        "Length": ":30",
                        "Ad-ID": "HMP22IA03T01H",
                        "Rate": "$2,600.00",
                        "Type": "NM"
                    }
                ]
            },
            {
                "type": "table",
                "content": [
                    {
                        "Line": 19,
                        "Start Date": "09/11/22",
                        "End Date": "09/11/22",
                        "Description": "Sun CBS Prime A",
                        "Start/End Time": "6-7P",
                        "MTWTFSS": "------1",
                        "Length": ":30",
                        "Spots/\\nWeek": 1,
                        "Rate": "$1,800.00",
                        "Type": "NM"
                    }
                ]
            },
            {
                "type": "table",
                "content": [
                    {
                        "Weeks": "missing",
                        "Start Date": "09/05/22",
                        "End Date": "09/11/22",
                        "MTWTFSS": "------1",
                        "Spots/\\nWeek": 1,
                        "Rate": "$1,800.00"
                    }
                ]
            },
            {
                "type": "table",
                "content": [
                    {
                        "Spots": "missing",
                        "#": 1,
                        "Ch": "KCCI",
                        "Day": "Su",
                        "Air Date": "09/11/22",
                        "Air Time": "Credited",
                        "Description": "Sun CBS Prime A",
                        "Start/End Time": "6-7P",
                        "Length": ":00",
                        "Ad-ID": "missing",
                        "Rate": "Credited",
                        "Type": "NM"
                    }
                ]
            },
            {
                "type": "table",
                "content": [
                    {
                        "Line": 20,
                        "Start Date": "09/10/22",
                        "End Date": "09/10/22",
                        "Description": "Matter of Fact LF",
                        "Start/End Time": "1030p-11p",
                        "MTWTFSS": "------S",
                        "Length": ":30",
                        "Spots/\\nWeek": 1,
                        "Rate": "$300.00",
                        "Type": "NM"
                    }
                ]
            },
            {
                "type": "table",
                "content": [
                    {
                        "Weeks": "missing",
                        "Start Date": "09/05/22",
                        "End Date": "09/10/22",
                        "MTWTFSS": "------S",
                        "Spots/\\nWeek": 1,
                        "Rate": "$300.00"
                    }
                ]
            },
            {
                "type": "table",
                "content": [
                    {
                        "Spots": "missing",
                        "#": 1,
                        "Ch": "KCCI",
                        "Day": "Sa",
                        "Air Date": "09/10/22",
                        "Air Time": "11:27 PM",
                        "Description": "Matter of Fact LF",
                        "Start/End Time": "1030p-11p",
                        "Length": ":30",
                        "Ad-ID": "HMP22IA03T01H",
                        "Rate": "$300.00",
                        "Type": "NM"
                    }
                ]
            },
            {
                "type": "table",
                "content": [
                    {
                        "Line": 21,
                        "Start Date": "09/09/22",
                        "End Date": "09/09/22",
                        "Description": "CY/HAWK SHOWDOWN",
                        "Start/End Time": "CY/HAWK SHOWD",
                        "MTWTFSS": "-----F--",
                        "Length": ":30",
                        "Spots/\\nWeek": 1,
                        "Rate": "$1,600.00",
                        "Type": "NM"
                    }
                ]
            },
            {
                "type": "table",
                "content": [
                    {
                        "Weeks": "missing",
                        "Start Date": "09/05/22",
                        "End Date": "09/11/22",
                        "MTWTFSS": "-----F--",
                        "Spots/\\nWeek": 1,
                        "Rate": "$1,600.00"
                    }
                ]
            },
            {
                "type": "table",
                "content": [
                    {
                        "Spots": "missing",
                        "#": 1,
                        "Ch": "KCCI",
                        "Day": "F",
                        "Air Date": "09/09/22",
                        "Air Time": "6:50 PM",
                        "Description": "CY/HAWK SHOWDOWN",
                        "Start/End Time": "CY/HAWK SHOWD",
                        "Length": ":30",
                        "Ad-ID": "HMP22IA03T01H",
                        "Rate": "$1,600.00",
                        "Type": "NM"
                    }
                ]
            },
            {
                "type": "table",
                "content": [
                    {
                        "Line": 22,
                        "Start Date": "09/10/22",
                        "End Date": "09/10/22",
                        "Description": "SAT News CH8 @ 6-630P",
                        "Start/End Time": "SAT 6-630P",
                        "MTWTFSS": "------S",
                        "Length": ":30",
                        "Spots/\\nWeek": 1,
                        "Rate": "$800.00",
                        "Type": "NM"
                    }
                ]
            },
            {
                "type": "table",
                "content": [
                    {
                        "Weeks": "missing",
                        "Start Date": "09/05/22",
                        "End Date": "09/11/22",
                        "MTWTFSS": "------S",
                        "Spots/\\nWeek": 1,
                        "Rate": "$800.00"
                    }
                ]
            },
            {
                "type": "table",
                "content": [
                    {
                        "Spots": "missing",
                        "#": 1,
                        "Ch": "KCCI",
                        "Day": "Sa",
                        "Air Date": "09/10/22",
                        "Air Time": "6:27 PM",
                        "Description": "SAT News CH8 @ 6-630P",
                        "Start/End Time": "SAT 6-630P",
                        "Length": ":30",
                        "Ad-ID": "HMP22IA03T01H",
                        "Rate": "$800.00",
                        "Type": "NM"
                    }
                ]
            },
            {
                "type": "table",
                "content": [
                    {
                        "Line": 23,
                        "Start Date": "09/11/22",
                        "End Date": "09/11/22",
                        "Description": "Sun CBS Prime C",
                        "Start/End Time": "8-9P",
                        "MTWTFSS": "------S",
                        "Length": ":30",
                        "Spots/\\nWeek": 1,
                        "Rate": "$900.00",
                        "Type": "NM"
                    }
                ]
            },
            {
                "type": "table",
                "content": [
                    {
                        "Weeks": "missing",
                        "Start Date": "09/05/22",
                        "End Date": "09/11/22",
                        "MTWTFSS": "------S",
                        "Spots/\\nWeek": 1,
                        "Rate": "$900.00"
                    }
                ]
            },
            {
                "type": "table",
                "content": [
                    {
                        "Spots": "missing",
                        "#": 1,
                        "Ch": "KCCI",
                        "Day": "Su",
                        "Air Date": "09/11/22",
                        "Air Time": "9:19 PM",
                        "Description": "Sun CBS Prime C",
                        "Start/End Time": "8-9P",
                        "Length": ":30",
                        "Ad-ID": "HMP22IA03T01H",
                        "Rate": "$900.00",
                        "Type": "NM"
                    }
                ]
            },
            {
                "type": "table",
                "content": [
                    {
                        "Line": 24,
                        "Start Date": "09/12/22",
                        "End Date": "09/12/22",
                        "Description": "Mon CBS Prime A",
                        "Start/End Time": "MON 7-8P",
                        "MTWTFSS": "M-------",
                        "Length": ":30",
                        "Spots/\\nWeek": 1,
                        "Rate": "$900.00",
                        "Type": "NM"
                    }
                ]
            },
            {
                "type": "table",
                "content": [
                    {
                        "Weeks": "missing",
                        "Start Date": "09/12/22",
                        "End Date": "09/18/22",
                        "MTWTFSS": "M-------",
                        "Spots/\\nWeek": 1,
                        "Rate": "$900.00"
                    }
                ]
            },
            {
                "type": "table",
                "content": [
                    {
                        "Spots": "missing",
                        "#": 1,
                        "Ch": "KCCI",
                        "Day": "M",
                        "Air Date": "09/12/22",
                        "Air Time": "7:49 PM",
                        "Description": "Mon CBS Prime A",
                        "Start/End Time": "MON 7-8P",
                        "Length": ":30",
                        "Ad-ID": "HMP22IA03T01H",
                        "Rate": "$900.00",
                        "Type": "NM"
                    }
                ]
            }
        ]
    }
]