[
    {
        "id": 1,
        "content": [
            {
                "type": "kv",
                "content": [
                    {
                        "Date": "07/31/2020"
                    },
                    {
                        "Page": "1"
                    },
                    {
                        "Chart": "01000186000250726250112021"
                    },
                    {
                        "Amount Total": "29.45"
                    },
                    {
                        "Chart": "01000226000297706260012021"
                    },
                    {
                        "Amount Total": "7.56"
                    },
                    {
                        "Chart": "01000511001131906260012021"
                    },
                    {
                        "Amount Total": "8.37"
                    },
                    {
                        "Chart": "01000512000003396260312021"
                    }
                ]
            },
            {
                "type": "table",
                "content": [
                    {
                        "BarCode": 201144,
                        "Gas": "Argon",
                        "Size": "K/UU",
                        "CO #": 439552,
                        "PO #CDLocation": "MUSEUM DOCK",
                        "Demurrage": 4.96,
                        "Delivery Code": "0872050030"
                    },
                    {
                        "BarCode": 202596,
                        "Gas": "Acetylene - B",
                        "Size": "missing",
                        "CO #": 478155,
                        "PO #CDLocation": "301 Wakara Way NHMU",
                        "Demurrage": 6.2,
                        "Delivery Code": "0872050030"
                    },
                    {
                        "BarCode": 202703,
                        "Gas": "25%Co2 75%Argon",
                        "Size": "missing",
                        "CO #": 435989,
                        "PO #CDLocation": "301 WAKARA",
                        "Demurrage": 4.96,
                        "Delivery Code": "0872050030"
                    },
                    {
                        "BarCode": 203348,
                        "Gas": "Acetylene - B",
                        "Size": "missing",
                        "CO #": 439552,
                        "PO #CDLocation": "MUSEUM DOCK",
                        "Demurrage": 4.96,
                        "Delivery Code": "0872050030"
                    },
                    {
                        "BarCode": 300004,
                        "Gas": "Acetylene - B",
                        "Size": "missing",
                        "CO #": 478155,
                        "PO #CDLocation": "301 Wakara Way NHMU",
                        "Demurrage": 8.37,
                        "Delivery Code": "0872050030"
                    },
                    {
                        "BarCode": 821379,
                        "Gas": "Nitrogen, UHP",
                        "Size": "200C/Mt.A",
                        "CO #": 482972,
                        "PO #CDLocation": "1483 MEB",
                        "Demurrage": 7.56,
                        "Delivery Code": "0051001100"
                    },
                    {
                        "BarCode": 817651,
                        "Gas": "Helium - 219 CF",
                        "Size": "200C/Mt.A",
                        "CO #": 466519,
                        "PO #CDLocation": "1820 Warnock Eng",
                        "Demurrage": 8.37,
                        "Delivery Code": "0062016500"
                    },
                    {
                        "BarCode": 201393,
                        "Gas": "Helium - UHP",
                        "Size": "K/UU",
                        "CO #": 420393,
                        "PO #CDLocation": "Nanofab East loading dock",
                        "Demurrage": 4.96,
                        "Delivery Code": "0062016500"
                    },
                    {
                        "BarCode": 202722,
                        "Gas": "Nitrogen, UHP",
                        "Size": "missing",
                        "CO #": 406982,
                        "PO #CDLocation": "EAST LOADING DOCK FOR NANOFAB",
                        "Demurrage": 4.96,
                        "Delivery Code": "0062016500"
                    },
                    {
                        "BarCode": 203030,
                        "Gas": "Nitrogen, UHP",
                        "Size": "missing",
                        "CO #": 359694,
                        "PO #CDLocation": "2500 SMBB",
                        "Demurrage": 4.96,
                        "Delivery Code": "0062016500"
                    },
                    {
                        "BarCode": 203218,
                        "Gas": "Helium - UHP",
                        "Size": "missing",
                        "CO #": 420393,
                        "PO #CDLocation": "Nanofab East loading dock",
                        "Demurrage": 4.32,
                        "Delivery Code": "0062016500"
                    },
                    {
                        "BarCode": 203340,
                        "Gas": "Air - 233 CF",
                        "Size": "missing",
                        "CO #": 412743,
                        "PO #CDLocation": "2500 SMBB",
                        "Demurrage": 4.96,
                        "Delivery Code": "0062016500"
                    },
                    {
                        "BarCode": 204637,
                        "Gas": "Helium - UHP",
                        "Size": "missing",
                        "CO #": 490127,
                        "PO #CDLocation": "2500 SMBB Nanofab East Loading Dock",
                        "Demurrage": 0.8,
                        "Delivery Code": "0151025000"
                    },
                    {
                        "BarCode": 205276,
                        "Gas": "Argon - UHP",
                        "Size": "missing",
                        "CO #": 450549,
                        "PO #CDLocation": "NANOFAB EAST LOADING DOCK",
                        "Demurrage": 4.96,
                        "Delivery Code": "0062016500"
                    },
                    {
                        "BarCode": 803894,
                        "Gas": "ISP Helium",
                        "Size": "missing",
                        "CO #": 361559,
                        "PO #CDLocation": "missing",
                        "Demurrage": 8.37,
                        "Delivery Code": "missing"
                    },
                    {
                        "BarCode": 805498,
                        "Gas": "Tetrafluorometh",
                        "Size": "missing",
                        "CO #": 276225,
                        "PO #CDLocation": "1280 MEB",
                        "Demurrage": 6.82,
                        "Delivery Code": "0062016500"
                    },
                    {
                        "BarCode": 806136,
                        "Gas": "Oxygen - Resear",
                        "Size": "missing",
                        "CO #": 300341,
                        "PO #CDLocation": "1280 MEB",
                        "Demurrage": 12.4,
                        "Delivery Code": "0062016500"
                    },
                    {
                        "BarCode": 806980,
                        "Gas": "14% R14 In O2",
                        "Size": "missing",
                        "CO #": 289897,
                        "PO #CDLocation": "1280 MEB",
                        "Demurrage": 6.82,
                        "Delivery Code": "0062016500"
                    },
                    {
                        "BarCode": 807498,
                        "Gas": "Oxygen - Resear",
                        "Size": "missing",
                        "CO #": 310665,
                        "PO #CDLocation": "1280 MEB",
                        "Demurrage": 6.82,
                        "Delivery Code": "0062016500"
                    },
                    {
                        "BarCode": 808022,
                        "Gas": "Trifluoromethane",
                        "Size": "missing",
                        "CO #": 328154,
                        "PO #CDLocation": "1280 MEB",
                        "Demurrage": 6.82,
                        "Delivery Code": "0062016500"
                    }
                ]
            }
        ]
    },
    {
        "id": 2,
        "content": [
            {
                "type": "kv",
                "content": [
                    {
                        "Date": "07/31/2020"
                    },
                    {
                        "Page": "2"
                    }
                ]
            },
            {
                "type": "table",
                "content": [
                    {
                        "BarCode": 809515,
                        "Gas": "10 He in N2",
                        "Size": "missing",
                        "CO #": 361559,
                        "PO #CDLocation": "missing",
                        "Demurrage": 8.37,
                        "Delivery Code": "missing"
                    },
                    {
                        "BarCode": 809516,
                        "Gas": "10 He in N2",
                        "Size": "missing",
                        "CO #": 361559,
                        "PO #CDLocation": "2500 SMBB",
                        "Demurrage": 6.82,
                        "Delivery Code": "0062016500"
                    },
                    {
                        "BarCode": 809517,
                        "Gas": "10 He in N2",
                        "Size": "missing",
                        "CO #": 361559,
                        "PO #CDLocation": "2500 SMBB",
                        "Demurrage": 6.82,
                        "Delivery Code": "0062016500"
                    },
                    {
                        "BarCode": 809521,
                        "Gas": "10 He in N2",
                        "Size": "missing",
                        "CO #": 359703,
                        "PO #CDLocation": "2500 SMBB",
                        "Demurrage": 6.82,
                        "Delivery Code": "0062016500"
                    },
                    {
                        "BarCode": 809859,
                        "Gas": "2.85% H2/Argon",
                        "Size": "missing",
                        "CO #": 373036,
                        "PO #CDLocation": "1280 MEB",
                        "Demurrage": 6.82,
                        "Delivery Code": "0064012800"
                    },
                    {
                        "BarCode": 810019,
                        "Gas": "BIP Nitrogen",
                        "Size": "missing",
                        "CO #": 375755,
                        "PO #CDLocation": "NANOFAB EAST LOADING DOCK",
                        "Demurrage": 5.94,
                        "Delivery Code": "0062016500"
                    },
                    {
                        "BarCode": 810114,
                        "Gas": "Ammonia Elect",
                        "Size": "missing",
                        "CO #": 359145,
                        "PO #CDLocation": "2500 SMBB",
                        "Demurrage": 27.59,
                        "Delivery Code": "0062016500"
                    },
                    {
                        "BarCode": 810126,
                        "Gas": "EXOATLKEN-C",
                        "Size": "missing",
                        "CO #": 384434,
                        "PO #CDLocation": "missing",
                        "Demurrage": 15.19,
                        "Delivery Code": "0151025000"
                    },
                    {
                        "BarCode": 810523,
                        "Gas": "10 He in N2",
                        "Size": "missing",
                        "CO #": 390109,
                        "PO #CDLocation": "BLDG 151 DOCK",
                        "Demurrage": 6.82,
                        "Delivery Code": "0151025000"
                    },
                    {
                        "BarCode": 810524,
                        "Gas": "10 He in N2",
                        "Size": "missing",
                        "CO #": 390109,
                        "PO #CDLocation": "BLDG 151 DOCK",
                        "Demurrage": 6.82,
                        "Delivery Code": "0151025000"
                    },
                    {
                        "BarCode": 810739,
                        "Gas": "10 He in N2",
                        "Size": "missing",
                        "CO #": 391599,
                        "PO #CDLocation": "2500 SMBB",
                        "Demurrage": 6.82,
                        "Delivery Code": "0151025000"
                    },
                    {
                        "BarCode": 810740,
                        "Gas": "10 He in N2",
                        "Size": "missing",
                        "CO #": 391599,
                        "PO #CDLocation": "2500 SMBB",
                        "Demurrage": 6.82,
                        "Delivery Code": "0151025000"
                    },
                    {
                        "BarCode": 810842,
                        "Gas": "10 He in N2",
                        "Size": "missing",
                        "CO #": 394489,
                        "PO #CDLocation": "2500 SMBB",
                        "Demurrage": 6.82,
                        "Delivery Code": "0151025000"
                    },
                    {
                        "BarCode": 810844,
                        "Gas": "10 He in N2",
                        "Size": "missing",
                        "CO #": 394489,
                        "PO #CDLocation": "2500 SMBB",
                        "Demurrage": 6.82,
                        "Delivery Code": "0151025000"
                    },
                    {
                        "BarCode": 810862,
                        "Gas": "Ammonia Elect",
                        "Size": "missing",
                        "CO #": 403415,
                        "PO #CDLocation": "2500 SMBB",
                        "Demurrage": 17.05,
                        "Delivery Code": "0151025000"
                    },
                    {
                        "BarCode": 810864,
                        "Gas": "Dichlorosilane",
                        "Size": "missing",
                        "CO #": 406266,
                        "PO #CDLocation": "2500 SMBB",
                        "Demurrage": 27.59,
                        "Delivery Code": "0151025000"
                    },
                    {
                        "BarCode": 811054,
                        "Gas": "Res. Nitrogen",
                        "Size": "missing",
                        "CO #": 401849,
                        "PO #CDLocation": "EAST LOADING DOCK",
                        "Demurrage": 6.82,
                        "Delivery Code": "0151025000"
                    },
                    {
                        "BarCode": 811164,
                        "Gas": "2.85% H2/Argon",
                        "Size": "missing",
                        "CO #": 402031,
                        "PO #CDLocation": "NANOFAB LADING DOCK SMBB",
                        "Demurrage": 6.82,
                        "Delivery Code": "0151025000"
                    },
                    {
                        "BarCode": 813311,
                        "Gas": "Silane",
                        "Size": "missing",
                        "CO #": 424695,
                        "PO #CDLocation": "2500 SMBB - CLEAN ROOM",
                        "Demurrage": 79.05,
                        "Delivery Code": "0151025000"
                    },
                    {
                        "BarCode": 813435,
                        "Gas": "10 He in N2",
                        "Size": "missing",
                        "CO #": 427208,
                        "PO #CDLocation": "NANOFAB EAST LAB LOADING DOCK",
                        "Demurrage": 7.13,
                        "Delivery Code": "0151025000"
                    },
                    {
                        "BarCode": 813564,
                        "Gas": "Silane",
                        "Size": "missing",
                        "CO #": 427615,
                        "PO #CDLocation": "2500 SMBB - CLEAN ROOM",
                        "Demurrage": 34.1,
                        "Delivery Code": "0151025000"
                    },
                    {
                        "BarCode": 813565,
                        "Gas": "6% Ph3 iin Sih4",
                        "Size": "missing",
                        "CO #": 427615,
                        "PO #CDLocation": "2500 SMBB - CLEAN ROOM",
                        "Demurrage": 34.1,
                        "Delivery Code": "0151025000"
                    },
                    {
                        "BarCode": 814574,
                        "Gas": "Dichlorosilane",
                        "Size": "missing",
                        "CO #": 431156,
                        "PO #CDLocation": "2500 SMBB",
                        "Demurrage": 34.1,
                        "Delivery Code": "0151025000"
                    },
                    {
                        "BarCode": 817126,
                        "Gas": "EXOATLKEN-C",
                        "Size": "missing",
                        "CO #": 455124,
                        "PO #CDLocation": "NANOFAB DOCK SMBB",
                        "Demurrage": 21.7,
                        "Delivery Code": "0151025000"
                    },
                    {
                        "BarCode": 817966,
                        "Gas": "P2H4/Silane",
                        "Size": "missing",
                        "CO #": 455975,
                        "PO #CDLocation": "FAB LAB SMBB",
                        "Demurrage": 8.99,
                        "Delivery Code": "0151025000"
                    },
                    {
                        "BarCode": 818023,
                        "Gas": "Oxygen - UHP",
                        "Size": "missing",
                        "CO #": 462437,
                        "PO #CDLocation": "NANOFAB EAST LOADINGDOCK",
                        "Demurrage": 8.37,
                        "Delivery Code": "0062016500"
                    },
                    {
                        "BarCode": 818356,
                        "Gas": "40ppm SiH2/Ar",
                        "Size": "missing",
                        "CO #": 461383,
                        "PO #CDLocation": "DOCK SMBB",
                        "Demurrage": 38.75,
                        "Delivery Code": "0064012800"
                    },
                    {
                        "BarCode": 818491,
                        "Gas": "Sulfer Hexafluo",
                        "Size": "missing",
                        "CO #": 464667,
                        "PO #CDLocation": "FAB LAB SMBB",
                        "Demurrage": 8.37,
                        "Delivery Code": "0151025000"
                    }
                ]
            }
        ]
    },
    {
        "id": 3,
        "content": [
            {
                "type": "kv",
                "content": [
                    {
                        "Date": "07/31/2020"
                    },
                    {
                        "Page": "3"
                    },
                    {
                        "Amount Total": "789.47"
                    },
                    {
                        "Chart": "01000512000003396260412021"
                    }
                ]
            },
            {
                "type": "table",
                "content": [
                    {
                        "BarCode": 818691,
                        "Gas": "C4F8",
                        "Size": "missing",
                        "CO #": 464666,
                        "PO #CDLocation": "FAB LAB SMBB",
                        "Demurrage": 8.37,
                        "Delivery Code": 151025000
                    },
                    {
                        "BarCode": 819030,
                        "Gas": "Oxygen, UHP,",
                        "Size": "missing",
                        "CO #": 469712,
                        "PO #CDLocation": "36 South Wasatch Dr Nanofab East Loading D",
                        "Demurrage": 8.37,
                        "Delivery Code": 62016500
                    },
                    {
                        "BarCode": 819031,
                        "Gas": "Oxygen, UHP,",
                        "Size": "missing",
                        "CO #": 469712,
                        "PO #CDLocation": "36 South Wasatch Dr Nanofab East Loading D",
                        "Demurrage": 8.37,
                        "Delivery Code": 62016500
                    },
                    {
                        "BarCode": 819032,
                        "Gas": "Oxygen, UHP,",
                        "Size": "missing",
                        "CO #": 469712,
                        "PO #CDLocation": "36 South Wasatch Dr Nanofab East Loading D",
                        "Demurrage": 8.37,
                        "Delivery Code": 62016500
                    },
                    {
                        "BarCode": 819033,
                        "Gas": "Oxygen, UHP,",
                        "Size": "missing",
                        "CO #": 469712,
                        "PO #CDLocation": "36 South Wasatch Dr Nanofab East Loading D",
                        "Demurrage": 8.37,
                        "Delivery Code": 62016500
                    },
                    {
                        "BarCode": 819245,
                        "Gas": "Chlorine Elect",
                        "Size": "missing",
                        "CO #": 468246,
                        "PO #CDLocation": "EAST LOADING DOCK SMBB",
                        "Demurrage": 38.75,
                        "Delivery Code": 151025000
                    },
                    {
                        "BarCode": 819315,
                        "Gas": "BCL3",
                        "Size": "missing",
                        "CO #": 470553,
                        "PO #CDLocation": "EAST LOADING DOCK SMBB",
                        "Demurrage": 8.37,
                        "Delivery Code": 151025000
                    },
                    {
                        "BarCode": 819922,
                        "Gas": "ISP Helium",
                        "Size": "missing",
                        "CO #": 475237,
                        "PO #CDLocation": "NANOFAB EAST LOADING DOCK",
                        "Demurrage": 8.37,
                        "Delivery Code": 151025000
                    },
                    {
                        "BarCode": 820665,
                        "Gas": "H2 SULFIDE",
                        "Size": "missing",
                        "CO #": 478686,
                        "PO #CDLocation": "2500 SMBB",
                        "Demurrage": 38.75,
                        "Delivery Code": 151025000
                    },
                    {
                        "BarCode": 820778,
                        "Gas": "Oxygen, UHP,",
                        "Size": "missing",
                        "CO #": 480988,
                        "PO #CDLocation": "2500 SMBB Nanofab East Loading Dock",
                        "Demurrage": 8.37,
                        "Delivery Code": 151025000
                    },
                    {
                        "BarCode": 820779,
                        "Gas": "Oxygen, UHP,",
                        "Size": "missing",
                        "CO #": 480988,
                        "PO #CDLocation": "2500 SMBB Nanofab East Loading Dock",
                        "Demurrage": 8.37,
                        "Delivery Code": 151025000
                    },
                    {
                        "BarCode": 820780,
                        "Gas": "Oxygen, UHP,",
                        "Size": "missing",
                        "CO #": 480988,
                        "PO #CDLocation": "2500 SMBB Nanofab East Loading Dock",
                        "Demurrage": 8.37,
                        "Delivery Code": 151025000
                    },
                    {
                        "BarCode": 821178,
                        "Gas": "Oxygen, UHP,",
                        "Size": "missing",
                        "CO #": 481192,
                        "PO #CDLocation": "2500 SMBB Nanofab East Loading Dock",
                        "Demurrage": 8.37,
                        "Delivery Code": 151025000
                    },
                    {
                        "BarCode": 821179,
                        "Gas": "Oxygen, UHP,",
                        "Size": "missing",
                        "CO #": 488734,
                        "PO #CDLocation": "2500 SMBB",
                        "Demurrage": 8.37,
                        "Delivery Code": 151025000
                    },
                    {
                        "BarCode": 821371,
                        "Gas": "BIP Argon",
                        "Size": "missing",
                        "CO #": 482484,
                        "PO #CDLocation": "2500 SMBB Nanofab east loading dock",
                        "Demurrage": 7.29,
                        "Delivery Code": 151025000
                    },
                    {
                        "BarCode": 821748,
                        "Gas": "BIP Argon",
                        "Size": "missing",
                        "CO #": 485661,
                        "PO #CDLocation": "2500 SMBB Nanofab East Loading Dock",
                        "Demurrage": 8.37,
                        "Delivery Code": 151025000
                    },
                    {
                        "BarCode": 821749,
                        "Gas": "BIP Argon",
                        "Size": "missing",
                        "CO #": 485661,
                        "PO #CDLocation": "2500 SMBB Nanofab East Loading Dock",
                        "Demurrage": 8.37,
                        "Delivery Code": 151025000
                    },
                    {
                        "BarCode": 821750,
                        "Gas": "BIP Argon",
                        "Size": "missing",
                        "CO #": 485661,
                        "PO #CDLocation": "2500 SMBB Nanofab East Loading Dock",
                        "Demurrage": 7.29,
                        "Delivery Code": 151025000
                    },
                    {
                        "BarCode": 821751,
                        "Gas": "BIP Argon",
                        "Size": "missing",
                        "CO #": 488734,
                        "PO #CDLocation": "2500 SMBB",
                        "Demurrage": 8.37,
                        "Delivery Code": 151025000
                    },
                    {
                        "BarCode": 821873,
                        "Gas": "Argon - UHP",
                        "Size": "missing",
                        "CO #": 488734,
                        "PO #CDLocation": "2500 SMBB",
                        "Demurrage": 8.37,
                        "Delivery Code": 151025000
                    },
                    {
                        "BarCode": 821875,
                        "Gas": "BIP Argon",
                        "Size": "missing",
                        "CO #": 488734,
                        "PO #CDLocation": "2500 SMBB",
                        "Demurrage": 8.37,
                        "Delivery Code": 151025000
                    },
                    {
                        "BarCode": 821876,
                        "Gas": "BIP Argon",
                        "Size": "missing",
                        "CO #": 488734,
                        "PO #CDLocation": "2500 SMBB",
                        "Demurrage": 8.37,
                        "Delivery Code": 151025000
                    },
                    {
                        "BarCode": 821998,
                        "Gas": "BIP Argon",
                        "Size": "missing",
                        "CO #": 488816,
                        "PO #CDLocation": "2500 SMBB",
                        "Demurrage": 8.37,
                        "Delivery Code": 151025000
                    },
                    {
                        "BarCode": 822075,
                        "Gas": "BIP Argon",
                        "Size": "missing",
                        "CO #": 490127,
                        "PO #CDLocation": "2500 SMBB Nanofab East Loading Dock",
                        "Demurrage": 1.08,
                        "Delivery Code": 151025000
                    },
                    {
                        "BarCode": 822076,
                        "Gas": "BIP Argon",
                        "Size": "missing",
                        "CO #": 490127,
                        "PO #CDLocation": "2500 SMBB Nanofab East Loading Dock",
                        "Demurrage": 1.08,
                        "Delivery Code": 151025000
                    }
                ]
            }
        ]
    },
    {
        "id": 4,
        "content": [
            {
                "type": "kv",
                "content": [
                    {
                        "Date": "07/31/2020"
                    },
                    {
                        "Page": "4"
                    },
                    {
                        "Amount Total": "109.20"
                    },
                    {
                        "Chart": "01000512000003396530012021"
                    },
                    {
                        "Amount Total": "16.43"
                    },
                    {
                        "Chart": "01000512000172526260312021"
                    },
                    {
                        "Amount Total": "44.02"
                    },
                    {
                        "Chart": "01000531001054196260112021"
                    },
                    {
                        "Amount Total": "26.66"
                    },
                    {
                        "Chart": "01000532500060516260012021"
                    }
                ]
            },
            {
                "type": "table",
                "content": [
                    {
                        "BarCode": 203622,
                        "Gas": "N2, Liquid, 265",
                        "Size": "265 LTR/U",
                        "CO #": 488863,
                        "PO #CDLocation": "2500 SMBB",
                        "Demurrage": 79.17,
                        "Delivery Code": 151025000
                    },
                    {
                        "BarCode": 203673,
                        "Gas": "N2, Liquid, 265",
                        "Size": "missing",
                        "CO #": 489841,
                        "PO #CDLocation": "2500 SMBB Nanofab Loading Dock",
                        "Demurrage": 24.57,
                        "Delivery Code": 151025000
                    },
                    {
                        "BarCode": 203675,
                        "Gas": "N2, Liquid, 265",
                        "Size": "missing",
                        "CO #": 487513,
                        "PO #CDLocation": "2500 SMBB Nanofab East Loading Dock",
                        "Demurrage": 5.46,
                        "Delivery Code": 62016500
                    },
                    {
                        "BarCode": 808305,
                        "Gas": "N2O-Electronic",
                        "Size": "Lgw/disPr",
                        "CO #": 336838,
                        "PO #CDLocation": "1280 MEB",
                        "Demurrage": 16.43,
                        "Delivery Code": 62016500
                    },
                    {
                        "BarCode": 804276,
                        "Gas": "Helium. UHP",
                        "Size": "200C/Mt.A",
                        "CO #": 242085,
                        "PO #CDLocation": "1280 MEB",
                        "Demurrage": 6.82,
                        "Delivery Code": 372002140
                    },
                    {
                        "BarCode": 804418,
                        "Gas": "Argon - UHP",
                        "Size": "missing",
                        "CO #": 245179,
                        "PO #CDLocation": "1280 MEB",
                        "Demurrage": 6.82,
                        "Delivery Code": 372002140
                    },
                    {
                        "BarCode": 812567,
                        "Gas": "Argon - UHP",
                        "Size": "missing",
                        "CO #": 420365,
                        "PO #CDLocation": "2500 SMBB",
                        "Demurrage": 7.13,
                        "Delivery Code": 151025000
                    },
                    {
                        "BarCode": 813349,
                        "Gas": "20% O2 in N2",
                        "Size": "missing",
                        "CO #": 425633,
                        "PO #CDLocation": "2500 SMBB",
                        "Demurrage": 7.44,
                        "Delivery Code": 151025000
                    },
                    {
                        "BarCode": 813350,
                        "Gas": "5% H2 in Argon",
                        "Size": "missing",
                        "CO #": 426576,
                        "PO #CDLocation": "2500 SMBB",
                        "Demurrage": 7.44,
                        "Delivery Code": 151025000
                    },
                    {
                        "BarCode": 821874,
                        "Gas": "Argon - UHP",
                        "Size": "missing",
                        "CO #": 487281,
                        "PO #CDLocation": "2500 SMBB",
                        "Demurrage": 8.37,
                        "Delivery Code": 151025000
                    },
                    {
                        "BarCode": 200806,
                        "Gas": "Argon",
                        "Size": "K/UU",
                        "CO #": 404622,
                        "PO #CDLocation": "2565 MEB",
                        "Demurrage": 4.96,
                        "Delivery Code": 570005060
                    },
                    {
                        "BarCode": 201148,
                        "Gas": "Argon",
                        "Size": "missing",
                        "CO #": 336467,
                        "PO #CDLocation": "2565 MEB",
                        "Demurrage": 4.96,
                        "Delivery Code": 62027500
                    },
                    {
                        "BarCode": 203176,
                        "Gas": "Acetylene - MC",
                        "Size": "missing",
                        "CO #": 297857,
                        "PO #CDLocation": "2405 MEB",
                        "Demurrage": 4.96,
                        "Delivery Code": 570001080
                    },
                    {
                        "BarCode": 203595,
                        "Gas": "Oxygen - 20 CF",
                        "Size": "missing",
                        "CO #": 298452,
                        "PO #CDLocation": "2405 MEB",
                        "Demurrage": 4.96,
                        "Delivery Code": 570001080
                    },
                    {
                        "BarCode": 808373,
                        "Gas": "Nitrogen 40 CF",
                        "Size": "missing",
                        "CO #": 336467,
                        "PO #CDLocation": "2565 MEB",
                        "Demurrage": 6.82,
                        "Delivery Code": 62027500
                    },
                    {
                        "BarCode": 115344,
                        "Gas": "Oxygen, USP",
                        "Size": "200C/Mt.A",
                        "CO #": 89952,
                        "PO #CDLocation": "1571 MEB",
                        "Demurrage": 6.82,
                        "Delivery Code": 64024800
                    },
                    {
                        "BarCode": 115347,
                        "Gas": "Oxygen, USP",
                        "Size": "missing",
                        "CO #": 89952,
                        "PO #CDLocation": "1571 MEB",
                        "Demurrage": 6.82,
                        "Delivery Code": 64024800
                    },
                    {
                        "BarCode": 115348,
                        "Gas": "Oxygen, USP",
                        "Size": "missing",
                        "CO #": 89952,
                        "PO #CDLocation": "1571 MEB",
                        "Demurrage": 6.82,
                        "Delivery Code": 64024800
                    }
                ]
            }
        ]
    },
    {
        "id": 5,
        "content": [
            {
                "type": "kv",
                "content": [
                    {
                        "Date": "07/31/2020"
                    },
                    {
                        "Page": "5"
                    },
                    {
                        "Amount Total": "20.46"
                    },
                    {
                        "Chart": "01000532500194566260012021"
                    },
                    {
                        "Amount Total": "7.13"
                    },
                    {
                        "Chart": "01000532500194596260012021"
                    },
                    {
                        "Amount Total": "4.96"
                    },
                    {
                        "Chart": "01000532500263166260012021"
                    },
                    {
                        "Amount Total": "46.50"
                    },
                    {
                        "Chart": "01000532500265076260012021"
                    },
                    {
                        "Amount Total": "51.77"
                    }
                ]
            },
            {
                "type": "table",
                "content": [
                    {
                        "BarCode": 814012,
                        "Gas": "Nitrogen, UHP",
                        "Size": "200C/Mt.A",
                        "CO #": 432239,
                        "PO #CDLocation": "540 BPRB",
                        "Demurrage": 7.13,
                        "Delivery Code": 151031000
                    },
                    {
                        "BarCode": 201136,
                        "Gas": "Oxygen, USP",
                        "Size": "K/UU",
                        "CO #": 450403,
                        "PO #CDLocation": "4800J SMBB",
                        "Demurrage": 4.96,
                        "Delivery Code": 151031000
                    },
                    {
                        "BarCode": 200274,
                        "Gas": "CO2 - 50 Lb.",
                        "Size": "K/UU",
                        "CO #": 488008,
                        "PO #CDLocation": "5371 SMBB",
                        "Demurrage": 6.2,
                        "Delivery Code": 151031000
                    },
                    {
                        "BarCode": 200941,
                        "Gas": "Hydrogen",
                        "Size": "missing",
                        "CO #": 434273,
                        "PO #CDLocation": "OPEN LAB AREA OUTSIDE ROOM 5371 SMBB",
                        "Demurrage": 4.96,
                        "Delivery Code": 151031000
                    },
                    {
                        "BarCode": 201147,
                        "Gas": "Argon",
                        "Size": "missing",
                        "CO #": 478466,
                        "PO #CDLocation": "5371 SMBB",
                        "Demurrage": 6.2,
                        "Delivery Code": 151031000
                    },
                    {
                        "BarCode": 202622,
                        "Gas": "Argon",
                        "Size": "missing",
                        "CO #": 478466,
                        "PO #CDLocation": "5371 SMBB",
                        "Demurrage": 6.2,
                        "Delivery Code": 151031000
                    },
                    {
                        "BarCode": 205371,
                        "Gas": "CO2 - 50 Lb.",
                        "Size": "missing",
                        "CO #": 480065,
                        "PO #CDLocation": "5371 SMBB",
                        "Demurrage": 6.2,
                        "Delivery Code": 151031000
                    },
                    {
                        "BarCode": 820677,
                        "Gas": "5%H2 in N2",
                        "Size": "missing",
                        "CO #": 488268,
                        "PO #CDLocation": "5371 SMBB",
                        "Demurrage": 8.37,
                        "Delivery Code": 151031000
                    },
                    {
                        "BarCode": 821988,
                        "Gas": "5%H2 in N2",
                        "Size": "missing",
                        "CO #": 488409,
                        "PO #CDLocation": "5371 SMBB",
                        "Demurrage": 8.37,
                        "Delivery Code": 151031000
                    },
                    {
                        "BarCode": 200005,
                        "Gas": "95% O2, 5% CO2",
                        "Size": "K/UU",
                        "CO #": 485136,
                        "PO #CDLocation": "4800 SMBB",
                        "Demurrage": 6.2,
                        "Delivery Code": 151031000
                    },
                    {
                        "BarCode": 200683,
                        "Gas": "95% O2, 5% CO2",
                        "Size": "missing",
                        "CO #": 483680,
                        "PO #CDLocation": "4800 SMBB",
                        "Demurrage": 6.2,
                        "Delivery Code": 151031000
                    },
                    {
                        "BarCode": 202038,
                        "Gas": "95% O2, 5% CO2",
                        "Size": "missing",
                        "CO #": 485136,
                        "PO #CDLocation": "4800 SMBB",
                        "Demurrage": 6.2,
                        "Delivery Code": 151031000
                    },
                    {
                        "BarCode": 202258,
                        "Gas": "95% O2, 5% CO2",
                        "Size": "missing",
                        "CO #": 483680,
                        "PO #CDLocation": "4800 SMBB",
                        "Demurrage": 6.2,
                        "Delivery Code": 151031000
                    },
                    {
                        "BarCode": 205567,
                        "Gas": "CO2 - 50 Lb.",
                        "Size": "missing",
                        "CO #": 467405,
                        "PO #CDLocation": "4800 SMBB Atten: Jan Kubanek",
                        "Demurrage": 6.2,
                        "Delivery Code": 151031000
                    },
                    {
                        "BarCode": 205579,
                        "Gas": "95% O2, 5% CO2",
                        "Size": "missing",
                        "CO #": 484516,
                        "PO #CDLocation": "4800 SMBB",
                        "Demurrage": 6.2,
                        "Delivery Code": 151031000
                    },
                    {
                        "BarCode": 205581,
                        "Gas": "95% O2, 5% CO2",
                        "Size": "missing",
                        "CO #": 484516,
                        "PO #CDLocation": "4800 SMBB",
                        "Demurrage": 6.2,
                        "Delivery Code": 151031000
                    },
                    {
                        "BarCode": 821579,
                        "Gas": "CO2 - 50 Lb.",
                        "Size": "missing",
                        "CO #": 484207,
                        "PO #CDLocation": "4800 SMBB",
                        "Demurrage": 8.37,
                        "Delivery Code": 151031000
                    }
                ]
            }
        ]
    }
]