[
    {
        "id": 1,
        "content": [
            {
                "type": "kv",
                "content": [
                    {
                        "Order #202078": "Mentzer Me../POL/60 Plu../8/29-9/4 6../378"
                    },
                    {
                        "Line#": "1"
                    },
                    {
                        "Spot Status": "Placed"
                    },
                    {
                        "Line#": "2"
                    },
                    {
                        "Spot Status": "Placed"
                    },
                    {
                        "Line#": "3"
                    },
                    {
                        "Spot Status": "Placed"
                    },
                    {
                        "Line#": "4"
                    },
                    {
                        "Spot Status": "Placed"
                    },
                    {
                        "Line#": "5"
                    },
                    {
                        "Spot Status": "Placed"
                    },
                    {
                        "Line#": "6"
                    },
                    {
                        "Spot Status": "Placed"
                    }
                ]
            },
            {
                "type": "table",
                "content": [
                    {
                        "Spot State": "missing",
                        "Channel": "WAVY",
                        "Day": "W",
                        "Weekdays": "--WThF----",
                        "Air Date": "08/29/12",
                        "Order Inventory Desc": "Today Show M-F",
                        "Times": "7a-9a",
                        "Air Time": "8:42 AM",
                        "Ad-ID": "SPA12TV12H",
                        "Length": ":30",
                        "Priority": "P1",
                        "State Reaso": "missing",
                        "Makegood": "missing",
                        "Internal Rate 1": "$2,000.00",
                        "Invoiced?": "No",
                        "Spot #": "1"
                    },
                    {
                        "Spot State": "missing",
                        "Channel": "WAVY",
                        "Day": "Th",
                        "Weekdays": "--WThF----",
                        "Air Date": "08/30/12",
                        "Order Inventory Desc": "Today Show M-F",
                        "Times": "7a-9a",
                        "Air Time": "8:44 AM",
                        "Ad-ID": "SPA12TV12H",
                        "Length": ":30",
                        "Priority": "P1",
                        "State Reaso": "missing",
                        "Makegood": "missing",
                        "Internal Rate 1": "$2,000.00",
                        "Invoiced?": "No",
                        "Spot #": "2"
                    },
                    {
                        "Spot State": "missing",
                        "Channel": "missing",
                        "Day": "missing",
                        "Weekdays": "missing",
                        "Air Date": "missing",
                        "Order Inventory Desc": "missing",
                        "Times": "missing",
                        "Air Time": "missing",
                        "Ad-ID": "missing",
                        "Length": "missing",
                        "Priority": "missing",
                        "State Reaso": "missing",
                        "Makegood": "missing",
                        "Internal Rate 1": "$4,000.00",
                        "Invoiced?": "missing",
                        "Spot #": "2"
                    },
                    {
                        "Spot State": "missing",
                        "Channel": "missing",
                        "Day": "missing",
                        "Weekdays": "missing",
                        "Air Date": "missing",
                        "Order Inventory Desc": "missing",
                        "Times": "missing",
                        "Air Time": "missing",
                        "Ad-ID": "missing",
                        "Length": "missing",
                        "Priority": "missing",
                        "State Reaso": "missing",
                        "Makegood": "missing",
                        "Internal Rate 1": "$4,000.00",
                        "Invoiced?": "missing",
                        "Spot #": "2"
                    },
                    {
                        "Spot State": "missing",
                        "Channel": "WAVY",
                        "Day": "W",
                        "Weekdays": "--WThF----",
                        "Air Date": "08/29/12",
                        "Order Inventory Desc": "Hampton Roads Show",
                        "Times": "11a-12p",
                        "Air Time": "1:29 AM",
                        "Ad-ID": "SPA12TV12H",
                        "Length": ":30",
                        "Priority": "P2",
                        "State Reaso": "missing",
                        "Makegood": "missing",
                        "Internal Rate 1": "$200.00",
                        "Invoiced?": "No",
                        "Spot #": "1"
                    },
                    {
                        "Spot State": "missing",
                        "Channel": "WAVY",
                        "Day": "W",
                        "Weekdays": "--WThF----",
                        "Air Date": "08/29/12",
                        "Order Inventory Desc": "Hampton Roads Show",
                        "Times": "11a-12p",
                        "Air Time": "1:56 AM",
                        "Ad-ID": "SPA12TV12H",
                        "Length": ":30",
                        "Priority": "P2",
                        "State Reaso": "missing",
                        "Makegood": "missing",
                        "Internal Rate 1": "$200.00",
                        "Invoiced?": "No",
                        "Spot #": "5"
                    },
                    {
                        "Spot State": "missing",
                        "Channel": "WAVY",
                        "Day": "Th",
                        "Weekdays": "--WThF----",
                        "Air Date": "08/30/12",
                        "Order Inventory Desc": "Hampton Roads Show",
                        "Times": "11a-12p",
                        "Air Time": "1:59 AM",
                        "Ad-ID": "SPA12TV12H",
                        "Length": ":30",
                        "Priority": "P2",
                        "State Reaso": "missing",
                        "Makegood": "missing",
                        "Internal Rate 1": "$200.00",
                        "Invoiced?": "No",
                        "Spot #": "2"
                    },
                    {
                        "Spot State": "missing",
                        "Channel": "WAVY",
                        "Day": "F",
                        "Weekdays": "--WThF----",
                        "Air Date": "08/31/12",
                        "Order Inventory Desc": "Hampton Roads Show",
                        "Times": "11a-12p",
                        "Air Time": "1:13 AM",
                        "Ad-ID": "SPA12TV12H",
                        "Length": ":30",
                        "Priority": "P2",
                        "State Reaso": "missing",
                        "Makegood": "missing",
                        "Internal Rate 1": "$200.00",
                        "Invoiced?": "No",
                        "Spot #": "6"
                    },
                    {
                        "Spot State": "missing",
                        "Channel": "WAVY",
                        "Day": "F",
                        "Weekdays": "--WThF----",
                        "Air Date": "08/31/12",
                        "Order Inventory Desc": "Hampton Roads Show",
                        "Times": "11a-12p",
                        "Air Time": "1:53 AM",
                        "Ad-ID": "SPA12TV12H",
                        "Length": ":30",
                        "Priority": "P2",
                        "State Reaso": "missing",
                        "Makegood": "missing",
                        "Internal Rate 1": "$200.00",
                        "Invoiced?": "No",
                        "Spot #": "3"
                    },
                    {
                        "Spot State": "missing",
                        "Channel": "WAVY",
                        "Day": "F",
                        "Weekdays": "--WThF----",
                        "Air Date": "08/31/12",
                        "Order Inventory Desc": "Hampton Roads Show",
                        "Times": "11a-12p",
                        "Air Time": "1:29 AM",
                        "Ad-ID": "SPA12TV12H",
                        "Length": ":30",
                        "Priority": "P2",
                        "State Reaso": "missing",
                        "Makegood": "$200.00",
                        "Internal Rate 1": "No",
                        "Invoiced?": "4",
                        "Spot #": NaN
                    },
                    {
                        "Spot State": "missing",
                        "Channel": "missing",
                        "Day": "missing",
                        "Weekdays": "missing",
                        "Air Date": "missing",
                        "Order Inventory Desc": "missing",
                        "Times": "missing",
                        "Air Time": "missing",
                        "Ad-ID": "missing",
                        "Length": "missing",
                        "Priority": "missing",
                        "State Reaso": "missing",
                        "Makegood": "missing",
                        "Internal Rate 1": "$1,200.00",
                        "Invoiced?": "missing",
                        "Spot #": "6"
                    },
                    {
                        "Spot State": "missing",
                        "Channel": "missing",
                        "Day": "missing",
                        "Weekdays": "missing",
                        "Air Date": "missing",
                        "Order Inventory Desc": "missing",
                        "Times": "missing",
                        "Air Time": "missing",
                        "Ad-ID": "missing",
                        "Length": "missing",
                        "Priority": "missing",
                        "State Reaso": "missing",
                        "Makegood": "missing",
                        "Internal Rate 1": "$1,200.00",
                        "Invoiced?": "missing",
                        "Spot #": "6"
                    },
                    {
                        "Spot State": "missing",
                        "Channel": "WAVY",
                        "Day": "W",
                        "Weekdays": "--WThF----",
                        "Air Date": "08/29/12",
                        "Order Inventory Desc": "News 10 @ Noon",
                        "Times": "12p-1p",
                        "Air Time": "2:42 PM",
                        "Ad-ID": "SPA12TV12H",
                        "Length": ":30",
                        "Priority": "P1",
                        "State Reaso": "missing",
                        "Makegood": "No",
                        "Internal Rate 1": "$300.00",
                        "Invoiced?": "No",
                        "Spot #": "5"
                    },
                    {
                        "Spot State": "missing",
                        "Channel": "WAVY",
                        "Day": "W",
                        "Weekdays": "--WThF----",
                        "Air Date": "08/29/12",
                        "Order Inventory Desc": "News 10 @ Noon",
                        "Times": "12p-1p",
                        "Air Time": "2:10 PM",
                        "Ad-ID": "SPA12TV12H",
                        "Length": ":30",
                        "Priority": "P1",
                        "State Reaso": "missing",
                        "Makegood": "No",
                        "Internal Rate 1": "$300.00",
                        "Invoiced?": "No",
                        "Spot #": "1"
                    },
                    {
                        "Spot State": "missing",
                        "Channel": "WAVY",
                        "Day": "Th",
                        "Weekdays": "--WThF----",
                        "Air Date": "08/30/12",
                        "Order Inventory Desc": "News 10 @ Noon",
                        "Times": "12p-1p",
                        "Air Time": "2:25 PM",
                        "Ad-ID": "SPA12TV12H",
                        "Length": ":30",
                        "Priority": "P1",
                        "State Reaso": "missing",
                        "Makegood": "No",
                        "Internal Rate 1": "$300.00",
                        "Invoiced?": "No",
                        "Spot #": "2"
                    },
                    {
                        "Spot State": "missing",
                        "Channel": "WAVY",
                        "Day": "Th",
                        "Weekdays": "--WThF----",
                        "Air Date": "08/30/12",
                        "Order Inventory Desc": "News 10 @ Noon",
                        "Times": "12p-1p",
                        "Air Time": "2:53 PM",
                        "Ad-ID": "SPA12TV12H",
                        "Length": ":30",
                        "Priority": "P1",
                        "State Reaso": "missing",
                        "Makegood": "No",
                        "Internal Rate 1": "$300.00",
                        "Invoiced?": "No",
                        "Spot #": "4"
                    },
                    {
                        "Spot State": "missing",
                        "Channel": "WAVY",
                        "Day": "F",
                        "Weekdays": "--WThF----",
                        "Air Date": "08/31/12",
                        "Order Inventory Desc": "News 10 @ Noon",
                        "Times": "12p-1p",
                        "Air Time": "2:11 PM",
                        "Ad-ID": "SPA12TV12H",
                        "Length": ":30",
                        "Priority": "P1",
                        "State Reaso": "missing",
                        "Makegood": "No",
                        "Internal Rate 1": "$300.00",
                        "Invoiced?": "No",
                        "Spot #": "3"
                    },
                    {
                        "Spot State": "missing",
                        "Channel": "WAVY",
                        "Day": "F",
                        "Weekdays": "--WThF----",
                        "Air Date": "08/31/12",
                        "Order Inventory Desc": "News 10 @ Noon",
                        "Times": "12p-1p",
                        "Air Time": "2:30 PM",
                        "Ad-ID": "SPA12TV12H",
                        "Length": ":30",
                        "Priority": "P1",
                        "State Reaso": "missing",
                        "Makegood": "No",
                        "Internal Rate 1": "$300.00",
                        "Invoiced?": "No",
                        "Spot #": "6"
                    },
                    {
                        "Spot State": "missing",
                        "Channel": "missing",
                        "Day": "missing",
                        "Weekdays": "missing",
                        "Air Date": "missing",
                        "Order Inventory Desc": "missing",
                        "Times": "missing",
                        "Air Time": "missing",
                        "Ad-ID": "missing",
                        "Length": "missing",
                        "Priority": "missing",
                        "State Reaso": "missing",
                        "Makegood": "missing",
                        "Internal Rate 1": "$1,800.00",
                        "Invoiced?": "missing",
                        "Spot #": "6"
                    },
                    {
                        "Spot State": "missing",
                        "Channel": "missing",
                        "Day": "missing",
                        "Weekdays": "missing",
                        "Air Date": "missing",
                        "Order Inventory Desc": "missing",
                        "Times": "missing",
                        "Air Time": "missing",
                        "Ad-ID": "missing",
                        "Length": "missing",
                        "Priority": "missing",
                        "State Reaso": "missing",
                        "Makegood": "missing",
                        "Internal Rate 1": "$1,800.00",
                        "Invoiced?": "missing",
                        "Spot #": "6"
                    },
                    {
                        "Spot State": "Spot State",
                        "Channel": "Channel",
                        "Day": "Day",
                        "Weekdays": "Weekdays",
                        "Air Date": "Air Date",
                        "Order Inventory Desc": "Order Inventory Desc",
                        "Times": "Times",
                        "Air Time": "Air Time",
                        "Ad-ID": "Ad-ID",
                        "Length": "Length",
                        "Priority": "Priority",
                        "State Reaso": "State Reaso",
                        "Makegood": "Makegood",
                        "Internal Rate 1": "Internal Rate 1",
                        "Invoiced?": "Invoiced?",
                        "Spot #": "Spot #"
                    },
                    {
                        "Spot State": "missing",
                        "Channel": "WAVY",
                        "Day": "W",
                        "Weekdays": "--WThF----",
                        "Air Date": "08/29/12",
                        "Order Inventory Desc": "News 10 @ 6p",
                        "Times": "6p-630p",
                        "Air Time": "6:21 PM",
                        "Ad-ID": "SPA12TV12H",
                        "Length": ":30",
                        "Priority": "P1",
                        "State Reaso": "missing",
                        "Makegood": "No",
                        "Internal Rate 1": "$2,000.00",
                        "Invoiced?": "No",
                        "Spot #": "1"
                    },
                    {
                        "Spot State": "missing",
                        "Channel": "WAVY",
                        "Day": "Th",
                        "Weekdays": "--WThF----",
                        "Air Date": "08/30/12",
                        "Order Inventory Desc": "News 10 @ 6p",
                        "Times": "6p-630p",
                        "Air Time": "6:28 PM",
                        "Ad-ID": "SPA12TV12H",
                        "Length": ":30",
                        "Priority": "P1",
                        "State Reaso": "missing",
                        "Makegood": "No",
                        "Internal Rate 1": "$2,000.00",
                        "Invoiced?": "No",
                        "Spot #": "3"
                    },
                    {
                        "Spot State": "missing",
                        "Channel": "WAVY",
                        "Day": "F",
                        "Weekdays": "--WThF----",
                        "Air Date": "08/31/12",
                        "Order Inventory Desc": "News 10 @ 6p",
                        "Times": "6p-630p",
                        "Air Time": "6:07 PM",
                        "Ad-ID": "SPA12TV12H",
                        "Length": ":30",
                        "Priority": "P1",
                        "State Reaso": "missing",
                        "Makegood": "No",
                        "Internal Rate 1": "$2,000.00",
                        "Invoiced?": "No",
                        "Spot #": "2"
                    },
                    {
                        "Spot State": "missing",
                        "Channel": "missing",
                        "Day": "missing",
                        "Weekdays": "missing",
                        "Air Date": "missing",
                        "Order Inventory Desc": "missing",
                        "Times": "missing",
                        "Air Time": "missing",
                        "Ad-ID": "missing",
                        "Length": "missing",
                        "Priority": "missing",
                        "State Reaso": "missing",
                        "Makegood": "missing",
                        "Internal Rate 1": "$6,000.00",
                        "Invoiced?": "missing",
                        "Spot #": "3"
                    },
                    {
                        "Spot State": "missing",
                        "Channel": "missing",
                        "Day": "missing",
                        "Weekdays": "missing",
                        "Air Date": "missing",
                        "Order Inventory Desc": "missing",
                        "Times": "missing",
                        "Air Time": "missing",
                        "Ad-ID": "missing",
                        "Length": "missing",
                        "Priority": "missing",
                        "State Reaso": "missing",
                        "Makegood": "missing",
                        "Internal Rate 1": "$6,000.00",
                        "Invoiced?": "missing",
                        "Spot #": "3"
                    },
                    {
                        "Spot State": "missing",
                        "Channel": "WAVY",
                        "Day": "W",
                        "Weekdays": "--WThF----",
                        "Air Date": "08/29/12",
                        "Order Inventory Desc": "M-F News 10 @ 11",
                        "Times": "11p-1130p",
                        "Air Time": "1:36 PM",
                        "Ad-ID": "SPA12TV12H",
                        "Length": ":30",
                        "Priority": "P1",
                        "State Reaso": "missing",
                        "Makegood": "No",
                        "Internal Rate 1": "$2,000.00",
                        "Invoiced?": "No",
                        "Spot #": "3"
                    },
                    {
                        "Spot State": "missing",
                        "Channel": "WAVY",
                        "Day": "Th",
                        "Weekdays": "--WThF----",
                        "Air Date": "08/30/12",
                        "Order Inventory Desc": "M-F News 10 @ 11",
                        "Times": "11p-1130p",
                        "Air Time": "1:41 PM",
                        "Ad-ID": "SPA12TV12H",
                        "Length": ":30",
                        "Priority": "P1",
                        "State Reaso": "Special report",
                        "Makegood": "No",
                        "Internal Rate 1": "$2,000.00",
                        "Invoiced?": "No",
                        "Spot #": "2"
                    },
                    {
                        "Spot State": "missing",
                        "Channel": "WAVY",
                        "Day": "F",
                        "Weekdays": "--WThF----",
                        "Air Date": "08/31/12",
                        "Order Inventory Desc": "M-F News 10 @ 11",
                        "Times": "11p-1130p",
                        "Air Time": "1:25 PM",
                        "Ad-ID": "SPA12TV12H",
                        "Length": ":30",
                        "Priority": "P1",
                        "State Reaso": "missing",
                        "Makegood": "No",
                        "Internal Rate 1": "$2,000.00",
                        "Invoiced?": "No",
                        "Spot #": "1"
                    },
                    {
                        "Spot State": "missing",
                        "Channel": "missing",
                        "Day": "missing",
                        "Weekdays": "missing",
                        "Air Date": "missing",
                        "Order Inventory Desc": "missing",
                        "Times": "missing",
                        "Air Time": "missing",
                        "Ad-ID": "missing",
                        "Length": "missing",
                        "Priority": "missing",
                        "State Reaso": "missing",
                        "Makegood": "missing",
                        "Internal Rate 1": "$6,000.00",
                        "Invoiced?": "missing",
                        "Spot #": "3"
                    },
                    {
                        "Spot State": "missing",
                        "Channel": "missing",
                        "Day": "missing",
                        "Weekdays": "missing",
                        "Air Date": "missing",
                        "Order Inventory Desc": "missing",
                        "Times": "missing",
                        "Air Time": "missing",
                        "Ad-ID": "missing",
                        "Length": "missing",
                        "Priority": "missing",
                        "State Reaso": "missing",
                        "Makegood": "missing",
                        "Internal Rate 1": "$6,000.00",
                        "Invoiced?": "missing",
                        "Spot #": "3"
                    }
                ]
            }
        ]
    },
    {
        "id": 2,
        "content": [
            {
                "type": "kv",
                "content": [
                    {
                        "Order #202078": "Mentzer Me../POL/60 Plu../8/29-9/4 6../378"
                    },
                    {
                        "Line#": "6"
                    },
                    {
                        "Spot Status": "Placed"
                    },
                    {
                        "Line#": "7"
                    },
                    {
                        "Spot Status": "Placed"
                    },
                    {
                        "Line#": "8"
                    },
                    {
                        "Spot Status": "Placed"
                    },
                    {
                        "Line#": "9"
                    },
                    {
                        "Spot Status": "Placed"
                    },
                    {
                        "Line#": "10"
                    },
                    {
                        "Spot Status": "Placed"
                    },
                    {
                        "Line#": "11"
                    },
                    {
                        "Spot Status": "Placed"
                    },
                    {
                        "Line#": "12"
                    },
                    {
                        "Spot Status": "Placed"
                    },
                    {
                        "Line#": "13"
                    }
                ]
            },
            {
                "type": "table",
                "content": [
                    {
                        "Spot State": "missing",
                        "Channel": "WAVY",
                        "Day": "W",
                        "Weekdays": "--WThF----",
                        "Air Date": "08/29/12",
                        "Order Inventory Desc": "Tonight Show w/Leno",
                        "Times": "1134p-1237a",
                        "Air Time": "2:15 AM",
                        "Ad-ID": "SPA12TV12H",
                        "Length": ":30",
                        "Priority": "P1",
                        "State Reaso": "missing",
                        "Makegood": "No",
                        "Internal Rate 1": "$500.00",
                        "Invoiced?": "No",
                        "Spot #": 1
                    },
                    {
                        "Spot State": "missing",
                        "Channel": "WAVY",
                        "Day": "Th",
                        "Weekdays": "--WThF----",
                        "Air Date": "08/30/12",
                        "Order Inventory Desc": "Tonight Show w/Leno",
                        "Times": "1134p-1237a",
                        "Air Time": "2:08 AM",
                        "Ad-ID": "SPA12TV12H",
                        "Length": ":30",
                        "Priority": "P1",
                        "State Reaso": "missing",
                        "Makegood": "No",
                        "Internal Rate 1": "$500.00",
                        "Invoiced?": "No",
                        "Spot #": 2
                    },
                    {
                        "Spot State": "missing",
                        "Channel": "WAVY",
                        "Day": "F",
                        "Weekdays": "--WThF----",
                        "Air Date": "08/31/12",
                        "Order Inventory Desc": "Tonight Show w/Leno",
                        "Times": "1134p-1237a",
                        "Air Time": "2:30 AM",
                        "Ad-ID": "SPA12TV12H",
                        "Length": ":30",
                        "Priority": "P1",
                        "State Reaso": "missing",
                        "Makegood": "No",
                        "Internal Rate 1": "$500.00",
                        "Invoiced?": "No",
                        "Spot #": 3
                    },
                    {
                        "Spot State": "missing",
                        "Channel": "missing",
                        "Day": "missing",
                        "Weekdays": "missing",
                        "Air Date": "missing",
                        "Order Inventory Desc": "missing",
                        "Times": "missing",
                        "Air Time": "missing",
                        "Ad-ID": "missing",
                        "Length": "missing",
                        "Priority": "missing",
                        "State Reaso": "missing",
                        "Makegood": "missing",
                        "Internal Rate 1": "$1,500.00",
                        "Invoiced?": "missing",
                        "Spot #": 3
                    },
                    {
                        "Spot State": "missing",
                        "Channel": "missing",
                        "Day": "missing",
                        "Weekdays": "missing",
                        "Air Date": "missing",
                        "Order Inventory Desc": "missing",
                        "Times": "missing",
                        "Air Time": "missing",
                        "Ad-ID": "missing",
                        "Length": "missing",
                        "Priority": "missing",
                        "State Reaso": "missing",
                        "Makegood": "missing",
                        "Internal Rate 1": "$1,500.00",
                        "Invoiced?": "missing",
                        "Spot #": 3
                    },
                    {
                        "Spot State": "missing",
                        "Channel": "WAVY",
                        "Day": "Sa",
                        "Weekdays": "-----Sa--",
                        "Air Date": "09/01/12",
                        "Order Inventory Desc": "WAVY News 10 Sa 6a",
                        "Times": "6a-7a",
                        "Air Time": "6:39 AM",
                        "Ad-ID": "SPA12TV12H",
                        "Length": ":30",
                        "Priority": "P1",
                        "State Reaso": "missing",
                        "Makegood": "No",
                        "Internal Rate 1": "$500.00",
                        "Invoiced?": "No",
                        "Spot #": 1
                    },
                    {
                        "Spot State": "missing",
                        "Channel": "missing",
                        "Day": "missing",
                        "Weekdays": "missing",
                        "Air Date": "missing",
                        "Order Inventory Desc": "missing",
                        "Times": "missing",
                        "Air Time": "missing",
                        "Ad-ID": "missing",
                        "Length": "missing",
                        "Priority": "missing",
                        "State Reaso": "missing",
                        "Makegood": "missing",
                        "Internal Rate 1": "$500.00",
                        "Invoiced?": "missing",
                        "Spot #": 1
                    },
                    {
                        "Spot State": "missing",
                        "Channel": "missing",
                        "Day": "missing",
                        "Weekdays": "missing",
                        "Air Date": "missing",
                        "Order Inventory Desc": "missing",
                        "Times": "missing",
                        "Air Time": "missing",
                        "Ad-ID": "missing",
                        "Length": "missing",
                        "Priority": "missing",
                        "State Reaso": "missing",
                        "Makegood": "missing",
                        "Internal Rate 1": "$500.00",
                        "Invoiced?": "missing",
                        "Spot #": 1
                    },
                    {
                        "Spot State": "missing",
                        "Channel": "WAVY",
                        "Day": "Sa",
                        "Weekdays": "-----Sa--",
                        "Air Date": "09/01/12",
                        "Order Inventory Desc": "WAVY News 10 Sa 7a",
                        "Times": "7a-8a",
                        "Air Time": "7:40 AM",
                        "Ad-ID": "SPA12TV12H",
                        "Length": ":30",
                        "Priority": "P1",
                        "State Reaso": "missing",
                        "Makegood": "No",
                        "Internal Rate 1": "$800.00",
                        "Invoiced?": "No",
                        "Spot #": 1
                    },
                    {
                        "Spot State": "missing",
                        "Channel": "missing",
                        "Day": "missing",
                        "Weekdays": "missing",
                        "Air Date": "missing",
                        "Order Inventory Desc": "missing",
                        "Times": "missing",
                        "Air Time": "missing",
                        "Ad-ID": "missing",
                        "Length": "missing",
                        "Priority": "missing",
                        "State Reaso": "missing",
                        "Makegood": "missing",
                        "Internal Rate 1": "$800.00",
                        "Invoiced?": "missing",
                        "Spot #": 1
                    },
                    {
                        "Spot State": "missing",
                        "Channel": "missing",
                        "Day": "missing",
                        "Weekdays": "missing",
                        "Air Date": "missing",
                        "Order Inventory Desc": "missing",
                        "Times": "missing",
                        "Air Time": "missing",
                        "Ad-ID": "missing",
                        "Length": "missing",
                        "Priority": "missing",
                        "State Reaso": "missing",
                        "Makegood": "missing",
                        "Internal Rate 1": "$800.00",
                        "Invoiced?": "missing",
                        "Spot #": 1
                    },
                    {
                        "Spot State": "missing",
                        "Channel": "WAVY",
                        "Day": "Sa",
                        "Weekdays": "-----Sa--",
                        "Air Date": "09/01/12",
                        "Order Inventory Desc": "WAVY News 10 Sat 6p",
                        "Times": "6p-630p",
                        "Air Time": "5:59 PM",
                        "Ad-ID": "SPA12TV12H",
                        "Length": ":30",
                        "Priority": "P1",
                        "State Reaso": "missing",
                        "Makegood": "No",
                        "Internal Rate 1": "$500.00",
                        "Invoiced?": "No",
                        "Spot #": 1
                    },
                    {
                        "Spot State": "missing",
                        "Channel": "WAVY",
                        "Day": "Sa",
                        "Weekdays": "-----Sa--",
                        "Air Date": "09/01/12",
                        "Order Inventory Desc": "WAVY News 10 Sat 6p",
                        "Times": "6p-630p",
                        "Air Time": "6:15 PM",
                        "Ad-ID": "SPA12TV12H",
                        "Length": ":30",
                        "Priority": "P1",
                        "State Reaso": "missing",
                        "Makegood": "No",
                        "Internal Rate 1": "$500.00",
                        "Invoiced?": "No",
                        "Spot #": 2
                    },
                    {
                        "Spot State": "missing",
                        "Channel": "missing",
                        "Day": "missing",
                        "Weekdays": "missing",
                        "Air Date": "missing",
                        "Order Inventory Desc": "missing",
                        "Times": "missing",
                        "Air Time": "missing",
                        "Ad-ID": "missing",
                        "Length": "missing",
                        "Priority": "missing",
                        "State Reaso": "missing",
                        "Makegood": "missing",
                        "Internal Rate 1": "$1,000.00",
                        "Invoiced?": "missing",
                        "Spot #": 2
                    },
                    {
                        "Spot State": "missing",
                        "Channel": "missing",
                        "Day": "missing",
                        "Weekdays": "missing",
                        "Air Date": "missing",
                        "Order Inventory Desc": "missing",
                        "Times": "missing",
                        "Air Time": "missing",
                        "Ad-ID": "missing",
                        "Length": "missing",
                        "Priority": "missing",
                        "State Reaso": "missing",
                        "Makegood": "missing",
                        "Internal Rate 1": "$1,000.00",
                        "Invoiced?": "missing",
                        "Spot #": 2
                    },
                    {
                        "Spot State": "missing",
                        "Channel": "WAVY",
                        "Day": "Sa",
                        "Weekdays": "-----Sa--",
                        "Air Date": "09/01/12",
                        "Order Inventory Desc": "Sa 7-8p",
                        "Times": "7p-8p",
                        "Air Time": "7:34 PM",
                        "Ad-ID": "SPA12TV12H",
                        "Length": ":30",
                        "Priority": "P2",
                        "State Reaso": "missing",
                        "Makegood": "No",
                        "Internal Rate 1": "$300.00",
                        "Invoiced?": "No",
                        "Spot #": 1
                    },
                    {
                        "Spot State": "missing",
                        "Channel": "missing",
                        "Day": "missing",
                        "Weekdays": "missing",
                        "Air Date": "missing",
                        "Order Inventory Desc": "missing",
                        "Times": "missing",
                        "Air Time": "missing",
                        "Ad-ID": "missing",
                        "Length": "missing",
                        "Priority": "missing",
                        "State Reaso": "missing",
                        "Makegood": "missing",
                        "Internal Rate 1": "$300.00",
                        "Invoiced?": "missing",
                        "Spot #": 1
                    },
                    {
                        "Spot State": "missing",
                        "Channel": "missing",
                        "Day": "missing",
                        "Weekdays": "missing",
                        "Air Date": "missing",
                        "Order Inventory Desc": "missing",
                        "Times": "missing",
                        "Air Time": "missing",
                        "Ad-ID": "missing",
                        "Length": "missing",
                        "Priority": "missing",
                        "State Reaso": "missing",
                        "Makegood": "missing",
                        "Internal Rate 1": "$300.00",
                        "Invoiced?": "missing",
                        "Spot #": 1
                    },
                    {
                        "Spot State": "missing",
                        "Channel": "WAVY",
                        "Day": "Su",
                        "Weekdays": "------Su-",
                        "Air Date": "09/02/12",
                        "Order Inventory Desc": "WAVY News 10 Sunda",
                        "Times": "7a-8a",
                        "Air Time": "7:10 AM",
                        "Ad-ID": "SPA12TV12H",
                        "Length": ":30",
                        "Priority": "P1",
                        "State Reaso": "missing",
                        "Makegood": "No",
                        "Internal Rate 1": "$800.00",
                        "Invoiced?": "No",
                        "Spot #": 1
                    },
                    {
                        "Spot State": "missing",
                        "Channel": "missing",
                        "Day": "missing",
                        "Weekdays": "missing",
                        "Air Date": "missing",
                        "Order Inventory Desc": "missing",
                        "Times": "missing",
                        "Air Time": "missing",
                        "Ad-ID": "missing",
                        "Length": "missing",
                        "Priority": "missing",
                        "State Reaso": "missing",
                        "Makegood": "missing",
                        "Internal Rate 1": "$800.00",
                        "Invoiced?": "missing",
                        "Spot #": 1
                    },
                    {
                        "Spot State": "missing",
                        "Channel": "missing",
                        "Day": "missing",
                        "Weekdays": "missing",
                        "Air Date": "missing",
                        "Order Inventory Desc": "missing",
                        "Times": "missing",
                        "Air Time": "missing",
                        "Ad-ID": "missing",
                        "Length": "missing",
                        "Priority": "missing",
                        "State Reaso": "missing",
                        "Makegood": "missing",
                        "Internal Rate 1": "$800.00",
                        "Invoiced?": "missing",
                        "Spot #": 1
                    },
                    {
                        "Spot State": "missing",
                        "Channel": "WAVY",
                        "Day": "Su",
                        "Weekdays": "------Su-",
                        "Air Date": "09/02/12",
                        "Order Inventory Desc": "WAVY News 10 Sun 6p",
                        "Times": "6p-7p",
                        "Air Time": "6:23 PM",
                        "Ad-ID": "SPA12TV12H",
                        "Length": ":30",
                        "Priority": "P1",
                        "State Reaso": "missing",
                        "Makegood": "No",
                        "Internal Rate 1": "$500.00",
                        "Invoiced?": "No",
                        "Spot #": 1
                    },
                    {
                        "Spot State": "missing",
                        "Channel": "WAVY",
                        "Day": "Su",
                        "Weekdays": "------Su-",
                        "Air Date": "09/02/12",
                        "Order Inventory Desc": "WAVY News 10 Sun 6p",
                        "Times": "6p-7p",
                        "Air Time": "6:51 PM",
                        "Ad-ID": "SPA12TV12H",
                        "Length": ":30",
                        "Priority": "P1",
                        "State Reaso": "missing",
                        "Makegood": "No",
                        "Internal Rate 1": "$500.00",
                        "Invoiced?": "No",
                        "Spot #": 2
                    },
                    {
                        "Spot State": "missing",
                        "Channel": "missing",
                        "Day": "missing",
                        "Weekdays": "missing",
                        "Air Date": "missing",
                        "Order Inventory Desc": "missing",
                        "Times": "missing",
                        "Air Time": "missing",
                        "Ad-ID": "missing",
                        "Length": "missing",
                        "Priority": "missing",
                        "State Reaso": "missing",
                        "Makegood": "missing",
                        "Internal Rate 1": "$1,000.00",
                        "Invoiced?": "missing",
                        "Spot #": 2
                    },
                    {
                        "Spot State": "missing",
                        "Channel": "missing",
                        "Day": "missing",
                        "Weekdays": "missing",
                        "Air Date": "missing",
                        "Order Inventory Desc": "missing",
                        "Times": "missing",
                        "Air Time": "missing",
                        "Ad-ID": "missing",
                        "Length": "missing",
                        "Priority": "missing",
                        "State Reaso": "missing",
                        "Makegood": "missing",
                        "Internal Rate 1": "$1,000.00",
                        "Invoiced?": "missing",
                        "Spot #": 2
                    }
                ]
            }
        ]
    },
    {
        "id": 3,
        "content": [
            {
                "type": "kv",
                "content": [
                    {
                        "Order #202078": "Mentzer Me../POL/60 Plu../8/29-9/4 6../378"
                    },
                    {
                        "Line#": "13"
                    },
                    {
                        "Spot Status": "Placed"
                    },
                    {
                        "Line#": "14"
                    },
                    {
                        "Spot Status": "Placed"
                    },
                    {
                        "Line#": "15"
                    },
                    {
                        "Spot Status": "Placed"
                    },
                    {
                        "Line#": "16"
                    },
                    {
                        "Spot Status": "Placed"
                    },
                    {
                        "Line#": "17"
                    },
                    {
                        "Spot Status": "Placed"
                    },
                    {
                        "Line#": "18"
                    },
                    {
                        "Spot Status": "Placed"
                    },
                    {
                        "Line#": "19"
                    },
                    {
                        "Spot Status": "Placed"
                    }
                ]
            },
            {
                "type": "table",
                "content": [
                    {
                        "Spot State": "missing",
                        "Channel": "WAVY",
                        "Day": "Su",
                        "Weekdays": "------Su-",
                        "Air Date": "09/02/12",
                        "Order Inventory Desc": "WAVY News 10 @11 S",
                        "Times": "11p-1130p",
                        "Air Time": "1:29 PM",
                        "Ad-ID": "SPA12TV12H",
                        "Length": ":30",
                        "Priority": "P1",
                        "State Reaso": "missing",
                        "Makegood": "No",
                        "Internal Rate 1": "$2,000.00",
                        "Invoiced?": "No",
                        "Spot #": 1
                    },
                    {
                        "Spot State": "missing",
                        "Channel": "missing",
                        "Day": "missing",
                        "Weekdays": "missing",
                        "Air Date": "missing",
                        "Order Inventory Desc": "missing",
                        "Times": "missing",
                        "Air Time": "missing",
                        "Ad-ID": "missing",
                        "Length": "missing",
                        "Priority": "missing",
                        "State Reaso": "missing",
                        "Makegood": "missing",
                        "Internal Rate 1": "$2,000.00",
                        "Invoiced?": "missing",
                        "Spot #": 1
                    },
                    {
                        "Spot State": "missing",
                        "Channel": "missing",
                        "Day": "missing",
                        "Weekdays": "missing",
                        "Air Date": "missing",
                        "Order Inventory Desc": "missing",
                        "Times": "missing",
                        "Air Time": "missing",
                        "Ad-ID": "missing",
                        "Length": "missing",
                        "Priority": "missing",
                        "State Reaso": "missing",
                        "Makegood": "missing",
                        "Internal Rate 1": "$2,000.00",
                        "Invoiced?": "missing",
                        "Spot #": 1
                    },
                    {
                        "Spot State": "missing",
                        "Channel": "WAVY",
                        "Day": "M",
                        "Weekdays": "MT-------",
                        "Air Date": "09/03/12",
                        "Order Inventory Desc": "Today Show M-F",
                        "Times": "7a-9a",
                        "Air Time": "7:22 AM",
                        "Ad-ID": "SPA12TV12H",
                        "Length": ":30",
                        "Priority": "P1",
                        "State Reaso": "missing",
                        "Makegood": "No",
                        "Internal Rate 1": "$2,000.00",
                        "Invoiced?": "No",
                        "Spot #": 1
                    },
                    {
                        "Spot State": "missing",
                        "Channel": "missing",
                        "Day": "missing",
                        "Weekdays": "missing",
                        "Air Date": "missing",
                        "Order Inventory Desc": "missing",
                        "Times": "missing",
                        "Air Time": "missing",
                        "Ad-ID": "missing",
                        "Length": "missing",
                        "Priority": "missing",
                        "State Reaso": "missing",
                        "Makegood": "missing",
                        "Internal Rate 1": "$2,000.00",
                        "Invoiced?": "missing",
                        "Spot #": 1
                    },
                    {
                        "Spot State": "missing",
                        "Channel": "missing",
                        "Day": "missing",
                        "Weekdays": "missing",
                        "Air Date": "missing",
                        "Order Inventory Desc": "missing",
                        "Times": "missing",
                        "Air Time": "missing",
                        "Ad-ID": "missing",
                        "Length": "missing",
                        "Priority": "missing",
                        "State Reaso": "missing",
                        "Makegood": "missing",
                        "Internal Rate 1": "$2,000.00",
                        "Invoiced?": "missing",
                        "Spot #": 1
                    },
                    {
                        "Spot State": "missing",
                        "Channel": "WAVY",
                        "Day": "M",
                        "Weekdays": "MT-------",
                        "Air Date": "09/03/12",
                        "Order Inventory Desc": "Hampton Roads Show",
                        "Times": "11a-12p",
                        "Air Time": "1:38 AM",
                        "Ad-ID": "SPA12TV12H",
                        "Length": ":30",
                        "Priority": "P2",
                        "State Reaso": "missing",
                        "Makegood": "No",
                        "Internal Rate 1": "$200.00",
                        "Invoiced?": "No",
                        "Spot #": 1
                    },
                    {
                        "Spot State": "missing",
                        "Channel": "WAVY",
                        "Day": "M",
                        "Weekdays": "MT-------",
                        "Air Date": "09/03/12",
                        "Order Inventory Desc": "Hampton Roads Show",
                        "Times": "11a-12p",
                        "Air Time": "1:15 AM",
                        "Ad-ID": "SPA12TV12H",
                        "Length": ":30",
                        "Priority": "P2",
                        "State Reaso": "missing",
                        "Makegood": "No",
                        "Internal Rate 1": "$200.00",
                        "Invoiced?": "No",
                        "Spot #": 3
                    },
                    {
                        "Spot State": "missing",
                        "Channel": "WAVY",
                        "Day": "Tu",
                        "Weekdays": "MT-------",
                        "Air Date": "09/04/12",
                        "Order Inventory Desc": "Hampton Roads Show",
                        "Times": "11a-12p",
                        "Air Time": "1:10 AM",
                        "Ad-ID": "SPA12TV12H",
                        "Length": ":30",
                        "Priority": "P2",
                        "State Reaso": "missing",
                        "Makegood": "No",
                        "Internal Rate 1": "$200.00",
                        "Invoiced?": "No",
                        "Spot #": 4
                    },
                    {
                        "Spot State": "missing",
                        "Channel": "WAVY",
                        "Day": "Tu",
                        "Weekdays": "MT-------",
                        "Air Date": "09/04/12",
                        "Order Inventory Desc": "Hampton Roads Show",
                        "Times": "11a-12p",
                        "Air Time": "1:40 AM",
                        "Ad-ID": "SPA12TV12H",
                        "Length": ":30",
                        "Priority": "P2",
                        "State Reaso": "missing",
                        "Makegood": "No",
                        "Internal Rate 1": "$200.00",
                        "Invoiced?": "No",
                        "Spot #": 2
                    },
                    {
                        "Spot State": "missing",
                        "Channel": "missing",
                        "Day": "missing",
                        "Weekdays": "missing",
                        "Air Date": "missing",
                        "Order Inventory Desc": "missing",
                        "Times": "missing",
                        "Air Time": "missing",
                        "Ad-ID": "missing",
                        "Length": "missing",
                        "Priority": "missing",
                        "State Reaso": "missing",
                        "Makegood": "missing",
                        "Internal Rate 1": "$800.00",
                        "Invoiced?": "missing",
                        "Spot #": 4
                    },
                    {
                        "Spot State": "missing",
                        "Channel": "missing",
                        "Day": "missing",
                        "Weekdays": "missing",
                        "Air Date": "missing",
                        "Order Inventory Desc": "missing",
                        "Times": "missing",
                        "Air Time": "missing",
                        "Ad-ID": "missing",
                        "Length": "missing",
                        "Priority": "missing",
                        "State Reaso": "missing",
                        "Makegood": "missing",
                        "Internal Rate 1": "$800.00",
                        "Invoiced?": "missing",
                        "Spot #": 4
                    },
                    {
                        "Spot State": "missing",
                        "Channel": "WAVY",
                        "Day": "M",
                        "Weekdays": "MT-------",
                        "Air Date": "09/03/12",
                        "Order Inventory Desc": "News 10 @ Noon",
                        "Times": "12p-1p",
                        "Air Time": "2:59 PM",
                        "Ad-ID": "SPA12TV12H",
                        "Length": ":30",
                        "Priority": "P1",
                        "State Reaso": "missing",
                        "Makegood": "No",
                        "Internal Rate 1": "$300.00",
                        "Invoiced?": "No",
                        "Spot #": 1
                    },
                    {
                        "Spot State": "missing",
                        "Channel": "WAVY",
                        "Day": "Tu",
                        "Weekdays": "MT-------",
                        "Air Date": "09/04/12",
                        "Order Inventory Desc": "News 10 @ Noon",
                        "Times": "12p-1p",
                        "Air Time": "2:12 PM",
                        "Ad-ID": "SPA12TV12H",
                        "Length": ":30",
                        "Priority": "P1",
                        "State Reaso": "missing",
                        "Makegood": "No",
                        "Internal Rate 1": "$300.00",
                        "Invoiced?": "No",
                        "Spot #": 2
                    },
                    {
                        "Spot State": "missing",
                        "Channel": "missing",
                        "Day": "missing",
                        "Weekdays": "missing",
                        "Air Date": "missing",
                        "Order Inventory Desc": "missing",
                        "Times": "missing",
                        "Air Time": "missing",
                        "Ad-ID": "missing",
                        "Length": "missing",
                        "Priority": "missing",
                        "State Reaso": "missing",
                        "Makegood": "missing",
                        "Internal Rate 1": "$600.00",
                        "Invoiced?": "missing",
                        "Spot #": 2
                    },
                    {
                        "Spot State": "missing",
                        "Channel": "missing",
                        "Day": "missing",
                        "Weekdays": "missing",
                        "Air Date": "missing",
                        "Order Inventory Desc": "missing",
                        "Times": "missing",
                        "Air Time": "missing",
                        "Ad-ID": "missing",
                        "Length": "missing",
                        "Priority": "missing",
                        "State Reaso": "missing",
                        "Makegood": "missing",
                        "Internal Rate 1": "$600.00",
                        "Invoiced?": "missing",
                        "Spot #": 2
                    },
                    {
                        "Spot State": "missing",
                        "Channel": "WAVY",
                        "Day": "M",
                        "Weekdays": "MT-------",
                        "Air Date": "09/03/12",
                        "Order Inventory Desc": "News 10 @ 6p",
                        "Times": "6p-630p",
                        "Air Time": "6:14 PM",
                        "Ad-ID": "SPA12TV12H",
                        "Length": ":30",
                        "Priority": "P1",
                        "State Reaso": "missing",
                        "Makegood": "No",
                        "Internal Rate 1": "$2,000.00",
                        "Invoiced?": "No",
                        "Spot #": 1
                    },
                    {
                        "Spot State": "missing",
                        "Channel": "WAVY",
                        "Day": "Tu",
                        "Weekdays": "MT-------",
                        "Air Date": "09/04/12",
                        "Order Inventory Desc": "News 10 @ 6p",
                        "Times": "6p-630p",
                        "Air Time": "6:07 PM",
                        "Ad-ID": "SPA12TV12H",
                        "Length": ":30",
                        "Priority": "P1",
                        "State Reaso": "missing",
                        "Makegood": "No",
                        "Internal Rate 1": "$2,000.00",
                        "Invoiced?": "No",
                        "Spot #": 2
                    },
                    {
                        "Spot State": "missing",
                        "Channel": "missing",
                        "Day": "missing",
                        "Weekdays": "missing",
                        "Air Date": "missing",
                        "Order Inventory Desc": "missing",
                        "Times": "missing",
                        "Air Time": "missing",
                        "Ad-ID": "missing",
                        "Length": "missing",
                        "Priority": "missing",
                        "State Reaso": "missing",
                        "Makegood": "missing",
                        "Internal Rate 1": "$4,000.00",
                        "Invoiced?": "missing",
                        "Spot #": 2
                    },
                    {
                        "Spot State": "missing",
                        "Channel": "missing",
                        "Day": "missing",
                        "Weekdays": "missing",
                        "Air Date": "missing",
                        "Order Inventory Desc": "missing",
                        "Times": "missing",
                        "Air Time": "missing",
                        "Ad-ID": "missing",
                        "Length": "missing",
                        "Priority": "missing",
                        "State Reaso": "missing",
                        "Makegood": "missing",
                        "Internal Rate 1": "$4,000.00",
                        "Invoiced?": "missing",
                        "Spot #": 2
                    },
                    {
                        "Spot State": "missing",
                        "Channel": "WAVY",
                        "Day": "M",
                        "Weekdays": "MT-------",
                        "Air Date": "09/03/12",
                        "Order Inventory Desc": "M-F News 10 @ 11",
                        "Times": "11p-1130p",
                        "Air Time": "1:32 PM",
                        "Ad-ID": "SPA12TV12H",
                        "Length": ":30",
                        "Priority": "P1",
                        "State Reaso": "missing",
                        "Makegood": "No",
                        "Internal Rate 1": "$2,000.00",
                        "Invoiced?": "No",
                        "Spot #": 2
                    },
                    {
                        "Spot State": "missing",
                        "Channel": "WAVY",
                        "Day": "Tu",
                        "Weekdays": "MT-------",
                        "Air Date": "09/04/12",
                        "Order Inventory Desc": "M-F News 10 @ 11",
                        "Times": "11p-1130p",
                        "Air Time": "1:28 PM",
                        "Ad-ID": "SPA12TV12H",
                        "Length": ":30",
                        "Priority": "P1",
                        "State Reaso": "missing",
                        "Makegood": "No",
                        "Internal Rate 1": "$2,000.00",
                        "Invoiced?": "No",
                        "Spot #": 1
                    },
                    {
                        "Spot State": "missing",
                        "Channel": "missing",
                        "Day": "missing",
                        "Weekdays": "missing",
                        "Air Date": "missing",
                        "Order Inventory Desc": "missing",
                        "Times": "missing",
                        "Air Time": "missing",
                        "Ad-ID": "missing",
                        "Length": "missing",
                        "Priority": "missing",
                        "State Reaso": "missing",
                        "Makegood": "missing",
                        "Internal Rate 1": "$4,000.00",
                        "Invoiced?": "missing",
                        "Spot #": 2
                    },
                    {
                        "Spot State": "missing",
                        "Channel": "missing",
                        "Day": "missing",
                        "Weekdays": "missing",
                        "Air Date": "missing",
                        "Order Inventory Desc": "missing",
                        "Times": "missing",
                        "Air Time": "missing",
                        "Ad-ID": "missing",
                        "Length": "missing",
                        "Priority": "missing",
                        "State Reaso": "missing",
                        "Makegood": "missing",
                        "Internal Rate 1": "$4,000.00",
                        "Invoiced?": "missing",
                        "Spot #": 2
                    },
                    {
                        "Spot State": "missing",
                        "Channel": "WAVY",
                        "Day": "M",
                        "Weekdays": "MT-------",
                        "Air Date": "09/03/12",
                        "Order Inventory Desc": "Tonight Show w/Leno",
                        "Times": "1134p-1237a",
                        "Air Time": "2:09 AM",
                        "Ad-ID": "SPA12TV12H",
                        "Length": ":30",
                        "Priority": "P1",
                        "State Reaso": "missing",
                        "Makegood": "No",
                        "Internal Rate 1": "$500.00",
                        "Invoiced?": "No",
                        "Spot #": 2
                    },
                    {
                        "Spot State": "missing",
                        "Channel": "WAVY",
                        "Day": "Tu",
                        "Weekdays": "MT-------",
                        "Air Date": "09/04/12",
                        "Order Inventory Desc": "Tonight Show w/Leno",
                        "Times": "1134p-1237a",
                        "Air Time": "1:53 PM",
                        "Ad-ID": "SPA12TV12H",
                        "Length": ":30",
                        "Priority": "P1",
                        "State Reaso": "missing",
                        "Makegood": "No",
                        "Internal Rate 1": "$500.00",
                        "Invoiced?": "No",
                        "Spot #": 1
                    },
                    {
                        "Spot State": "missing",
                        "Channel": "missing",
                        "Day": "missing",
                        "Weekdays": "missing",
                        "Air Date": "missing",
                        "Order Inventory Desc": "missing",
                        "Times": "missing",
                        "Air Time": "missing",
                        "Ad-ID": "missing",
                        "Length": "missing",
                        "Priority": "missing",
                        "State Reaso": "missing",
                        "Makegood": "missing",
                        "Internal Rate 1": "$1,000.00",
                        "Invoiced?": "missing",
                        "Spot #": 2
                    },
                    {
                        "Spot State": "missing",
                        "Channel": "missing",
                        "Day": "missing",
                        "Weekdays": "missing",
                        "Air Date": "missing",
                        "Order Inventory Desc": "missing",
                        "Times": "missing",
                        "Air Time": "missing",
                        "Ad-ID": "missing",
                        "Length": "missing",
                        "Priority": "missing",
                        "State Reaso": "missing",
                        "Makegood": "missing",
                        "Internal Rate 1": "$1,000.00",
                        "Invoiced?": "missing",
                        "Spot #": 2
                    }
                ]
            }
        ]
    }
]