[
    {
        "id": 1,
        "content": [
            {
                "type": "kv",
                "content": [
                    {
                        "Report ID": "SR201"
                    },
                    {
                        "Run Date": "08/12/2021"
                    },
                    {
                        "Run Time": "11:15:26"
                    },
                    {
                        "Arts & Communication - College - Arts & Communication College - Subject": "A&C Interdepartmental"
                    }
                ]
            },
            {
                "type": "table",
                "content": [
                    {
                        "Subject": "ACINDP",
                        "Catalog Nbr": 493,
                        "Section": 1,
                        "Class Nbr": 1070,
                        "Course Title": "ARTS MGMT/MERCH INTERN",
                        "Component": "Field Studies",
                        "Units": "2 - 6",
                        "Topics": "missing"
                    }
                ]
            },
            {
                "type": "kv",
                "content": [
                    {
                        "Bldg": "ARRANGED"
                    },
                    {
                        "Room": "ARRANGED"
                    },
                    {
                        "Days": "TBA"
                    },
                    {
                        "Time": "TBA"
                    },
                    {
                        "Instructor": "Anderson,Marshall B"
                    },
                    {
                        "Class Enrl Cap": "10"
                    },
                    {
                        "Class Enrl Tot": "0"
                    },
                    {
                        "Class Wait Cap": "0"
                    },
                    {
                        "Class Wait Tot": "0"
                    },
                    {
                        "Class Min Enrl": "0"
                    }
                ]
            }
        ]
    },
    {
        "id": 2,
        "content": [
            {
                "type": "kv",
                "content": [
                    {
                        "Report ID": "SR201"
                    },
                    {
                        "Run Date": "08/12/2021"
                    },
                    {
                        "Run Time": "11:15:26"
                    },
                    {
                        "Arts & Communication - College - Art & Design Department - Subject": "Art Studio"
                    }
                ]
            },
            {
                "type": "table",
                "content": [
                    {
                        "Subject": "ARTSTDIO",
                        "Catalog Nbr": 492,
                        "Section": 1,
                        "Class Nbr": 1420,
                        "Course Title": "FIELD INTERNSHIP IN ART",
                        "Component": "Field Studies",
                        "Units": "1 - 3",
                        "Topics": "missing"
                    }
                ]
            },
            {
                "type": "kv",
                "content": [
                    {
                        "Bldg": "ARRANGED"
                    },
                    {
                        "Room": "ARRANGED"
                    },
                    {
                        "Days": "TBA"
                    },
                    {
                        "Time": "TBA"
                    },
                    {
                        "Instructor": "Kim,Daniel I"
                    },
                    {
                        "Class Enrl Cap": "18"
                    },
                    {
                        "Class Enrl Tot": "4"
                    },
                    {
                        "Class Wait Cap": "0"
                    },
                    {
                        "Class Wait Tot": "0"
                    },
                    {
                        "Class Min Enrl": "0"
                    }
                ]
            },
            {
                "type": "table",
                "content": [
                    {
                        "Subject": "ARTSTDIO",
                        "Catalog Nbr": 498,
                        "Section": 1,
                        "Class Nbr": 1587,
                        "Course Title": "INDEPENDENT STUDIES",
                        "Component": "Independent Study",
                        "Units": "1 - 6",
                        "Topics": "missing"
                    }
                ]
            },
            {
                "type": "kv",
                "content": [
                    {
                        "Bldg": "ARRANGED"
                    },
                    {
                        "Room": "ARRANGED"
                    },
                    {
                        "Days": "TBA"
                    },
                    {
                        "Time": "TBA"
                    },
                    {
                        "Instructor": "Frame,Teri"
                    },
                    {
                        "Class Enrl Cap": "35"
                    },
                    {
                        "Class Enrl Tot": "1"
                    },
                    {
                        "Class Wait Cap": "0"
                    },
                    {
                        "Class Wait Tot": "0"
                    },
                    {
                        "Class Min Enrl": "0"
                    }
                ]
            },
            {
                "type": "table",
                "content": [
                    {
                        "Subject": "ARTSTDIO",
                        "Catalog Nbr": 498,
                        "Section": 2,
                        "Class Nbr": 1596,
                        "Course Title": "INDEPENDENT STUDIES",
                        "Component": "Independent Study",
                        "Units": "1 - 6",
                        "Topics": "missing"
                    }
                ]
            },
            {
                "type": "kv",
                "content": [
                    {
                        "Bldg": "ARRANGED"
                    },
                    {
                        "Room": "ARRANGED"
                    },
                    {
                        "Days": "TBA"
                    },
                    {
                        "Time": "TBA"
                    },
                    {
                        "Instructor": "Porcaro,Greg"
                    },
                    {
                        "Class Enrl Cap": "35"
                    },
                    {
                        "Class Enrl Tot": "2"
                    },
                    {
                        "Class Wait Cap": "0"
                    },
                    {
                        "Class Wait Tot": "0"
                    },
                    {
                        "Class Min Enrl": "0"
                    }
                ]
            }
        ]
    },
    {
        "id": 3,
        "content": [
            {
                "type": "kv",
                "content": [
                    {
                        "Report ID": "SR201"
                    },
                    {
                        "Run Date": "08/12/2021"
                    },
                    {
                        "Run Time": "11:15:26"
                    },
                    {
                        "Arts & Communication - College - Communication Dept - Subject": "Communication"
                    }
                ]
            },
            {
                "type": "table",
                "content": [
                    {
                        "Subject": "COMM",
                        "Catalog Nbr": "493C",
                        "Section": 1,
                        "Class Nbr": 1055,
                        "Course Title": "INTERNSHIP COMMUNICATION",
                        "Component": "Field Studies",
                        "Units": "1 - 3",
                        "Topics": "missing"
                    }
                ]
            },
            {
                "type": "kv",
                "content": [
                    {
                        "Bldg": "ARRANGED"
                    },
                    {
                        "Room": "ARRANGED"
                    },
                    {
                        "Days": "TBA"
                    },
                    {
                        "Time": "TBA"
                    },
                    {
                        "Instructor": "Lowell,William E"
                    },
                    {
                        "Class Enrl Cap": "35"
                    },
                    {
                        "Class Enrl Tot": "9"
                    },
                    {
                        "Class Wait Cap": "0"
                    },
                    {
                        "Class Wait Tot": "0"
                    },
                    {
                        "Class Min Enrl": "0"
                    }
                ]
            },
            {
                "type": "table",
                "content": [
                    {
                        "Subject": "COMM",
                        "Catalog Nbr": "493E",
                        "Section": 1,
                        "Class Nbr": 1056,
                        "Course Title": "INTERNSHIP ELECTR MEDIA",
                        "Component": "Field Studies",
                        "Units": "1 - 3",
                        "Topics": "missing"
                    }
                ]
            },
            {
                "type": "kv",
                "content": [
                    {
                        "Bldg": "ARRANGED"
                    },
                    {
                        "Room": "ARRANGED"
                    },
                    {
                        "Days": "TBA"
                    },
                    {
                        "Time": "TBA"
                    },
                    {
                        "Instructor": "Lowell,William E"
                    },
                    {
                        "Class Enrl Cap": "35"
                    },
                    {
                        "Class Enrl Tot": "2"
                    },
                    {
                        "Class Wait Cap": "0"
                    },
                    {
                        "Class Wait Tot": "0"
                    },
                    {
                        "Class Min Enrl": "0"
                    }
                ]
            },
            {
                "type": "table",
                "content": [
                    {
                        "Subject": "COMM",
                        "Catalog Nbr": "493I",
                        "Section": 1,
                        "Class Nbr": 1057,
                        "Course Title": "PR INTERNSHIP",
                        "Component": "Field Studies",
                        "Units": "1 - 3",
                        "Topics": "missing"
                    }
                ]
            },
            {
                "type": "kv",
                "content": [
                    {
                        "Bldg": "ARRANGED"
                    },
                    {
                        "Room": "ARRANGED"
                    },
                    {
                        "Days": "TBA"
                    },
                    {
                        "Time": "TBA"
                    },
                    {
                        "Instructor": "Lowell,William E"
                    },
                    {
                        "Class Enrl Cap": "35"
                    },
                    {
                        "Class Enrl Tot": "2"
                    },
                    {
                        "Class Wait Cap": "0"
                    },
                    {
                        "Class Wait Tot": "0"
                    },
                    {
                        "Class Min Enrl": "0"
                    }
                ]
            },
            {
                "type": "table",
                "content": [
                    {
                        "Subject": "COMM",
                        "Catalog Nbr": "493M",
                        "Section": 1,
                        "Class Nbr": 1058,
                        "Course Title": "MAGD INTERNSHIP",
                        "Component": "Independent Study",
                        "Units": "1 - 3",
                        "Topics": "missing"
                    }
                ]
            },
            {
                "type": "kv",
                "content": [
                    {
                        "Bldg": "ARRANGED"
                    },
                    {
                        "Room": "ARRANGED"
                    },
                    {
                        "Days": "TBA"
                    },
                    {
                        "Time": "TBA"
                    },
                    {
                        "Instructor": "Lowell,William E"
                    },
                    {
                        "Class Enrl Cap": "35"
                    },
                    {
                        "Class Enrl Tot": "1"
                    },
                    {
                        "Class Wait Cap": "0"
                    },
                    {
                        "Class Wait Tot": "0"
                    },
                    {
                        "Class Min Enrl": "0"
                    }
                ]
            }
        ]
    },
    {
        "id": 4,
        "content": [
            {
                "type": "kv",
                "content": [
                    {
                        "Report ID": "SR201"
                    },
                    {
                        "Run Date": "08/12/2021"
                    },
                    {
                        "Run Time": "11:15:26"
                    },
                    {
                        "Arts & Communication - College - Communication Dept - Subject": "Journalism"
                    }
                ]
            },
            {
                "type": "table",
                "content": [
                    {
                        "Subject": "JOURNLSM",
                        "Catalog Nbr": "493A",
                        "Section": 1,
                        "Class Nbr": 1059,
                        "Course Title": "INTERNSHIP ADVERTISING",
                        "Component": "Field Studies",
                        "Units": "1 - 3",
                        "Topics": "missing"
                    }
                ]
            },
            {
                "type": "kv",
                "content": [
                    {
                        "Bldg": "ARRANGED"
                    },
                    {
                        "Room": "ARRANGED"
                    },
                    {
                        "Days": "TBA"
                    },
                    {
                        "Time": "TBA"
                    },
                    {
                        "Instructor": "Lowell,William E"
                    },
                    {
                        "Class Enrl Cap": "35"
                    },
                    {
                        "Class Enrl Tot": "0"
                    },
                    {
                        "Class Wait Cap": "0"
                    },
                    {
                        "Class Wait Tot": "0"
                    },
                    {
                        "Class Min Enrl": "0"
                    },
                    {
                        "Class Equivalents": "JOURNLSM 493A/493AEX"
                    }
                ]
            },
            {
                "type": "table",
                "content": [
                    {
                        "Subject": "JOURNLSM",
                        "Catalog Nbr": "493G",
                        "Section": 1,
                        "Class Nbr": 1060,
                        "Course Title": "INTERNSHIP JOURNALISM",
                        "Component": "Field Studies",
                        "Units": "1 - 3",
                        "Topics": "missing"
                    }
                ]
            },
            {
                "type": "kv",
                "content": [
                    {
                        "Bldg": "ARRANGED"
                    },
                    {
                        "Room": "ARRANGED"
                    },
                    {
                        "Days": "TBA"
                    },
                    {
                        "Time": "TBA"
                    },
                    {
                        "Instructor": "Lowell,William E"
                    },
                    {
                        "Class Enrl Cap": "35"
                    },
                    {
                        "Class Enrl Tot": "2"
                    },
                    {
                        "Class Wait Cap": "0"
                    },
                    {
                        "Class Wait Tot": "0"
                    },
                    {
                        "Class Min Enrl": "0"
                    }
                ]
            }
        ]
    },
    {
        "id": 5,
        "content": [
            {
                "type": "kv",
                "content": [
                    {
                        "Report ID": "SR201"
                    },
                    {
                        "Run Date": "08/12/2021"
                    },
                    {
                        "Run Time": "11:15:26"
                    },
                    {
                        "Arts & Communication - College - Theatre & Dance Dept - Subject": "Theatre"
                    }
                ]
            },
            {
                "type": "table",
                "content": [
                    {
                        "Subject": "THEATRE",
                        "Catalog Nbr": 493,
                        "Section": 1,
                        "Class Nbr": 1068,
                        "Course Title": "INTERN THEATRE PRACTICE",
                        "Component": "Field Studies",
                        "Units": "1 - 12",
                        "Topics": "missing"
                    }
                ]
            },
            {
                "type": "kv",
                "content": [
                    {
                        "Bldg": "ARRANGED"
                    },
                    {
                        "Room": "ARRANGED"
                    },
                    {
                        "Days": "TBA"
                    },
                    {
                        "Time": "TBA"
                    },
                    {
                        "Instructor": "Anderson,Marshall B"
                    },
                    {
                        "Class Enrl Cap": "35"
                    },
                    {
                        "Class Enrl Tot": "0"
                    },
                    {
                        "Class Wait Cap": "0"
                    },
                    {
                        "Class Wait Tot": "0"
                    },
                    {
                        "Class Min Enrl": "0"
                    }
                ]
            }
        ]
    },
    {
        "id": 6,
        "content": [
            {
                "type": "kv",
                "content": [
                    {
                        "Report ID": "SR201"
                    },
                    {
                        "Run Date": "08/12/2021"
                    },
                    {
                        "Run Time": "11:15:26"
                    },
                    {
                        "Business & Economics - College - Accounting Dept - Subject": "Accounting"
                    }
                ]
            },
            {
                "type": "table",
                "content": [
                    {
                        "Subject": "ACCOUNT",
                        "Catalog Nbr": 293,
                        "Section": 1,
                        "Class Nbr": 1376,
                        "Course Title": "ACCOUNT & BUS EXPERIENCE",
                        "Component": "Field Studies",
                        "Units": "1 - 3",
                        "Topics": "missing"
                    }
                ]
            },
            {
                "type": "kv",
                "content": [
                    {
                        "Bldg": "ARRANGED"
                    },
                    {
                        "Room": "ARRANGED"
                    },
                    {
                        "Days": "TBA"
                    },
                    {
                        "Time": "TBA"
                    },
                    {
                        "Instructor": "Becker,D'Arcy"
                    },
                    {
                        "Class Enrl Cap": "35"
                    },
                    {
                        "Class Enrl Tot": "0"
                    },
                    {
                        "Class Wait Cap": "0"
                    },
                    {
                        "Class Wait Tot": "0"
                    },
                    {
                        "Class Min Enrl": "0"
                    }
                ]
            },
            {
                "type": "table",
                "content": [
                    {
                        "Subject": "ACCOUNT",
                        "Catalog Nbr": 493,
                        "Section": 1,
                        "Class Nbr": 1379,
                        "Course Title": "INTERNSHIP IN ACCOUNTING",
                        "Component": "Field Studies",
                        "Units": "1 - 12",
                        "Topics": "missing"
                    }
                ]
            },
            {
                "type": "kv",
                "content": [
                    {
                        "Bldg": "ARRANGED"
                    },
                    {
                        "Room": "ARRANGED"
                    },
                    {
                        "Days": "TBA"
                    },
                    {
                        "Time": "TBA"
                    },
                    {
                        "Instructor": "Bacon,Dawn M"
                    },
                    {
                        "Class Enrl Cap": "35"
                    },
                    {
                        "Class Enrl Tot": "20"
                    },
                    {
                        "Class Wait Cap": "0"
                    },
                    {
                        "Class Wait Tot": "0"
                    },
                    {
                        "Class Min Enrl": "0"
                    }
                ]
            },
            {
                "type": "table",
                "content": [
                    {
                        "Subject": "ACCOUNT",
                        "Catalog Nbr": 793,
                        "Section": 1,
                        "Class Nbr": 1382,
                        "Course Title": "PRACTICUM IN ACCOUNTING",
                        "Component": "Field Studies",
                        "Units": "1 - 3",
                        "Topics": "missing"
                    }
                ]
            },
            {
                "type": "kv",
                "content": [
                    {
                        "Bldg": "ARRANGED"
                    },
                    {
                        "Room": "ARRANGED"
                    },
                    {
                        "Days": "TBA"
                    },
                    {
                        "Time": "TBA"
                    },
                    {
                        "Instructor": "Becker,D'Arcy"
                    },
                    {
                        "Class Enrl Cap": "35"
                    },
                    {
                        "Class Enrl Tot": "2"
                    },
                    {
                        "Class Wait Cap": "0"
                    },
                    {
                        "Class Wait Tot": "0"
                    },
                    {
                        "Class Min Enrl": "0"
                    }
                ]
            }
        ]
    }
]