[
    {
        "id": 1,
        "content": [
            {
                "type": "metadata",
                "content": "AGREEMENT MADE BETWEEN\n146318 AGENCY (OR SERVICE) ACTING AS AGENT FOR 170490 ADVERTISER (OR AGENCY AND ADVERTISER)\nWCCO-TV\n"
            },
            {
                "type": "kv",
                "content": [
                    {
                        "PAGE": "1"
                    },
                    {
                        "NAME\\nAND\\nADDRESS": "STRATEGIC MEDIA PLACEMENT\\n7669 Stagers Loop\\nDelaware OH 43015-7010\\nUSA"
                    },
                    {
                        "CONTACT": "WHITNEY EVERSOLE"
                    },
                    {
                        "PRODUCT": "BACHMANN FOR CONGRESS 10/16-22"
                    },
                    {
                        "LOCAL SALESPERSON": "Nicole Roy Pol"
                    },
                    {
                        "AGENCY EST. NO.": "2930"
                    },
                    {
                        "PRODUCT CODE": "1300"
                    }
                ]
            },
            {
                "type": "table",
                "content": [
                    {
                        "CONTRACT NO.REV.": "1141-53980-1"
                    }
                ]
            },
            {
                "type": "table",
                "content": [
                    {
                        "DATE PRINTED": "10/16/12"
                    }
                ]
            },
            {
                "type": "table",
                "content": [
                    {
                        "ITEM": 1,
                        "DAYS": "00211..",
                        "SPOTS\\nPWK.": 4,
                        "FROM": "04:58A",
                        "TO": "05:58A",
                        "LENGTH": "30S",
                        "EFFECTIVE DATES": "10/17/12-10/19/12",
                        "PROGRAMS": "SUNRISE THIS MORNING",
                        "TOTAL\\nBDCST.": 4,
                        "UNIT RATE": 250.0,
                        "TOTAL VALUE(1)": 1000.0
                    },
                    {
                        "ITEM": 2,
                        "DAYS": "10000..",
                        "SPOTS\\nPWK.": 1,
                        "FROM": "04:58A",
                        "TO": "05:58A",
                        "LENGTH": "30S",
                        "EFFECTIVE DATES": "10/22/12-10/22/12",
                        "PROGRAMS": "SUNRISE THIS MORNING",
                        "TOTAL\\nBDCST.": 1,
                        "UNIT RATE": 250.0,
                        "TOTAL VALUE(1)": 250.0
                    },
                    {
                        "ITEM": 3,
                        "DAYS": "00211..",
                        "SPOTS\\nPWK.": 4,
                        "FROM": "05:58A",
                        "TO": "07:00A",
                        "LENGTH": "30S",
                        "EFFECTIVE DATES": "10/17/12-10/19/12",
                        "PROGRAMS": "THIS MORNING",
                        "TOTAL\\nBDCST.": 4,
                        "UNIT RATE": 425.0,
                        "TOTAL VALUE(1)": 1700.0
                    },
                    {
                        "ITEM": 4,
                        "DAYS": "10000..",
                        "SPOTS\\nPWK.": 1,
                        "FROM": "05:58A",
                        "TO": "07:00A",
                        "LENGTH": "30S",
                        "EFFECTIVE DATES": "10/22/12-10/22/12",
                        "PROGRAMS": "THIS MORNING",
                        "TOTAL\\nBDCST.": 1,
                        "UNIT RATE": 425.0,
                        "TOTAL VALUE(1)": 425.0
                    },
                    {
                        "ITEM": 5,
                        "DAYS": "00211..",
                        "SPOTS\\nPWK.": 4,
                        "FROM": "07:00A",
                        "TO": "09:00A",
                        "LENGTH": "30S",
                        "EFFECTIVE DATES": "10/17/12-10/19/12",
                        "PROGRAMS": "CBS THIS MORNING",
                        "TOTAL\\nBDCST.": 4,
                        "UNIT RATE": 250.0,
                        "TOTAL VALUE(1)": 1000.0
                    },
                    {
                        "ITEM": 6,
                        "DAYS": "10000..",
                        "SPOTS\\nPWK.": 1,
                        "FROM": "07:00A",
                        "TO": "09:00A",
                        "LENGTH": "30S",
                        "EFFECTIVE DATES": "10/22/12-10/22/12",
                        "PROGRAMS": "CBS THIS MORNING",
                        "TOTAL\\nBDCST.": 1,
                        "UNIT RATE": 250.0,
                        "TOTAL VALUE(1)": 250.0
                    },
                    {
                        "ITEM": 7,
                        "DAYS": "Sa",
                        "SPOTS\\nPWK.": 1,
                        "FROM": "05:58A",
                        "TO": "08:00A",
                        "LENGTH": "30S",
                        "EFFECTIVE DATES": "10/20/12-10/20/12",
                        "PROGRAMS": "CBS THIS MORNING: SATURDAY",
                        "TOTAL\\nBDCST.": 1,
                        "UNIT RATE": 400.0,
                        "TOTAL VALUE(1)": 400.0
                    },
                    {
                        "ITEM": 8,
                        "DAYS": "Su",
                        "SPOTS\\nPWK.": 1,
                        "FROM": "07:58A",
                        "TO": "09:30A",
                        "LENGTH": "30S",
                        "EFFECTIVE DATES": "10/21/12-10/21/12",
                        "PROGRAMS": "CBS SUNDAY MORNING",
                        "TOTAL\\nBDCST.": 1,
                        "UNIT RATE": 1200.0,
                        "TOTAL VALUE(1)": 1200.0
                    },
                    {
                        "ITEM": 9,
                        "DAYS": "Su",
                        "SPOTS\\nPWK.": 1,
                        "FROM": "09:30A",
                        "TO": "10:00A",
                        "LENGTH": "30S",
                        "EFFECTIVE DATES": "10/21/12-10/21/12",
                        "PROGRAMS": "FACE THE NATION",
                        "TOTAL\\nBDCST.": 1,
                        "UNIT RATE": 1800.0,
                        "TOTAL VALUE(1)": 1800.0
                    },
                    {
                        "ITEM": 10,
                        "DAYS": "00211..",
                        "SPOTS\\nPWK.": 4,
                        "FROM": "09:58A",
                        "TO": "11:00A",
                        "LENGTH": "30S",
                        "EFFECTIVE DATES": "10/17/12-10/19/12",
                        "PROGRAMS": "PRICE IS RIGHT",
                        "TOTAL\\nBDCST.": 4,
                        "UNIT RATE": 475.0,
                        "TOTAL VALUE(1)": 1900.0
                    },
                    {
                        "ITEM": 11,
                        "DAYS": "10000..",
                        "SPOTS\\nPWK.": 1,
                        "FROM": "09:58A",
                        "TO": "11:00A",
                        "LENGTH": "30S",
                        "EFFECTIVE DATES": "10/22/12-10/22/12",
                        "PROGRAMS": "PRICE IS RIGHT",
                        "TOTAL\\nBDCST.": 1,
                        "UNIT RATE": 475.0,
                        "TOTAL VALUE(1)": 475.0
                    },
                    {
                        "ITEM": 12,
                        "DAYS": "00211..",
                        "SPOTS\\nPWK.": 4,
                        "FROM": "11:58A",
                        "TO": "12:30P",
                        "LENGTH": "30S",
                        "EFFECTIVE DATES": "10/17/12-10/19/12",
                        "PROGRAMS": "NOON NEWS",
                        "TOTAL\\nBDCST.": 4,
                        "UNIT RATE": 675.0,
                        "TOTAL VALUE(1)": 2700.0
                    },
                    {
                        "ITEM": 13,
                        "DAYS": "10000..",
                        "SPOTS\\nPWK.": 1,
                        "FROM": "11:58A",
                        "TO": "12:30P",
                        "LENGTH": "30S",
                        "EFFECTIVE DATES": "10/22/12-10/22/12",
                        "PROGRAMS": "NOON NEWS",
                        "TOTAL\\nBDCST.": 1,
                        "UNIT RATE": 675.0,
                        "TOTAL VALUE(1)": 675.0
                    },
                    {
                        "ITEM": 14,
                        "DAYS": "01110..",
                        "SPOTS\\nPWK.": 3,
                        "FROM": "03:57P",
                        "TO": "05:00P",
                        "LENGTH": "30S",
                        "EFFECTIVE DATES": "10/16/12-10/18/12",
                        "PROGRAMS": "ELLEN DEGENERES",
                        "TOTAL\\nBDCST.": 3,
                        "UNIT RATE": 750.0,
                        "TOTAL VALUE(1)": 2250.0
                    }
                ]
            }
        ]
    },
    {
        "id": 2,
        "content": [
            {
                "type": "metadata",
                "content": "AGREEMENT MADE BETWEEN\n146318 AGENCY (OR SERVICE) ACTING AS AGENT FOR 170490 ADVERTISER (OR AGENCY AND ADVERTISER)\nWCCO-TV\n"
            },
            {
                "type": "kv",
                "content": [
                    {
                        "PAGE": "2"
                    },
                    {
                        "NAME\\nAND\\nADDRESS": "STRATEGIC MEDIA PLACEMENT\\n7669 Stagers Loop\\nDelaware OH 43015-7010\\nUSA"
                    },
                    {
                        "CONTACT": "WHITNEY EVERSOLE"
                    },
                    {
                        "PRODUCT": "BACHMANN FOR CONGRESS 10/16-22"
                    },
                    {
                        "LOCAL SALESPERSON": "Nicole Roy Pol"
                    },
                    {
                        "AGENCY EST. NO.": "2930"
                    },
                    {
                        "PRODUCT CODE": "1300"
                    }
                ]
            },
            {
                "type": "table",
                "content": [
                    {
                        "CONTRACT NO.REV.": "1141-53980-1"
                    }
                ]
            },
            {
                "type": "table",
                "content": [
                    {
                        "DATE PRINTED": "10/16/12"
                    }
                ]
            },
            {
                "type": "table",
                "content": [
                    {
                        "ITEM": 15,
                        "DAYS": "10000..",
                        "SPOTS\\nPWK.": 1,
                        "FROM": "03:57P",
                        "TO": "05:00P",
                        "LENGTH": "30S",
                        "EFFECTIVE DATES": "10/22/12-10/22/12",
                        "PROGRAMS": "ELLEN DEGENERES",
                        "TOTAL\\nBDCST.": 1,
                        "UNIT RATE": 750.0,
                        "TOTAL VALUE(1)": 750.0
                    },
                    {
                        "ITEM": 16,
                        "DAYS": "01111..",
                        "SPOTS\\nPWK.": 4,
                        "FROM": "04:59P",
                        "TO": "05:30P",
                        "LENGTH": "30S",
                        "EFFECTIVE DATES": "10/16/12-10/19/12",
                        "PROGRAMS": "M-F 5PM NEWS",
                        "TOTAL\\nBDCST.": 4,
                        "UNIT RATE": 1650.0,
                        "TOTAL VALUE(1)": 6600.0
                    },
                    {
                        "ITEM": 17,
                        "DAYS": "10000..",
                        "SPOTS\\nPWK.": 1,
                        "FROM": "04:59P",
                        "TO": "05:30P",
                        "LENGTH": "30S",
                        "EFFECTIVE DATES": "10/22/12-10/22/12",
                        "PROGRAMS": "M-F 5PM NEWS",
                        "TOTAL\\nBDCST.": 1,
                        "UNIT RATE": 1650.0,
                        "TOTAL VALUE(1)": 1650.0
                    },
                    {
                        "ITEM": 18,
                        "DAYS": "01111..",
                        "SPOTS\\nPWK.": 4,
                        "FROM": "05:30P",
                        "TO": "05:58P",
                        "LENGTH": "30S",
                        "EFFECTIVE DATES": "10/16/12-10/19/12",
                        "PROGRAMS": "CBS EVENING NEWS",
                        "TOTAL\\nBDCST.": 4,
                        "UNIT RATE": 2500.0,
                        "TOTAL VALUE(1)": 10000.0
                    },
                    {
                        "ITEM": 19,
                        "DAYS": "10000..",
                        "SPOTS\\nPWK.": 1,
                        "FROM": "05:30P",
                        "TO": "05:58P",
                        "LENGTH": "30S",
                        "EFFECTIVE DATES": "10/22/12-10/22/12",
                        "PROGRAMS": "CBS EVENING NEWS",
                        "TOTAL\\nBDCST.": 1,
                        "UNIT RATE": 2500.0,
                        "TOTAL VALUE(1)": 2500.0
                    },
                    {
                        "ITEM": 20,
                        "DAYS": "01111..",
                        "SPOTS\\nPWK.": 4,
                        "FROM": "05:59P",
                        "TO": "06:30P",
                        "LENGTH": "30S",
                        "EFFECTIVE DATES": "10/16/12-10/19/12",
                        "PROGRAMS": "M-F 6PM NEWS",
                        "TOTAL\\nBDCST.": 4,
                        "UNIT RATE": 2200.0,
                        "TOTAL VALUE(1)": 8800.0
                    },
                    {
                        "ITEM": 21,
                        "DAYS": "10000..",
                        "SPOTS\\nPWK.": 1,
                        "FROM": "05:59P",
                        "TO": "06:30P",
                        "LENGTH": "30S",
                        "EFFECTIVE DATES": "10/22/12-10/22/12",
                        "PROGRAMS": "M-F 6PM NEWS",
                        "TOTAL\\nBDCST.": 1,
                        "UNIT RATE": 2200.0,
                        "TOTAL VALUE(1)": 2200.0
                    },
                    {
                        "ITEM": 22,
                        "DAYS": "01111..",
                        "SPOTS\\nPWK.": 4,
                        "FROM": "06:27P",
                        "TO": "07:00P",
                        "LENGTH": "30S",
                        "EFFECTIVE DATES": "10/16/12-10/19/12",
                        "PROGRAMS": "WHEEL OF FORTUNE",
                        "TOTAL\\nBDCST.": 4,
                        "UNIT RATE": 3100.0,
                        "TOTAL VALUE(1)": 12400.0
                    },
                    {
                        "ITEM": 23,
                        "DAYS": "10000..",
                        "SPOTS\\nPWK.": 1,
                        "FROM": "06:27P",
                        "TO": "07:00P",
                        "LENGTH": "30S",
                        "EFFECTIVE DATES": "10/22/12-10/22/12",
                        "PROGRAMS": "WHEEL OF FORTUNE",
                        "TOTAL\\nBDCST.": 1,
                        "UNIT RATE": 3100.0,
                        "TOTAL VALUE(1)": 3100.0
                    },
                    {
                        "ITEM": 24,
                        "DAYS": "Sa",
                        "SPOTS\\nPWK.": 2,
                        "FROM": "11:00A",
                        "TO": "06:00P",
                        "LENGTH": "30S",
                        "EFFECTIVE DATES": "10/20/12-10/20/12",
                        "PROGRAMS": "NCAA COLLEGE FOOTBALL",
                        "TOTAL\\nBDCST.": 2,
                        "UNIT RATE": 300.0,
                        "TOTAL VALUE(1)": 600.0
                    },
                    {
                        "ITEM": 25,
                        "DAYS": "01111.0",
                        "SPOTS\\nPWK.": 4,
                        "FROM": "10:00P",
                        "TO": "10:35P",
                        "LENGTH": "30S",
                        "EFFECTIVE DATES": "10/16/12-10/19/12",
                        "PROGRAMS": "LATE NEWS M-F/SU",
                        "TOTAL\\nBDCST.": 4,
                        "UNIT RATE": 2000.0,
                        "TOTAL VALUE(1)": 8000.0
                    },
                    {
                        "ITEM": 26,
                        "DAYS": "10000..",
                        "SPOTS\\nPWK.": 1,
                        "FROM": "10:00P",
                        "TO": "10:35P",
                        "LENGTH": "30S",
                        "EFFECTIVE DATES": "10/22/12-10/22/12",
                        "PROGRAMS": "LATE NEWS M-F/SU",
                        "TOTAL\\nBDCST.": 1,
                        "UNIT RATE": 2700.0,
                        "TOTAL VALUE(1)": 2700.0
                    },
                    {
                        "ITEM": 27,
                        "DAYS": "Su",
                        "SPOTS\\nPWK.": 1,
                        "FROM": "10:35P",
                        "TO": "11:05P",
                        "LENGTH": "30S",
                        "EFFECTIVE DATES": "10/21/12-10/21/12",
                        "PROGRAMS": "WCCO 4 NEWS AT 10:30",
                        "TOTAL\\nBDCST.": 1,
                        "UNIT RATE": 900.0,
                        "TOTAL VALUE(1)": 900.0
                    },
                    {
                        "ITEM": 28,
                        "DAYS": "Sa",
                        "SPOTS\\nPWK.": 1,
                        "FROM": "10:00P",
                        "TO": "10:35P",
                        "LENGTH": "30S",
                        "EFFECTIVE DATES": "10/20/12-10/20/12",
                        "PROGRAMS": "LATE NEWS SAT",
                        "TOTAL\\nBDCST.": 1,
                        "UNIT RATE": 2200.0,
                        "TOTAL VALUE(1)": 2200.0
                    },
                    {
                        "ITEM": 29,
                        "DAYS": "01111..",
                        "SPOTS\\nPWK.": 4,
                        "FROM": "10:35P",
                        "TO": "11:38P",
                        "LENGTH": "30S",
                        "EFFECTIVE DATES": "10/16/12-10/19/12",
                        "PROGRAMS": "LATE NIGHT WITH DAVID",
                        "TOTAL\\nBDCST.": 4,
                        "UNIT RATE": 650.0,
                        "TOTAL VALUE(1)": 2600.0
                    },
                    {
                        "ITEM": 30,
                        "DAYS": "10000..",
                        "SPOTS\\nPWK.": 1,
                        "FROM": "10:35P",
                        "TO": "11:38P",
                        "LENGTH": "30S",
                        "EFFECTIVE DATES": "10/22/12-10/22/12",
                        "PROGRAMS": "LATE NIGHT WITH DAVID",
                        "TOTAL\\nBDCST.": 1,
                        "UNIT RATE": 650.0,
                        "TOTAL VALUE(1)": 650.0
                    }
                ]
            }
        ]
    },
    {
        "id": 3,
        "content": [
            {
                "type": "metadata",
                "content": "AGREEMENT MADE BETWEEN\n146318 AGENCY (OR SERVICE) ACTING AS AGENT FOR 170490 ADVERTISER (OR AGENCY AND ADVERTISER)\nWCCO-TV\n"
            },
            {
                "type": "kv",
                "content": [
                    {
                        "PAGE": "3"
                    },
                    {
                        "NAME\\nAND\\nADDRESS": "STRATEGIC MEDIA PLACEMENT\\n7669 Stagers Loop\\nDelaware OH 43015-7010\\nUSA"
                    },
                    {
                        "CONTACT": "WHITNEY EVERSOLE"
                    },
                    {
                        "PRODUCT": "BACHMANN FOR CONGRESS 10/16-22"
                    },
                    {
                        "LOCAL SALESPERSON": "Nicole Roy Pol"
                    },
                    {
                        "AGENCY EST. NO.": "2930"
                    },
                    {
                        "PRODUCT CODE": "1300"
                    }
                ]
            },
            {
                "type": "table",
                "content": [
                    {
                        "CONTRACT NO.REV.": "1141-53980-1"
                    }
                ]
            },
            {
                "type": "table",
                "content": [
                    {
                        "DATE PRINTED": "10/16/12"
                    }
                ]
            },
            {
                "type": "table",
                "content": [
                    {
                        "ITEM": "31",
                        "DAYS": "T",
                        "SPOTS\\nPWK.": "1",
                        "FROM": "08:00P",
                        "TO": "09:00P",
                        "LENGTH": "30S",
                        "EFFECTIVE DATES": "10/16/12-10/16/12",
                        "PROGRAMS": "NCIS: LOS ANGELES",
                        "TOTAL\\nBDCST.": 1,
                        "UNIT RATE": "7400.00",
                        "TOTAL VALUE(1)": 7400.0
                    },
                    {
                        "ITEM": "32",
                        "DAYS": "W",
                        "SPOTS\\nPWK.": "1",
                        "FROM": "06:58P",
                        "TO": "07:58P",
                        "LENGTH": "30S",
                        "EFFECTIVE DATES": "10/17/12-10/17/12",
                        "PROGRAMS": "SURVIVOR XXV: PHILIPPINES",
                        "TOTAL\\nBDCST.": 1,
                        "UNIT RATE": "4500.00",
                        "TOTAL VALUE(1)": 4500.0
                    },
                    {
                        "ITEM": "33",
                        "DAYS": "W",
                        "SPOTS\\nPWK.": "1",
                        "FROM": "09:00P",
                        "TO": "10:00P",
                        "LENGTH": "30S",
                        "EFFECTIVE DATES": "10/17/12-10/17/12",
                        "PROGRAMS": "CSI: CRIME SCENE",
                        "TOTAL\\nBDCST.": 1,
                        "UNIT RATE": "4150.00",
                        "TOTAL VALUE(1)": 4150.0
                    },
                    {
                        "ITEM": "34",
                        "DAYS": "F",
                        "SPOTS\\nPWK.": "1",
                        "FROM": "08:00P",
                        "TO": "09:00P",
                        "LENGTH": "30S",
                        "EFFECTIVE DATES": "10/19/12-10/19/12",
                        "PROGRAMS": "CSI: NY",
                        "TOTAL\\nBDCST.": 1,
                        "UNIT RATE": "3500.00",
                        "TOTAL VALUE(1)": 3500.0
                    },
                    {
                        "ITEM": "35",
                        "DAYS": "Su",
                        "SPOTS\\nPWK.": "1",
                        "FROM": "05:58P",
                        "TO": "07:00P",
                        "LENGTH": "30S",
                        "EFFECTIVE DATES": "10/21/12-10/21/12",
                        "PROGRAMS": "SIXTY MINUTES SUNDAY",
                        "TOTAL\\nBDCST.": 1,
                        "UNIT RATE": "5500.00",
                        "TOTAL VALUE(1)": 5500.0
                    },
                    {
                        "ITEM": "36",
                        "DAYS": "Su",
                        "SPOTS\\nPWK.": "1",
                        "FROM": "08:30P",
                        "TO": "09:30P",
                        "LENGTH": "30S",
                        "EFFECTIVE DATES": "10/21/12-10/21/12",
                        "PROGRAMS": "THE GOOD WIFE",
                        "TOTAL\\nBDCST.": 1,
                        "UNIT RATE": "3700.00",
                        "TOTAL VALUE(1)": 3700.0
                    },
                    {
                        "ITEM": "37",
                        "DAYS": "T-F",
                        "SPOTS\\nPWK.": "3",
                        "FROM": "02:58P",
                        "TO": "03:57P",
                        "LENGTH": "30S",
                        "EFFECTIVE DATES": "10/16/12-10/19/12",
                        "PROGRAMS": "DR. PHIL",
                        "TOTAL\\nBDCST.": 3,
                        "UNIT RATE": "475.00",
                        "TOTAL VALUE(1)": 1425.0
                    },
                    {
                        "ITEM": "38",
                        "DAYS": "T-F",
                        "SPOTS\\nPWK.": "1",
                        "FROM": "09:00A",
                        "TO": "09:58A",
                        "LENGTH": "30S",
                        "EFFECTIVE DATES": "10/16/12-10/19/12",
                        "PROGRAMS": "JEFF PROBST SHOW",
                        "TOTAL\\nBDCST.": 1,
                        "UNIT RATE": "350.00",
                        "TOTAL VALUE(1)": 350.0
                    },
                    {
                        "ITEM": "missing",
                        "DAYS": "missing",
                        "SPOTS\\nPWK.": "missing",
                        "FROM": "missing",
                        "TO": "missing",
                        "LENGTH": "missing",
                        "EFFECTIVE DATES": "missing",
                        "PROGRAMS": "Total Contract:",
                        "TOTAL\\nBDCST.": 76,
                        "UNIT RATE": "missing",
                        "TOTAL VALUE(1)": 112200.0
                    }
                ]
            },
            {
                "type": "table",
                "content": [
                    {
                        "Oct": 110775.0,
                        "Nov": 0.0,
                        "Dec": 0.0,
                        "Total": 110775.0
                    }
                ]
            },
            {
                "type": "table",
                "content": [
                    {
                        "GRAND TOTAL": 110775.0
                    }
                ]
            }
        ]
    }
]