[
    {
        "id": 1,
        "content": [
            {
                "type": "kv",
                "content": [
                    {
                        "Department": "A&S Dean's Office"
                    },
                    {
                        "Status": "Approved"
                    }
                ]
            },
            {
                "type": "table",
                "content": [
                    {
                        "GrantID": 5319,
                        "Director": "Ms. Melanie Bentley",
                        "Grant Title": "Communicating STEM Research to a Broader Audience",
                        "Agency Name": "University of Kentucky",
                        "Amount Awarded": "$7,637"
                    }
                ]
            },
            {
                "type": "kv",
                "content": [
                    {
                        "Department Summary": "A&S Dean's Office"
                    },
                    {
                        "Submitted": "1"
                    },
                    {
                        "Approved": "1"
                    },
                    {
                        "Pending": "0"
                    },
                    {
                        "Declined": "0"
                    },
                    {
                        "Total $": "\"7,637\""
                    },
                    {
                        "Approved $": "\"7,637\""
                    },
                    {
                        "Pending $": "$0"
                    },
                    {
                        "Declined $": "$0"
                    }
                ]
            }
        ]
    },
    {
        "id": 2,
        "content": [
            {
                "type": "kv",
                "content": [
                    {
                        "Department": "\"Anthropology, Sociology, & Social Work\""
                    },
                    {
                        "Status": "Declined"
                    }
                ]
            },
            {
                "type": "table",
                "content": [
                    {
                        "GrantID": 5241,
                        "Director": "Dr. Jennifer Wies",
                        "Grant Title": "Measuring Pathways to Food Insecurity in Appalachia: Modeling Social-Ecological and Political-Economic Influences",
                        "Agency Name": "National Science Foundation",
                        "Amount Requested": "$157,412"
                    }
                ]
            },
            {
                "type": "kv",
                "content": [
                    {
                        "Department Summary": "\"Anthropology, Sociology, & Social Work\""
                    },
                    {
                        "Submitted": "1"
                    },
                    {
                        "Approved": "0"
                    },
                    {
                        "Pending": "0"
                    },
                    {
                        "Declined": "1"
                    },
                    {
                        "Total $": "\"157,412\""
                    },
                    {
                        "Approved $": "$0"
                    },
                    {
                        "Pending $": "$0"
                    },
                    {
                        "Declined $": "\"157,412\""
                    }
                ]
            }
        ]
    },
    {
        "id": 3,
        "content": [
            {
                "type": "kv",
                "content": [
                    {
                        "Department": "Biological Sciences"
                    },
                    {
                        "Status": "Approved"
                    },
                    {
                        "Status": "Declined"
                    },
                    {
                        "Status": "Pending"
                    },
                    {
                        "Department Summary": "Biological Sciences"
                    },
                    {
                        "Submitted": "27"
                    },
                    {
                        "Approved": "15"
                    },
                    {
                        "Pending": "2"
                    },
                    {
                        "Declined": "10"
                    },
                    {
                        "Total $": "\"1,519,291\""
                    },
                    {
                        "Approved $": "\"823,954\""
                    },
                    {
                        "Pending $": "\"399,485\""
                    },
                    {
                        "Declined $": "\"295,852\""
                    }
                ]
            },
            {
                "type": "table",
                "content": [
                    {
                        "GrantID": 5296,
                        "Director": "Dr. Stephen Richter",
                        "Grant Title": "Temporal comparisons of genetic variation in the dusky gopher frog (Lithobates sevosus)",
                        "Agency Name": "Kentucky NSF EPSCoR",
                        "Amount Awarded": "$7,959"
                    },
                    {
                        "GrantID": 5280,
                        "Director": "Dr. Marcia Pierce",
                        "Grant Title": "Bridging the Gap: Appalachian Students in Biomedical Research in Kentucky",
                        "Agency Name": "University of Kentucky",
                        "Amount Awarded": "$206,183"
                    },
                    {
                        "GrantID": 5314,
                        "Director": "Dr. Robert Frederick",
                        "Grant Title": "Wildlife Ecologist - Research Startup",
                        "Agency Name": "Kentucky Science and Technology Corporation",
                        "Amount Awarded": "$30,000"
                    },
                    {
                        "GrantID": 5283,
                        "Director": "Dr. David Brown",
                        "Grant Title": "Running Buffalo Clover and Deer Survey",
                        "Agency Name": "Blue Grass Army Depot",
                        "Amount Awarded": "$20,000"
                    },
                    {
                        "GrantID": 5146,
                        "Director": "Dr. Stephen Richter",
                        "Grant Title": "Enchancing Research Capacity in Appalachia: Research Facilities for Lilley Cornett Woods Field Station",
                        "Agency Name": "National Science Foundation",
                        "Amount Awarded": "$300,474"
                    },
                    {
                        "GrantID": 5232,
                        "Director": "Dr. Sherry Harrel",
                        "Grant Title": "Distribution, Movement and Ecology of Etheostoma sagitta spilotum, the Kentucky Arrow Darter",
                        "Agency Name": "United States Fish and Wildlife Service",
                        "Amount Awarded": "$22,000"
                    },
                    {
                        "GrantID": 5300,
                        "Director": "Dr. Stephen Richter",
                        "Grant Title": "Effects of interactions between Notophthalmus viridescens and lithobates sylvaticus in a ridge-top wetland ecosystem",
                        "Agency Name": "Kentucky Academy of Science",
                        "Amount Awarded": "$1,000"
                    },
                    {
                        "GrantID": 5297,
                        "Director": "Dr. Stephen Richter",
                        "Grant Title": "Comparative Landscape Genetics of Amphibians Across a Ridge-Top Wetland Ecosystem",
                        "Agency Name": "Kentucky NSF EPSCoR",
                        "Amount Awarded": "$4,358"
                    },
                    {
                        "GrantID": 5290,
                        "Director": "Dr. Jarrod Thaxton",
                        "Grant Title": "Linking Theory and Practice to Overcome Barriers to Ecosystem Restoration",
                        "Agency Name": "Kentucky NSF EPSCoR",
                        "Amount Awarded": "$35,592"
                    },
                    {
                        "GrantID": 5200,
                        "Director": "Dr. Stephen Richter",
                        "Grant Title": "Conservation genetics of gopher frogs in Alabama",
                        "Agency Name": "Alabama Division of Wildlife and Freshwater Fish",
                        "Amount Awarded": "$7,045"
                    },
                    {
                        "GrantID": 5254,
                        "Director": "Dr. David Brown",
                        "Grant Title": "Evaluation of Management Strategies for Long-Term Maintenance of Running Buffalo Clover (Trifolium stoloniferum) populations in Kentucky",
                        "Agency Name": "Kentucky Natural Lands Trust",
                        "Amount Awarded": "$6,000"
                    },
                    {
                        "GrantID": 5189,
                        "Director": "Dr. Amy Braccia",
                        "Grant Title": "Assessment of Hydrologic Functions in Combined Stream and Floodplain Restoration",
                        "Agency Name": "University of Louisville",
                        "Amount Awarded": "$59,732"
                    },
                    {
                        "GrantID": 5187,
                        "Director": "Dr. Stephen Richter",
                        "Grant Title": "Statewide validation of the Kentucky Wetland Rapid Assessment Method (KY-WRAM) and Indices of Biotic Integrity",
                        "Agency Name": "Kentucky Division of Water",
                        "Amount Awarded": "$65,451"
                    },
                    {
                        "GrantID": 5231,
                        "Director": "Dr. Sherry Harrel",
                        "Grant Title": "Distribution, Movement and Ecology of Etheostoma sagitta spilotum, the Kentucky Arrow Darter",
                        "Agency Name": "Kentucky Department of Fish and Wildlife Resources",
                        "Amount Awarded": "$57,160"
                    },
                    {
                        "GrantID": 5298,
                        "Director": "Dr. David Hayes",
                        "Grant Title": "Molecular Analyses in Conjunction with Ongoing Phylogenetics Research",
                        "Agency Name": "Missouri Department of Conservation",
                        "Amount Awarded": "$1,000"
                    }
                ]
            },
            {
                "type": "table",
                "content": [
                    {
                        "GrantID": 5301,
                        "Director": "Dr. Gary Ritchison",
                        "Grant Title": "Vocal Responses of Blue Jays to Raptors: possible use of referential alarm calls to convey information to conspecifics",
                        "Agency Name": "Kentucky Academy of Science",
                        "Amount Requested": "$4,780"
                    },
                    {
                        "GrantID": 5179,
                        "Director": "Dr. Stephen Richter",
                        "Grant Title": "Developing a genotyping tool for assisting the management of the critically endangered dusky gopher frog",
                        "Agency Name": "San Diego Zoo",
                        "Amount Requested": "$0"
                    },
                    {
                        "GrantID": 5182,
                        "Director": "Dr. Stephen Richter",
                        "Grant Title": "Reversing the Decline of an Eastern Grassland Indicator Species",
                        "Agency Name": "Texas Parks and Wildlife Department",
                        "Amount Requested": "$22,008"
                    },
                    {
                        "GrantID": 5302,
                        "Director": "Dr. Gary Ritchison",
                        "Grant Title": "Provisioning Strategies of Male and Female American Kestrel: Effects of Variation in the Intensity of Begging by Nestlings",
                        "Agency Name": "Kentucky Academy of Science",
                        "Amount Requested": "$1,283"
                    },
                    {
                        "GrantID": 5204,
                        "Director": "Dr. Patrick Calie",
                        "Grant Title": "Dimensions: Collaborative Research: Convergent evolution and chemotypic diversification of vertically transmitted plant-symbiotic fungi",
                        "Agency Name": "National Science Foundation",
                        "Amount Requested": "$40,424"
                    },
                    {
                        "GrantID": 5305,
                        "Director": "Dr. Stephen Richter",
                        "Grant Title": "Effects of interactions between Notophthalmus viridescens and Lithobates sylvaticus in a ridge-top wetland system",
                        "Agency Name": "The Wetland Foundation",
                        "Amount Requested": "$800"
                    },
                    {
                        "GrantID": 5310,
                        "Director": "Dr. Brad Ruhfel",
                        "Grant Title": "Plastid Phylogenomics of Podostemaceae",
                        "Agency Name": "Oak Ridge Associated Universities",
                        "Amount Requested": "$5,000"
                    },
                    {
                        "GrantID": 5312,
                        "Director": "Dr. Lindsay Calderon",
                        "Grant Title": "iPLA2beta a novel regulator of breast cancer tumor growth and metastasis",
                        "Agency Name": "University of Louisville",
                        "Amount Requested": "$112,000"
                    },
                    {
                        "GrantID": 5279,
                        "Director": "Dr. Lindsay Calderon",
                        "Grant Title": "Enchancing Appalachian Undergraduate Education through the Cardiovascular Summer Research Institute",
                        "Agency Name": "American Heart Association",
                        "Amount Requested": "$40,000"
                    },
                    {
                        "GrantID": 5100,
                        "Director": "Dr. Patrick Calie",
                        "Grant Title": "Nonparametric Approaches to Estimate Phylogenetic Tree Distributions",
                        "Agency Name": "National Science Foundation",
                        "Amount Requested": "$69,557"
                    }
                ]
            },
            {
                "type": "table",
                "content": [
                    {
                        "GrantID": 5332,
                        "Director": "Dr. Rebekah Waikel",
                        "Grant Title": "An Early College Initiative to Retain Appalachian Students in STEM Fields",
                        "Agency Name": "Association of American College and Universities",
                        "Amount Requested": "$329,489"
                    },
                    {
                        "GrantID": 5324,
                        "Director": "Dr. Rebekah Waikel",
                        "Grant Title": "Bridge Funding for Estrogen Mediated Regulation of miRNAs in Cardiac Remodeling",
                        "Agency Name": "University of Louisville",
                        "Amount Requested": "$69,996"
                    }
                ]
            }
        ]
    },
    {
        "id": 4,
        "content": [
            {
                "type": "kv",
                "content": [
                    {
                        "Department": "Chemistry"
                    },
                    {
                        "Status": "Approved"
                    },
                    {
                        "Status": "Declined"
                    },
                    {
                        "Status": "Pending"
                    },
                    {
                        "Department": "Chemistry"
                    },
                    {
                        "Submitted": "12"
                    },
                    {
                        "Approved": "5"
                    },
                    {
                        "Pending": "1"
                    },
                    {
                        "Declined": "6"
                    },
                    {
                        "Total $": "\"703,799\""
                    },
                    {
                        "Approved $": "\"144,801\""
                    },
                    {
                        "Pending $": "\"69,919\""
                    },
                    {
                        "Declined $": "\"489,079\""
                    }
                ]
            },
            {
                "type": "table",
                "content": [
                    {
                        "GrantID": 5285,
                        "Director": "Dr. Tanea Reed",
                        "Grant Title": "The role of glutathione elevation in moderate traumatic brain injury",
                        "Agency Name": "Kentucky NSF EPSCoR",
                        "Amount Awarded": "$10,440"
                    },
                    {
                        "GrantID": 5343,
                        "Director": "Dr. Lori Wilson",
                        "Grant Title": "Startup Funds for Assistant Professor of Inorganic Chemistry",
                        "Agency Name": "Kentucky Science and Technology Corporation",
                        "Amount Awarded": "$25,000"
                    },
                    {
                        "GrantID": 5286,
                        "Director": "Dr. Buchang Shi",
                        "Grant Title": "Towards understanding the mechanism of hydrocarbon synthesis on iron catalysts",
                        "Agency Name": "Kentucky NSF EPSCoR",
                        "Amount Awarded": "$25,000"
                    },
                    {
                        "GrantID": 5365,
                        "Director": "Dr. Lori Wilson",
                        "Grant Title": "The application of molecular beacons as a diagnostic mechanism for rapid SNP genotyping of highly degraded forensic samples",
                        "Agency Name": "Kentucky NSF EPSCoR",
                        "Amount Awarded": "$59,361"
                    },
                    {
                        "GrantID": 5307,
                        "Director": "Dr. David Cunningham",
                        "Grant Title": "Coating Research",
                        "Agency Name": "Abbott Point-of-Care",
                        "Amount Awarded": "$25,000"
                    }
                ]
            },
            {
                "type": "table",
                "content": [
                    {
                        "GrantID": 5320,
                        "Director": "Dr. Tanea Reed",
                        "Grant Title": "A novel therapeutic treatment for lipid peroxidation reduction and glutathione elevation in moderate traumatic brain injury",
                        "Agency Name": "University of Louisville",
                        "Amount Requested": "$49,981"
                    },
                    {
                        "GrantID": 5373,
                        "Director": "Dr. Lori Wilson",
                        "Grant Title": "The application of molecular beacons as a diagnostic mechanism for the rapid genotyping of InDels and SNPs",
                        "Agency Name": "University of Louisville",
                        "Amount Requested": "$29,000"
                    },
                    {
                        "GrantID": 5288,
                        "Director": "Dr. David Cunningham",
                        "Grant Title": "Collaborative Research: In-situ measurements of NanoMechanical forces in free-standing fibrous thin-film substrates to understand cell attachment, growth, and proliferation",
                        "Agency Name": "National Science Foundation",
                        "Amount Requested": "$231,244"
                    },
                    {
                        "GrantID": 5161,
                        "Director": "Dr. Buchang Shi",
                        "Grant Title": "Sugar production from low temperature pre-treated biomass",
                        "Agency Name": "Kentucky Science and Technology Corporation",
                        "Amount Requested": "$29,998"
                    },
                    {
                        "GrantID": 5287,
                        "Director": "Dr. Donghui Quan",
                        "Grant Title": "Chemical Modeling of Newly Detected Interstellar Nitro-Prebiotic Modules",
                        "Agency Name": "University of Kentucky",
                        "Amount Requested": "$36,856"
                    },
                    {
                        "GrantID": 5311,
                        "Director": "Dr. Margaret Ndinguri",
                        "Grant Title": "Targeting cancer cells using luteinizing hormone releasing hormone (LHRH) peptide moiety",
                        "Agency Name": "University of Louisville",
                        "Amount Requested": "$112,000"
                    }
                ]
            },
            {
                "type": "table",
                "content": [
                    {
                        "GrantID": 5328,
                        "Director": "Dr. Tanea Reed",
                        "Grant Title": "A novel therapeutic treatment for lipid peroxidation reduction and glutathione elevation in moderate traumatic brain injury",
                        "Agency Name": "University of Louisville",
                        "Amount Requested": "$69,919"
                    }
                ]
            }
        ]
    },
    {
        "id": 5,
        "content": [
            {
                "type": "kv",
                "content": [
                    {
                        "Department": "Computer Science"
                    },
                    {
                        "Status": "Declined"
                    },
                    {
                        "Department Summary": "Computer Science"
                    },
                    {
                        "Submitted": "1"
                    },
                    {
                        "Approved": "0"
                    },
                    {
                        "Pending": "0"
                    },
                    {
                        "Declined": "1"
                    },
                    {
                        "Total $": "\"3,046\""
                    },
                    {
                        "Approved $": "$0"
                    },
                    {
                        "Pending $": "$0"
                    },
                    {
                        "Declined $": "\"3,046\""
                    }
                ]
            },
            {
                "type": "table",
                "content": [
                    {
                        "GrantID": 5158,
                        "Director": "Dr. Mengkun Yang",
                        "Grant Title": "iPad Application for Assisting in Treatment of Children with Autism Spectrum Disorders (ASD)",
                        "Agency Name": "WHAS Crusade for Children",
                        "Amount Requested": "$3"
                    }
                ]
            }
        ]
    }
]