[
    {
        "id": 1,
        "content": [
            {
                "type": "metadata",
                "content": "CONTRACT\nWHIO-TV\n"
            },
            {
                "type": "kv",
                "content": [
                    {
                        "Contract / Revision": "931552"
                    },
                    {
                        "Alt Order #": "10373344"
                    },
                    {
                        "Advertiser": "POLJ Mandel/R/Sen/OH-A"
                    },
                    {
                        "Contract Dates": "04/12/22 - 04/18/22"
                    },
                    {
                        "Product": "EST 3189 4/12-4/18"
                    },
                    {
                        "Estimate #": "3189"
                    },
                    {
                        "Billing Cycle": "WEEKLY"
                    },
                    {
                        "Billing Calendar": "Broadcast"
                    },
                    {
                        "Cash/Trade": "Cash"
                    },
                    {
                        "Property": "WHIO-TV"
                    },
                    {
                        "Account Executive": "Dallas CoxReps"
                    },
                    {
                        "Sales Office": "CoxReps Dallas"
                    },
                    {
                        "Demographic": "Adults 55+"
                    },
                    {
                        "Agy Code": "TV61670"
                    },
                    {
                        "Advertiser Code": "302"
                    },
                    {
                        "Product 1/2": "403"
                    },
                    {
                        "Agency Ref": "P00062204"
                    },
                    {
                        "Advertiser Ref": "P00090931-A"
                    }
                ]
            },
            {
                "type": "table",
                "content": [
                    {
                        "Line": "D 1",
                        "Ch": "WHIO",
                        "Start Date": "04/12/22",
                        "End Date": "04/18/22",
                        "Description": "Daybreak Edition 6a",
                        "Start/End\\nTime": "6:00 AM-7:00 AM",
                        "Days": "missing",
                        "Length": ":30",
                        "Spots\\nWeek": "missing",
                        "Rate PCode": "P-05",
                        "Type": "NM",
                        "Spots": 0,
                        "Amount": "$0.00"
                    },
                    {
                        "Line": "D 2",
                        "Ch": "WHIO",
                        "Start Date": "04/12/22",
                        "End Date": "04/18/22",
                        "Description": "Daybreak Edition 6a",
                        "Start/End\\nTime": "6:00 AM-7:00 AM",
                        "Days": "missing",
                        "Length": ":30",
                        "Spots\\nWeek": "missing",
                        "Rate PCode": "P-05",
                        "Type": "NM",
                        "Spots": 0,
                        "Amount": "$0.00"
                    },
                    {
                        "Line": "D 3",
                        "Ch": "WHIO",
                        "Start Date": "04/13/22",
                        "End Date": "04/13/22",
                        "Description": "Daybreak Edition 6a",
                        "Start/End\\nTime": "6:00 AM-7:00 AM",
                        "Days": "missing",
                        "Length": ":30",
                        "Spots\\nWeek": "missing",
                        "Rate PCode": "P-05",
                        "Type": "NM",
                        "Spots": 0,
                        "Amount": "$0.00"
                    },
                    {
                        "Line": "D 4",
                        "Ch": "WHIO",
                        "Start Date": "04/14/22",
                        "End Date": "04/14/22",
                        "Description": "Daybreak Edition 6a",
                        "Start/End\\nTime": "6:00 AM-7:00 AM",
                        "Days": "missing",
                        "Length": ":30",
                        "Spots\\nWeek": "missing",
                        "Rate PCode": "P-05",
                        "Type": "NM",
                        "Spots": 0,
                        "Amount": "$0.00"
                    },
                    {
                        "Line": "D 5",
                        "Ch": "WHIO",
                        "Start Date": "04/15/22",
                        "End Date": "04/15/22",
                        "Description": "Daybreak Edition 6a",
                        "Start/End\\nTime": "6:00 AM-7:00 AM",
                        "Days": "missing",
                        "Length": ":30",
                        "Spots\\nWeek": "missing",
                        "Rate PCode": "P-05",
                        "Type": "NM",
                        "Spots": 0,
                        "Amount": "$0.00"
                    },
                    {
                        "Line": "D 6",
                        "Ch": "WHIO",
                        "Start Date": "04/18/22",
                        "End Date": "04/18/22",
                        "Description": "CBS This Morning",
                        "Start/End\\nTime": "7:00 AM-8:00 AM",
                        "Days": "missing",
                        "Length": ":30",
                        "Spots\\nWeek": "missing",
                        "Rate PCode": "P-05",
                        "Type": "NM",
                        "Spots": 0,
                        "Amount": "$0.00"
                    },
                    {
                        "Line": "D 7",
                        "Ch": "WHIO",
                        "Start Date": "04/12/22",
                        "End Date": "04/12/22",
                        "Description": "CBS This Morning",
                        "Start/End\\nTime": "7:00 AM-8:00 AM",
                        "Days": "missing",
                        "Length": ":30",
                        "Spots\\nWeek": "missing",
                        "Rate PCode": "P-05",
                        "Type": "NM",
                        "Spots": 0,
                        "Amount": "$0.00"
                    },
                    {
                        "Line": "D 8",
                        "Ch": "WHIO",
                        "Start Date": "04/14/22",
                        "End Date": "04/14/22",
                        "Description": "CBS This Morning",
                        "Start/End\\nTime": "7:00 AM-8:00 AM",
                        "Days": "missing",
                        "Length": ":30",
                        "Spots\\nWeek": "missing",
                        "Rate PCode": "P-05",
                        "Type": "NM",
                        "Spots": 0,
                        "Amount": "$0.00"
                    },
                    {
                        "Line": "D 9",
                        "Ch": "WHIO",
                        "Start Date": "04/13/22",
                        "End Date": "04/13/22",
                        "Description": "CBS This Morning",
                        "Start/End\\nTime": "8:00 AM-9:00 AM",
                        "Days": "missing",
                        "Length": ":30",
                        "Spots\\nWeek": "missing",
                        "Rate PCode": "P-05",
                        "Type": "NM",
                        "Spots": 0,
                        "Amount": "$0.00"
                    },
                    {
                        "Line": "D 10",
                        "Ch": "WHIO",
                        "Start Date": "04/15/22",
                        "End Date": "04/15/22",
                        "Description": "CBS This Morning",
                        "Start/End\\nTime": "8:00 AM-9:00 AM",
                        "Days": "missing",
                        "Length": ":30",
                        "Spots\\nWeek": "missing",
                        "Rate PCode": "P-05",
                        "Type": "NM",
                        "Spots": 0,
                        "Amount": "$0.00"
                    },
                    {
                        "Line": "D 11",
                        "Ch": "WHIO",
                        "Start Date": "04/16/22",
                        "End Date": "04/16/22",
                        "Description": "NewsCenter 7 Sa 8a",
                        "Start/End\\nTime": "8:00 AM-10:00 AM",
                        "Days": "missing",
                        "Length": ":30",
                        "Spots\\nWeek": "missing",
                        "Rate PCode": "P-05",
                        "Type": "NM",
                        "Spots": 1,
                        "Amount": "$250.00"
                    },
                    {
                        "Line": "D 12",
                        "Ch": "WHIO",
                        "Start Date": "04/17/22",
                        "End Date": "04/17/22",
                        "Description": "Face The Nation",
                        "Start/End\\nTime": "10:30 AM-11:30 A",
                        "Days": "missing",
                        "Length": ":30",
                        "Spots\\nWeek": "missing",
                        "Rate PCode": "P-05",
                        "Type": "NM",
                        "Spots": 1,
                        "Amount": "$300.00"
                    },
                    {
                        "Line": "D 13",
                        "Ch": "WHIO",
                        "Start Date": "04/18/22",
                        "End Date": "04/18/22",
                        "Description": "NewsCenter 7 @ noon",
                        "Start/End\\nTime": "12:00 PM-12:30 PM",
                        "Days": "missing",
                        "Length": ":30",
                        "Spots\\nWeek": "missing",
                        "Rate PCode": "P-05",
                        "Type": "NM",
                        "Spots": 0,
                        "Amount": "$0.00"
                    },
                    {
                        "Line": "D 14",
                        "Ch": "WHIO",
                        "Start Date": "04/12/22",
                        "End Date": "04/12/22",
                        "Description": "NewsCenter 7 @ noon",
                        "Start/End\\nTime": "12:00 PM-12:30 PM",
                        "Days": "missing",
                        "Length": ":30",
                        "Spots\\nWeek": "missing",
                        "Rate PCode": "P-05",
                        "Type": "NM",
                        "Spots": 0,
                        "Amount": "$0.00"
                    },
                    {
                        "Line": "D 15",
                        "Ch": "WHIO",
                        "Start Date": "04/13/22",
                        "End Date": "04/13/22",
                        "Description": "NewsCenter 7 @ noon",
                        "Start/End\\nTime": "12:00 PM-12:30 PM",
                        "Days": "missing",
                        "Length": ":30",
                        "Spots\\nWeek": "missing",
                        "Rate PCode": "P-05",
                        "Type": "NM",
                        "Spots": 0,
                        "Amount": "$0.00"
                    },
                    {
                        "Line": "D 16",
                        "Ch": "WHIO",
                        "Start Date": "04/14/22",
                        "End Date": "04/14/22",
                        "Description": "NewsCenter 7 @ noon",
                        "Start/End\\nTime": "12:00 PM-12:30 PM",
                        "Days": "missing",
                        "Length": ":30",
                        "Spots\\nWeek": "missing",
                        "Rate PCode": "P-05",
                        "Type": "NM",
                        "Spots": 0,
                        "Amount": "$0.00"
                    },
                    {
                        "Line": "D 17",
                        "Ch": "WHIO",
                        "Start Date": "04/15/22",
                        "End Date": "04/15/22",
                        "Description": "NewsCenter 7 @ noon",
                        "Start/End\\nTime": "12:00 PM-12:30 PM",
                        "Days": "missing",
                        "Length": ":30",
                        "Spots\\nWeek": "missing",
                        "Rate PCode": "P-05",
                        "Type": "NM",
                        "Spots": 0,
                        "Amount": "$0.00"
                    },
                    {
                        "Line": "D 18",
                        "Ch": "WHIO",
                        "Start Date": "04/18/22",
                        "End Date": "04/18/22",
                        "Description": "NewsCenter 7 6p",
                        "Start/End\\nTime": "6:00 PM-6:30 PM",
                        "Days": "missing",
                        "Length": ":30",
                        "Spots\\nWeek": "missing",
                        "Rate PCode": "P-05",
                        "Type": "NM",
                        "Spots": 0,
                        "Amount": "$0.00"
                    },
                    {
                        "Line": "D 19",
                        "Ch": "WHIO",
                        "Start Date": "04/12/22",
                        "End Date": "04/12/22",
                        "Description": "NewsCenter 7 6p",
                        "Start/End\\nTime": "6:00 PM-6:30 PM",
                        "Days": "missing",
                        "Length": ":30",
                        "Spots\\nWeek": "missing",
                        "Rate PCode": "P-05",
                        "Type": "NM",
                        "Spots": 0,
                        "Amount": "$0.00"
                    },
                    {
                        "Line": "D 20",
                        "Ch": "WHIO",
                        "Start Date": "04/13/22",
                        "End Date": "04/13/22",
                        "Description": "NewsCenter 7 6p",
                        "Start/End\\nTime": "6:00 PM-6:30 PM",
                        "Days": "missing",
                        "Length": ":30",
                        "Spots\\nWeek": "missing",
                        "Rate PCode": "P-05",
                        "Type": "NM",
                        "Spots": 0,
                        "Amount": "$0.00"
                    },
                    {
                        "Line": "D 21",
                        "Ch": "WHIO",
                        "Start Date": "04/14/22",
                        "End Date": "04/14/22",
                        "Description": "NewsCenter 7 6p",
                        "Start/End\\nTime": "6:00 PM-6:30 PM",
                        "Days": "missing",
                        "Length": ":30",
                        "Spots\\nWeek": "missing",
                        "Rate PCode": "P-05",
                        "Type": "NM",
                        "Spots": 0,
                        "Amount": "$0.00"
                    }
                ]
            },
            {
                "type": "table",
                "content": [
                    {
                        "Start Date": "04/11/22",
                        "End Date": "04/17/22",
                        "Weekdays": "-----1-",
                        "Spots/Week": 1,
                        "Rate": "$250.00"
                    },
                    {
                        "Start Date": "04/11/22",
                        "End Date": "04/17/22",
                        "Weekdays": "------1",
                        "Spots/Week": 1,
                        "Rate": "$300.00"
                    }
                ]
            }
        ]
    },
    {
        "id": 2,
        "content": [
            {
                "type": "metadata",
                "content": "WHIO-TV\nPO Box 809606\nChicago, IL 60680-9606\n(855) 333-2676\n"
            },
            {
                "type": "kv",
                "content": [
                    {
                        "Contract / Revision": "931552"
                    },
                    {
                        "Alt Order #": "10373344"
                    },
                    {
                        "Advertiser": "POL/J Mandel/R/Sen/OH-A"
                    },
                    {
                        "Original Date / Revision": "04/12/22"
                    },
                    {
                        "Contract Dates": "04/12/22 - 04/18/22"
                    },
                    {
                        "Product": "EST 3189 4/12-4/18"
                    },
                    {
                        "Estimate #": "3189"
                    }
                ]
            },
            {
                "type": "table",
                "content": [
                    {
                        "Line": "D 22",
                        "Ch": "WHIO",
                        "Start Date": "04/15/22",
                        "End Date": "04/15/22",
                        "Description": "NewsCenter 7 6p",
                        "Start/End Time": "6:00 PM-6:30 PM",
                        "Days": "missing",
                        "Length": ":30",
                        "Spots\\nWeek": "missing",
                        "Rate PCode": "P-05",
                        "Type": "NM",
                        "Spots": 0,
                        "Amount": "$0.00"
                    },
                    {
                        "Line": "D 23",
                        "Ch": "WHIO",
                        "Start Date": "04/16/22",
                        "End Date": "04/17/22",
                        "Description": "NewsCenter 7 6p",
                        "Start/End Time": "6:00 PM-7:00 PM",
                        "Days": "missing",
                        "Length": ":30",
                        "Spots\\nWeek": "missing",
                        "Rate PCode": "P-05",
                        "Type": "NM",
                        "Spots": 1,
                        "Amount": "$375.00"
                    },
                    {
                        "Line": "D 24",
                        "Ch": "WHIO",
                        "Start Date": "04/17/22",
                        "End Date": "04/17/22",
                        "Description": "Sa-Su Early News",
                        "Start/End Time": "6:00 PM-7:00 PM",
                        "Days": "missing",
                        "Length": ":30",
                        "Spots\\nWeek": "missing",
                        "Rate PCode": "P-05",
                        "Type": "NM",
                        "Spots": 1,
                        "Amount": "$375.00"
                    },
                    {
                        "Line": "D 25",
                        "Ch": "WHIO",
                        "Start Date": "04/18/22",
                        "End Date": "04/18/22",
                        "Description": "M-Su 11p News",
                        "Start/End Time": "11:00 PM-11:35 PM",
                        "Days": "missing",
                        "Length": ":30",
                        "Spots\\nWeek": "missing",
                        "Rate PCode": "P-05",
                        "Type": "NM",
                        "Spots": 1,
                        "Amount": "$750.00"
                    },
                    {
                        "Line": "D 26",
                        "Ch": "WHIO",
                        "Start Date": "04/12/22",
                        "End Date": "04/12/22",
                        "Description": "M-F 11p News",
                        "Start/End Time": "11:00 PM-11:35 PM",
                        "Days": "missing",
                        "Length": ":30",
                        "Spots\\nWeek": "missing",
                        "Rate PCode": "P-05",
                        "Type": "NM",
                        "Spots": 1,
                        "Amount": "$750.00"
                    },
                    {
                        "Line": "D 27",
                        "Ch": "WHIO",
                        "Start Date": "04/13/22",
                        "End Date": "04/13/22",
                        "Description": "M-F 11p News",
                        "Start/End Time": "11:00 PM-11:35 PM",
                        "Days": "missing",
                        "Length": ":30",
                        "Spots\\nWeek": "missing",
                        "Rate PCode": "P-05",
                        "Type": "NM",
                        "Spots": 1,
                        "Amount": "$750.00"
                    },
                    {
                        "Line": "D 28",
                        "Ch": "WHIO",
                        "Start Date": "04/14/22",
                        "End Date": "04/14/22",
                        "Description": "M-F 11p News",
                        "Start/End Time": "11:00 PM-11:35 PM",
                        "Days": "missing",
                        "Length": ":30",
                        "Spots\\nWeek": "missing",
                        "Rate PCode": "P-05",
                        "Type": "NM",
                        "Spots": 1,
                        "Amount": "$750.00"
                    },
                    {
                        "Line": "D 29",
                        "Ch": "WHIO",
                        "Start Date": "04/15/22",
                        "End Date": "04/15/22",
                        "Description": "M-F 11p News",
                        "Start/End Time": "11:00 PM-11:35 PM",
                        "Days": "missing",
                        "Length": ":30",
                        "Spots\\nWeek": "missing",
                        "Rate PCode": "P-05",
                        "Type": "NM",
                        "Spots": 1,
                        "Amount": "$750.00"
                    },
                    {
                        "Line": "D 30",
                        "Ch": "WHIO",
                        "Start Date": "04/16/22",
                        "End Date": "04/16/22",
                        "Description": "M-Su 11p News",
                        "Start/End Time": "11:00 PM-11:35 PM",
                        "Days": "missing",
                        "Length": ":30",
                        "Spots\\nWeek": "missing",
                        "Rate PCode": "P-05",
                        "Type": "NM",
                        "Spots": 1,
                        "Amount": "$750.00"
                    },
                    {
                        "Line": "D 31",
                        "Ch": "WHIO",
                        "Start Date": "04/17/22",
                        "End Date": "04/17/22",
                        "Description": "M-Su 11p News",
                        "Start/End Time": "11:00 PM-11:35 PM",
                        "Days": "missing",
                        "Length": ":30",
                        "Spots\\nWeek": "missing",
                        "Rate PCode": "P-05",
                        "Type": "NM",
                        "Spots": 1,
                        "Amount": "$750.00"
                    },
                    {
                        "Line": "D 32",
                        "Ch": "WHIO",
                        "Start Date": "04/18/22",
                        "End Date": "04/18/22",
                        "Description": "Daybreak Edition 6a",
                        "Start/End Time": "6:00 AM-7:00 AM",
                        "Days": "missing",
                        "Length": ":30",
                        "Spots\\nWeek": "missing",
                        "Rate PCode": "P-04",
                        "Type": "NM",
                        "Spots": 1,
                        "Amount": "$475.00"
                    },
                    {
                        "Line": "D 33",
                        "Ch": "WHIO",
                        "Start Date": "04/12/22",
                        "End Date": "04/13/22",
                        "Description": "Daybreak Edition 6a",
                        "Start/End Time": "6:00 AM-7:00 AM",
                        "Days": "missing",
                        "Length": ":30",
                        "Spots\\nWeek": "missing",
                        "Rate PCode": "P-04",
                        "Type": "NM",
                        "Spots": 1,
                        "Amount": "$475.00"
                    },
                    {
                        "Line": "D 34",
                        "Ch": "WHIO",
                        "Start Date": "04/14/22",
                        "End Date": "04/14/22",
                        "Description": "Daybreak Edition 6a",
                        "Start/End Time": "6:00 AM-7:00 AM",
                        "Days": "missing",
                        "Length": ":30",
                        "Spots\\nWeek": "missing",
                        "Rate PCode": "P-04",
                        "Type": "NM",
                        "Spots": 1,
                        "Amount": "$475.00"
                    },
                    {
                        "Line": "D 35",
                        "Ch": "WHIO",
                        "Start Date": "04/15/22",
                        "End Date": "04/15/22",
                        "Description": "Daybreak Edition 6a",
                        "Start/End Time": "6:00 AM-7:00 AM",
                        "Days": "missing",
                        "Length": ":30",
                        "Spots\\nWeek": "missing",
                        "Rate PCode": "P-04",
                        "Type": "NM",
                        "Spots": 1,
                        "Amount": "$475.00"
                    },
                    {
                        "Line": "D 36",
                        "Ch": "WHIO",
                        "Start Date": "04/18/22",
                        "End Date": "04/18/22",
                        "Description": "Daybreak Edition 6a",
                        "Start/End Time": "6:00 AM-7:00 AM",
                        "Days": "missing",
                        "Length": ":30",
                        "Spots\\nWeek": "missing",
                        "Rate PCode": "P-04",
                        "Type": "NM",
                        "Spots": 1,
                        "Amount": "$475.00"
                    },
                    {
                        "Line": "D 37",
                        "Ch": "WHIO",
                        "Start Date": "04/18/22",
                        "End Date": "04/18/22",
                        "Description": "CBS This Morning",
                        "Start/End Time": "7:00 AM-8:00 AM",
                        "Days": "missing",
                        "Length": ":30",
                        "Spots\\nWeek": "missing",
                        "Rate PCode": "P-04",
                        "Type": "NM",
                        "Spots": 1,
                        "Amount": "$400.00"
                    }
                ]
            },
            {
                "type": "table",
                "content": [
                    {
                        "Start Date": "04/11/22",
                        "End Date": "04/17/22",
                        "Weekdays": "------1",
                        "Spots/Week": 1,
                        "Rate": "$375.00"
                    },
                    {
                        "Start Date": "04/11/22",
                        "End Date": "04/17/22",
                        "Weekdays": "-----1-",
                        "Spots/Week": 1,
                        "Rate": "$750.00"
                    },
                    {
                        "Start Date": "04/11/22",
                        "End Date": "04/17/22",
                        "Weekdays": "------1",
                        "Spots/Week": 1,
                        "Rate": "$750.00"
                    },
                    {
                        "Start Date": "04/11/22",
                        "End Date": "04/17/22",
                        "Weekdays": "-----1-",
                        "Spots/Week": 1,
                        "Rate": "$750.00"
                    },
                    {
                        "Start Date": "04/11/22",
                        "End Date": "04/17/22",
                        "Weekdays": "------1",
                        "Spots/Week": 1,
                        "Rate": "$750.00"
                    },
                    {
                        "Start Date": "04/11/22",
                        "End Date": "04/17/22",
                        "Weekdays": "-----1-",
                        "Spots/Week": 1,
                        "Rate": "$475.00"
                    },
                    {
                        "Start Date": "04/11/22",
                        "End Date": "04/17/22",
                        "Weekdays": "------1",
                        "Spots/Week": 1,
                        "Rate": "$475.00"
                    },
                    {
                        "Start Date": "04/11/22",
                        "End Date": "04/17/22",
                        "Weekdays": "-----1-",
                        "Spots/Week": 1,
                        "Rate": "$400.00"
                    }
                ]
            }
        ]
    },
    {
        "id": 3,
        "content": [
            {
                "type": "metadata",
                "content": "WHIO-TV\nPO Box 809606\nChicago, IL 60680-9606\n(855) 333-2676\n"
            },
            {
                "type": "kv",
                "content": [
                    {
                        "Contract / Revision": "931552"
                    },
                    {
                        "Alt Order #": "10373344"
                    },
                    {
                        "Advertiser": "POL/J Mandel/R/Sen/OH-A"
                    },
                    {
                        "Original Date / Revision": "04/12/22"
                    },
                    {
                        "Contract Dates": "04/12/22 - 04/18/22"
                    },
                    {
                        "Product": "EST 3189 4/12-4/18"
                    },
                    {
                        "Estimate #": "3189"
                    }
                ]
            },
            {
                "type": "table",
                "content": [
                    {
                        "Line": "D 38",
                        "Ch": "WHIO",
                        "Start Date": "04/12/22",
                        "End Date": "04/12/22",
                        "Description": "CBS This Morning",
                        "Start/End Time": "7:00 AM-8:00 AM",
                        "Days": "missing",
                        "Length": ":30",
                        "Spots\\nWeek": "missing",
                        "Rate PCode": "P-04",
                        "Type": "NM",
                        "Spots": 1,
                        "Amount": "$400.00"
                    },
                    {
                        "Line": "D 39",
                        "Ch": "WHIO",
                        "Start Date": "04/13/22",
                        "End Date": "04/13/22",
                        "Description": "CBS This Morning",
                        "Start/End Time": "7:00 AM-8:00 AM",
                        "Days": "missing",
                        "Length": ":30",
                        "Spots\\nWeek": "missing",
                        "Rate PCode": "P-04",
                        "Type": "NM",
                        "Spots": 1,
                        "Amount": "$400.00"
                    },
                    {
                        "Line": "D 40",
                        "Ch": "WHIO",
                        "Start Date": "04/14/22",
                        "End Date": "04/14/22",
                        "Description": "CBS This Morning",
                        "Start/End Time": "7:00 AM-8:00 AM",
                        "Days": "missing",
                        "Length": ":30",
                        "Spots\\nWeek": "missing",
                        "Rate PCode": "P-04",
                        "Type": "NM",
                        "Spots": 1,
                        "Amount": "$400.00"
                    },
                    {
                        "Line": "D 41",
                        "Ch": "WHIO",
                        "Start Date": "04/12/22",
                        "End Date": "04/12/22",
                        "Description": "CBS This Morning",
                        "Start/End Time": "8:00 AM-9:00 AM",
                        "Days": "missing",
                        "Length": ":30",
                        "Spots\\nWeek": "missing",
                        "Rate PCode": "P-04",
                        "Type": "NM",
                        "Spots": 1,
                        "Amount": "$400.00"
                    },
                    {
                        "Line": "D 42",
                        "Ch": "WHIO",
                        "Start Date": "04/13/22",
                        "End Date": "04/13/22",
                        "Description": "CBS This Morning",
                        "Start/End Time": "8:00 AM-9:00 AM",
                        "Days": "missing",
                        "Length": ":30",
                        "Spots\\nWeek": "missing",
                        "Rate PCode": "P-04",
                        "Type": "NM",
                        "Spots": 1,
                        "Amount": "$400.00"
                    },
                    {
                        "Line": "D 43",
                        "Ch": "WHIO",
                        "Start Date": "04/15/22",
                        "End Date": "04/15/22",
                        "Description": "CBS This Morning",
                        "Start/End Time": "8:00 AM-9:00 AM",
                        "Days": "missing",
                        "Length": ":30",
                        "Spots\\nWeek": "missing",
                        "Rate PCode": "P-04",
                        "Type": "NM",
                        "Spots": 1,
                        "Amount": "$400.00"
                    },
                    {
                        "Line": "D 44",
                        "Ch": "WHIO",
                        "Start Date": "04/16/22",
                        "End Date": "04/16/22",
                        "Description": "NewsCenter 7 Sa 6a",
                        "Start/End Time": "6:00 AM-7:00 AM",
                        "Days": "missing",
                        "Length": ":30",
                        "Spots\\nWeek": "missing",
                        "Rate PCode": "P-05",
                        "Type": "NM",
                        "Spots": 1,
                        "Amount": "$175.00"
                    },
                    {
                        "Line": "D 45",
                        "Ch": "WHIO",
                        "Start Date": "04/16/22",
                        "End Date": "04/16/22",
                        "Description": "CBS This Morning 10a-12p",
                        "Start/End Time": "10:00 AM-12:00 PM",
                        "Days": "missing",
                        "Length": ":30",
                        "Spots\\nWeek": "missing",
                        "Rate PCode": "P-05",
                        "Type": "NM",
                        "Spots": 1,
                        "Amount": "$225.00"
                    },
                    {
                        "Line": "D 46",
                        "Ch": "WHIO",
                        "Start Date": "04/17/22",
                        "End Date": "04/17/22",
                        "Description": "CBS Su Morning",
                        "Start/End Time": "9:00 AM-10:30 AM",
                        "Days": "missing",
                        "Length": ":30",
                        "Spots\\nWeek": "missing",
                        "Rate PCode": "P-05",
                        "Type": "NM",
                        "Spots": 1,
                        "Amount": "$400.00"
                    },
                    {
                        "Line": "D 47",
                        "Ch": "WHIO",
                        "Start Date": "04/17/22",
                        "End Date": "04/17/22",
                        "Description": "11:30a-12p X",
                        "Start/End Time": "11:30 AM-12:00 PM",
                        "Days": "missing",
                        "Length": ":30",
                        "Spots\\nWeek": "missing",
                        "Rate PCode": "P-05",
                        "Type": "NM",
                        "Spots": 1,
                        "Amount": "$150.00"
                    },
                    {
                        "Line": "D 48",
                        "Ch": "WHIO",
                        "Start Date": "04/18/22",
                        "End Date": "04/18/22",
                        "Description": "M-F 9a-10a",
                        "Start/End Time": "9:00 AM-10:00 AM",
                        "Days": "missing",
                        "Length": ":30",
                        "Spots\\nWeek": "missing",
                        "Rate PCode": "P-05",
                        "Type": "NM",
                        "Spots": 1,
                        "Amount": "$200.00"
                    },
                    {
                        "Line": "D 49",
                        "Ch": "WHIO",
                        "Start Date": "04/12/22",
                        "End Date": "04/12/22",
                        "Description": "M-F 9a-10a",
                        "Start/End Time": "9:00 AM-10:00 AM",
                        "Days": "missing",
                        "Length": ":30",
                        "Spots\\nWeek": "missing",
                        "Rate PCode": "P-05",
                        "Type": "NM",
                        "Spots": 1,
                        "Amount": "$200.00"
                    },
                    {
                        "Line": "D 50",
                        "Ch": "WHIO",
                        "Start Date": "04/13/22",
                        "End Date": "04/13/22",
                        "Description": "M-F 9a-10a",
                        "Start/End Time": "9:00 AM-10:00 AM",
                        "Days": "missing",
                        "Length": ":30",
                        "Spots\\nWeek": "missing",
                        "Rate PCode": "P-05",
                        "Type": "NM",
                        "Spots": 1,
                        "Amount": "$200.00"
                    },
                    {
                        "Line": "D 51",
                        "Ch": "WHIO",
                        "Start Date": "04/14/22",
                        "End Date": "04/14/22",
                        "Description": "M-F 10a-11a",
                        "Start/End Time": "10:00 AM-11:00 AM",
                        "Days": "missing",
                        "Length": ":30",
                        "Spots\\nWeek": "missing",
                        "Rate PCode": "P-05",
                        "Type": "NM",
                        "Spots": 1,
                        "Amount": "$225.00"
                    },
                    {
                        "Line": "D 52",
                        "Ch": "WHIO",
                        "Start Date": "04/12/22",
                        "End Date": "04/12/22",
                        "Description": "M-F 10a-11a",
                        "Start/End Time": "10:00 AM-11:00 AM",
                        "Days": "missing",
                        "Length": ":30",
                        "Spots\\nWeek": "missing",
                        "Rate PCode": "P-05",
                        "Type": "NM",
                        "Spots": 1,
                        "Amount": "$225.00"
                    },
                    {
                        "Line": "D 53",
                        "Ch": "WHIO",
                        "Start Date": "04/15/22",
                        "End Date": "04/15/22",
                        "Description": "M-F 10a-11a",
                        "Start/End Time": "10:00 AM-11:00 AM",
                        "Days": "missing",
                        "Length": ":30",
                        "Spots\\nWeek": "missing",
                        "Rate PCode": "P-05",
                        "Type": "NM",
                        "Spots": 1,
                        "Amount": "$225.00"
                    }
                ]
            },
            {
                "type": "table",
                "content": [
                    {
                        "Start Date": "04/11/22",
                        "End Date": "04/17/22",
                        "Weekdays": "------1",
                        "Spots/Week": 1,
                        "Rate": "$400.00"
                    },
                    {
                        "Start Date": "04/11/22",
                        "End Date": "04/17/22",
                        "Weekdays": "------1",
                        "Spots/Week": 1,
                        "Rate": "$400.00"
                    },
                    {
                        "Start Date": "04/11/22",
                        "End Date": "04/17/22",
                        "Weekdays": "-----1-",
                        "Spots/Week": 1,
                        "Rate": "$400.00"
                    },
                    {
                        "Start Date": "04/11/22",
                        "End Date": "04/17/22",
                        "Weekdays": "------1",
                        "Spots/Week": 1,
                        "Rate": "$400.00"
                    },
                    {
                        "Start Date": "04/11/22",
                        "End Date": "04/17/22",
                        "Weekdays": "-----1-",
                        "Spots/Week": 1,
                        "Rate": "$400.00"
                    },
                    {
                        "Start Date": "04/11/22",
                        "End Date": "04/17/22",
                        "Weekdays": "------1",
                        "Spots/Week": 1,
                        "Rate": "$175.00"
                    },
                    {
                        "Start Date": "04/11/22",
                        "End Date": "04/17/22",
                        "Weekdays": "-----1-",
                        "Spots/Week": 1,
                        "Rate": "$225.00"
                    },
                    {
                        "Start Date": "04/11/22",
                        "End Date": "04/17/22",
                        "Weekdays": "------1",
                        "Spots/Week": 1,
                        "Rate": "$400.00"
                    },
                    {
                        "Start Date": "04/11/22",
                        "End Date": "04/17/22",
                        "Weekdays": "-----1-",
                        "Spots/Week": 1,
                        "Rate": "$150.00"
                    },
                    {
                        "Start Date": "04/11/22",
                        "End Date": "04/17/22",
                        "Weekdays": "------1",
                        "Spots/Week": 1,
                        "Rate": "$200.00"
                    },
                    {
                        "Start Date": "04/11/22",
                        "End Date": "04/17/22",
                        "Weekdays": "-----1-",
                        "Spots/Week": 1,
                        "Rate": "$225.00"
                    }
                ]
            }
        ]
    },
    {
        "id": 4,
        "content": [
            {
                "type": "metadata",
                "content": "WHIO-TV\nPO Box 809606\nChicago, IL 60680-9606\n(855) 333-2676\n"
            },
            {
                "type": "kv",
                "content": [
                    {
                        "Contract / Revision": "931552"
                    },
                    {
                        "Alt Order #": "10373344"
                    },
                    {
                        "Advertiser": "POL/J Mandel/R/Sen/OH-A"
                    },
                    {
                        "Original Date / Revision": "04/12/22"
                    },
                    {
                        "Contract Dates": "04/12/22 - 04/18/22"
                    },
                    {
                        "Product": "EST 3189 4/12-4/18"
                    },
                    {
                        "Estimate #": "3189"
                    }
                ]
            },
            {
                "type": "table",
                "content": [
                    {
                        "Line": "D 54",
                        "Ch": "WHIO",
                        "Start Date": "04/13/22",
                        "End Date": "04/13/22",
                        "Description": "The Price is Right",
                        "Start/End Time": "11:00 AM-12:00 PM",
                        "Days": "missing",
                        "Length": ":30",
                        "Spots\\nWeek": "missing",
                        "Rate PCode": "P-04",
                        "Type": "NM",
                        "Spots": 1,
                        "Amount": "$475.00"
                    },
                    {
                        "Line": "D 55",
                        "Ch": "WHIO",
                        "Start Date": "04/18/22",
                        "End Date": "04/18/22",
                        "Description": "NewsCenter 7 Noon",
                        "Start/End Time": "12:00 PM-12:30 PM",
                        "Days": "missing",
                        "Length": ":30",
                        "Spots\\nWeek": "missing",
                        "Rate PCode": "P-04",
                        "Type": "NM",
                        "Spots": 1,
                        "Amount": "$625.00"
                    },
                    {
                        "Line": "D 56",
                        "Ch": "WHIO",
                        "Start Date": "04/12/22",
                        "End Date": "04/12/22",
                        "Description": "NewsCenter 7 Noon",
                        "Start/End Time": "12:00 PM-12:30 PM",
                        "Days": "missing",
                        "Length": ":30",
                        "Spots\\nWeek": "missing",
                        "Rate PCode": "P-04",
                        "Type": "NM",
                        "Spots": 1,
                        "Amount": "$625.00"
                    },
                    {
                        "Line": "D 57",
                        "Ch": "WHIO",
                        "Start Date": "04/13/22",
                        "End Date": "04/13/22",
                        "Description": "NewsCenter 7 Noon",
                        "Start/End Time": "12:00 PM-12:30 PM",
                        "Days": "missing",
                        "Length": ":30",
                        "Spots\\nWeek": "missing",
                        "Rate PCode": "P-04",
                        "Type": "NM",
                        "Spots": 1,
                        "Amount": "$625.00"
                    },
                    {
                        "Line": "D 58",
                        "Ch": "WHIO",
                        "Start Date": "04/14/22",
                        "End Date": "04/14/22",
                        "Description": "NewsCenter 7 Noon",
                        "Start/End Time": "12:00 PM-12:30 PM",
                        "Days": "missing",
                        "Length": ":30",
                        "Spots\\nWeek": "missing",
                        "Rate PCode": "P-04",
                        "Type": "NM",
                        "Spots": 1,
                        "Amount": "$625.00"
                    },
                    {
                        "Line": "D 59",
                        "Ch": "WHIO",
                        "Start Date": "04/15/22",
                        "End Date": "04/15/22",
                        "Description": "NewsCenter 7 Noon",
                        "Start/End Time": "12:00 PM-12:30 PM",
                        "Days": "missing",
                        "Length": ":30",
                        "Spots\\nWeek": "missing",
                        "Rate PCode": "P-04",
                        "Type": "NM",
                        "Spots": 1,
                        "Amount": "$625.00"
                    },
                    {
                        "Line": "D 60",
                        "Ch": "WHIO",
                        "Start Date": "04/16/22",
                        "End Date": "04/16/22",
                        "Description": "NewsCenter 7 Noon",
                        "Start/End Time": "12:00 PM-12:30 PM",
                        "Days": "missing",
                        "Length": ":30",
                        "Spots\\nWeek": "missing",
                        "Rate PCode": "P-05",
                        "Type": "NM",
                        "Spots": 1,
                        "Amount": "$175.00"
                    },
                    {
                        "Line": "D 61",
                        "Ch": "WHIO",
                        "Start Date": "04/17/22",
                        "End Date": "04/17/22",
                        "Description": "NewsCenter 7 Noon",
                        "Start/End Time": "12:00 PM-12:30 PM",
                        "Days": "missing",
                        "Length": ":30",
                        "Spots\\nWeek": "missing",
                        "Rate PCode": "P-05",
                        "Type": "NM",
                        "Spots": 1,
                        "Amount": "$175.00"
                    },
                    {
                        "Line": "D 62",
                        "Ch": "WHIO",
                        "Start Date": "04/18/22",
                        "End Date": "04/18/22",
                        "Description": "M-F 4p-5p",
                        "Start/End Time": "4:00 PM-5:00 PM",
                        "Days": "missing",
                        "Length": ":30",
                        "Spots\\nWeek": "missing",
                        "Rate PCode": "P-04",
                        "Type": "NM",
                        "Spots": 1,
                        "Amount": "$275.00"
                    },
                    {
                        "Line": "N 63",
                        "Ch": "WHIO",
                        "Start Date": "04/13/22",
                        "End Date": "04/13/22",
                        "Description": "M-F 4p-5p",
                        "Start/End Time": "4:00 PM-5:00 PM",
                        "Days": "missing",
                        "Length": ":30",
                        "Spots\\nWeek": "missing",
                        "Rate PCode": "P-05",
                        "Type": "NM",
                        "Spots": 0,
                        "Amount": "$0.00"
                    },
                    {
                        "Line": "D 64",
                        "Ch": "WHIO",
                        "Start Date": "04/15/22",
                        "End Date": "04/15/22",
                        "Description": "M-F 4p-5p",
                        "Start/End Time": "4:00 PM-5:00 PM",
                        "Days": "missing",
                        "Length": ":30",
                        "Spots\\nWeek": "missing",
                        "Rate PCode": "P-04",
                        "Type": "NM",
                        "Spots": 1,
                        "Amount": "$275.00"
                    },
                    {
                        "Line": "D 65",
                        "Ch": "WHIO",
                        "Start Date": "04/18/22",
                        "End Date": "04/18/22",
                        "Description": "NewsCenter 7 5p",
                        "Start/End Time": "5:00 PM-5:30 PM",
                        "Days": "missing",
                        "Length": ":30",
                        "Spots\\nWeek": "missing",
                        "Rate PCode": "P-04",
                        "Type": "NM",
                        "Spots": 1,
                        "Amount": "$800.00"
                    },
                    {
                        "Line": "D 66",
                        "Ch": "WHIO",
                        "Start Date": "04/12/22",
                        "End Date": "04/12/22",
                        "Description": "NewsCenter 7 5p",
                        "Start/End Time": "5:00 PM-5:30 PM",
                        "Days": "missing",
                        "Length": ":30",
                        "Spots\\nWeek": "missing",
                        "Rate PCode": "P-04",
                        "Type": "NM",
                        "Spots": 1,
                        "Amount": "$800.00"
                    },
                    {
                        "Line": "D 67",
                        "Ch": "WHIO",
                        "Start Date": "04/13/22",
                        "End Date": "04/13/22",
                        "Description": "NewsCenter 7 5p",
                        "Start/End Time": "5:00 PM-5:30 PM",
                        "Days": "missing",
                        "Length": ":30",
                        "Spots\\nWeek": "missing",
                        "Rate PCode": "P-04",
                        "Type": "NM",
                        "Spots": 1,
                        "Amount": "$800.00"
                    },
                    {
                        "Line": "D 68",
                        "Ch": "WHIO",
                        "Start Date": "04/14/22",
                        "End Date": "04/14/22",
                        "Description": "NewsCenter 7 5p",
                        "Start/End Time": "5:00 PM-5:30 PM",
                        "Days": "missing",
                        "Length": ":30",
                        "Spots\\nWeek": "missing",
                        "Rate PCode": "P-04",
                        "Type": "NM",
                        "Spots": 1,
                        "Amount": "$800.00"
                    },
                    {
                        "Line": "D 69",
                        "Ch": "WHIO",
                        "Start Date": "04/15/22",
                        "End Date": "04/15/22",
                        "Description": "NewsCenter 7 5p",
                        "Start/End Time": "5:00 PM-5:30 PM",
                        "Days": "missing",
                        "Length": ":30",
                        "Spots\\nWeek": "missing",
                        "Rate PCode": "P-04",
                        "Type": "NM",
                        "Spots": 1,
                        "Amount": "$800.00"
                    }
                ]
            },
            {
                "type": "table",
                "content": [
                    {
                        "Start Date": "04/11/22",
                        "End Date": "04/17/22",
                        "Weekdays": "-----1-",
                        "Spots/Week": 1,
                        "Rate": "$250.00"
                    },
                    {
                        "Start Date": "04/11/22",
                        "End Date": "04/17/22",
                        "Weekdays": "------1",
                        "Spots/Week": 1,
                        "Rate": "$300.00"
                    },
                    {
                        "Start Date": "04/11/22",
                        "End Date": "04/17/22",
                        "Weekdays": "--1-----",
                        "Spots/Week": 1,
                        "Rate": "$475.00"
                    },
                    {
                        "Start Date": "04/11/22",
                        "End Date": "04/17/22",
                        "Weekdays": "--1-----",
                        "Spots/Week": 1,
                        "Rate": "$625.00"
                    },
                    {
                        "Start Date": "04/11/22",
                        "End Date": "04/17/22",
                        "Weekdays": "--1-----",
                        "Spots/Week": 1,
                        "Rate": "$625.00"
                    },
                    {
                        "Start Date": "04/11/22",
                        "End Date": "04/17/22",
                        "Weekdays": "--1-----",
                        "Spots/Week": 1,
                        "Rate": "$625.00"
                    },
                    {
                        "Start Date": "04/11/22",
                        "End Date": "04/17/22",
                        "Weekdays": "--1-----",
                        "Spots/Week": 1,
                        "Rate": "$625.00"
                    },
                    {
                        "Start Date": "04/11/22",
                        "End Date": "04/17/22",
                        "Weekdays": "--1-----",
                        "Spots/Week": 1,
                        "Rate": "$625.00"
                    },
                    {
                        "Start Date": "04/11/22",
                        "End Date": "04/17/22",
                        "Weekdays": "--1-----",
                        "Spots/Week": 1,
                        "Rate": "$175.00"
                    },
                    {
                        "Start Date": "04/11/22",
                        "End Date": "04/17/22",
                        "Weekdays": "--1-----",
                        "Spots/Week": 1,
                        "Rate": "$175.00"
                    },
                    {
                        "Start Date": "04/11/22",
                        "End Date": "04/17/22",
                        "Weekdays": "--1-----",
                        "Spots/Week": 1,
                        "Rate": "$275.00"
                    },
                    {
                        "Start Date": "04/11/22",
                        "End Date": "04/17/22",
                        "Weekdays": "--1-----",
                        "Spots/Week": 1,
                        "Rate": "$275.00"
                    },
                    {
                        "Start Date": "04/11/22",
                        "End Date": "04/17/22",
                        "Weekdays": "--1-----",
                        "Spots/Week": 1,
                        "Rate": "$800.00"
                    },
                    {
                        "Start Date": "04/11/22",
                        "End Date": "04/17/22",
                        "Weekdays": "--1-----",
                        "Spots/Week": 1,
                        "Rate": "$800.00"
                    },
                    {
                        "Start Date": "04/11/22",
                        "End Date": "04/17/22",
                        "Weekdays": "--1-----",
                        "Spots/Week": 1,
                        "Rate": "$800.00"
                    },
                    {
                        "Start Date": "04/11/22",
                        "End Date": "04/17/22",
                        "Weekdays": "--1-----",
                        "Spots/Week": 1,
                        "Rate": "$800.00"
                    }
                ]
            }
        ]
    },
    {
        "id": 5,
        "content": [
            {
                "type": "metadata",
                "content": "WHIO-TV\nPO Box 809606\nChicago, IL 60680-9606\n(855) 333-2676\n"
            },
            {
                "type": "kv",
                "content": [
                    {
                        "Contract / Revision": "931552"
                    },
                    {
                        "Alt Order #": "10373344"
                    },
                    {
                        "Advertiser": "POL/J Mandel/R/Sen/OH-A"
                    },
                    {
                        "Original Date / Revision": "04/12/22"
                    },
                    {
                        "Contract Dates": "04/12/22 - 04/18/22"
                    },
                    {
                        "Product": "EST 3189 4/12-4/18"
                    },
                    {
                        "Estimate #": "3189"
                    }
                ]
            },
            {
                "type": "table",
                "content": [
                    {
                        "Line": 68,
                        "Ch": "WHIO",
                        "Start Date": "04/18/22",
                        "End Date": "04/18/22",
                        "Description": "NewsCenter 7 6p",
                        "Start/End Time": "6:00 PM-6:30 PM",
                        "Days": "missing",
                        "Length": ":30",
                        "Spots\\nWeek": "missing",
                        "Rate PCode": "P-04",
                        "Type": "NM",
                        "Spots": 1,
                        "Amount": "$1,000.00"
                    },
                    {
                        "Line": 69,
                        "Ch": "WHIO",
                        "Start Date": "04/12/22",
                        "End Date": "04/12/22",
                        "Description": "NewsCenter 7 6p",
                        "Start/End Time": "6:00 PM-6:30 PM",
                        "Days": "missing",
                        "Length": ":30",
                        "Spots\\nWeek": "missing",
                        "Rate PCode": "P-04",
                        "Type": "NM",
                        "Spots": 1,
                        "Amount": "$1,000.00"
                    },
                    {
                        "Line": 70,
                        "Ch": "WHIO",
                        "Start Date": "04/13/22",
                        "End Date": "04/13/22",
                        "Description": "NewsCenter 7 6p",
                        "Start/End Time": "6:00 PM-6:30 PM",
                        "Days": "missing",
                        "Length": ":30",
                        "Spots\\nWeek": "missing",
                        "Rate PCode": "P-04",
                        "Type": "NM",
                        "Spots": 1,
                        "Amount": "$1,000.00"
                    },
                    {
                        "Line": 71,
                        "Ch": "WHIO",
                        "Start Date": "04/14/22",
                        "End Date": "04/14/22",
                        "Description": "NewsCenter 7 6p",
                        "Start/End Time": "6:00 PM-6:30 PM",
                        "Days": "missing",
                        "Length": ":30",
                        "Spots\\nWeek": "missing",
                        "Rate PCode": "P-04",
                        "Type": "NM",
                        "Spots": 1,
                        "Amount": "$1,000.00"
                    },
                    {
                        "Line": 72,
                        "Ch": "WHIO",
                        "Start Date": "04/15/22",
                        "End Date": "04/15/22",
                        "Description": "NewsCenter 7 6p",
                        "Start/End Time": "6:00 PM-6:30 PM",
                        "Days": "missing",
                        "Length": ":30",
                        "Spots\\nWeek": "missing",
                        "Rate PCode": "P-04",
                        "Type": "NM",
                        "Spots": 1,
                        "Amount": "$1,000.00"
                    },
                    {
                        "Line": 73,
                        "Ch": "WHIO",
                        "Start Date": "04/13/22",
                        "End Date": "04/13/22",
                        "Description": "CBS Evening News",
                        "Start/End Time": "6:30 PM-7:00 PM",
                        "Days": "missing",
                        "Length": ":30",
                        "Spots\\nWeek": "missing",
                        "Rate PCode": "P-04",
                        "Type": "NM",
                        "Spots": 1,
                        "Amount": "$875.00"
                    },
                    {
                        "Line": 74,
                        "Ch": "WHIO",
                        "Start Date": "04/18/22",
                        "End Date": "04/18/22",
                        "Description": "M-F 7p-730p Weekdays",
                        "Start/End Time": "7:00 PM-7:30 PM",
                        "Days": "missing",
                        "Length": ":30",
                        "Spots\\nWeek": "missing",
                        "Rate PCode": "P-04",
                        "Type": "NM",
                        "Spots": 1,
                        "Amount": "$675.00"
                    },
                    {
                        "Line": 75,
                        "Ch": "WHIO",
                        "Start Date": "04/12/22",
                        "End Date": "04/12/22",
                        "Description": "M-F 7p-730p Weekdays",
                        "Start/End Time": "7:00 PM-7:30 PM",
                        "Days": "missing",
                        "Length": ":30",
                        "Spots\\nWeek": "missing",
                        "Rate PCode": "P-04",
                        "Type": "NM",
                        "Spots": 1,
                        "Amount": "$675.00"
                    },
                    {
                        "Line": 76,
                        "Ch": "WHIO",
                        "Start Date": "04/14/22",
                        "End Date": "04/14/22",
                        "Description": "M-F 7p-730p Weekdays",
                        "Start/End Time": "7:00 PM-7:30 PM",
                        "Days": "missing",
                        "Length": ":30",
                        "Spots\\nWeek": "missing",
                        "Rate PCode": "P-04",
                        "Type": "NM",
                        "Spots": 1,
                        "Amount": "$675.00"
                    },
                    {
                        "Line": 77,
                        "Ch": "WHIO",
                        "Start Date": "04/13/22",
                        "End Date": "04/13/22",
                        "Description": "M-F 730p-8p Weekdays",
                        "Start/End Time": "7:30 PM-8:00 PM",
                        "Days": "missing",
                        "Length": ":30",
                        "Spots\\nWeek": "missing",
                        "Rate PCode": "P-05",
                        "Type": "NM",
                        "Spots": 1,
                        "Amount": "$500.00"
                    },
                    {
                        "Line": 78,
                        "Ch": "WHIO",
                        "Start Date": "04/16/22",
                        "End Date": "04/16/22",
                        "Description": "Sa 730p-8p Weekdays",
                        "Start/End Time": "7:30 PM-8:00 PM",
                        "Days": "missing",
                        "Length": ":30",
                        "Spots\\nWeek": "missing",
                        "Rate PCode": "P-04",
                        "Type": "NM",
                        "Spots": 1,
                        "Amount": "$200.00"
                    },
                    {
                        "Line": 79,
                        "Ch": "WHIO",
                        "Start Date": "04/12/22",
                        "End Date": "04/12/22",
                        "Description": "Tue Hour 1 Weekdays",
                        "Start/End Time": "8:00 PM-9:00 PM",
                        "Days": "missing",
                        "Length": ":30",
                        "Spots\\nWeek": "missing",
                        "Rate PCode": "P-04",
                        "Type": "NM",
                        "Spots": 1,
                        "Amount": "$1,125.00"
                    },
                    {
                        "Line": 80,
                        "Ch": "WHIO",
                        "Start Date": "04/12/22",
                        "End Date": "04/12/22",
                        "Description": "Tue 9p-10p Weekdays",
                        "Start/End Time": "9:00 PM-10:00 PM",
                        "Days": "missing",
                        "Length": ":30",
                        "Spots\\nWeek": "missing",
                        "Rate PCode": "P-05",
                        "Type": "NM",
                        "Spots": 1,
                        "Amount": "$800.00"
                    },
                    {
                        "Line": 81,
                        "Ch": "WHIO",
                        "Start Date": "04/14/22",
                        "End Date": "04/14/22",
                        "Description": "Thur Prime Hour 1",
                        "Start/End Time": "8:00 PM-9:00 PM",
                        "Days": "missing",
                        "Length": ":30",
                        "Spots\\nWeek": "missing",
                        "Rate PCode": "P-04",
                        "Type": "NM",
                        "Spots": 1,
                        "Amount": "$1,250.00"
                    },
                    {
                        "Line": 82,
                        "Ch": "WHIO",
                        "Start Date": "04/14/22",
                        "End Date": "04/14/22",
                        "Description": "Thur Prime Hour 2",
                        "Start/End Time": "9:00 PM-10:00 PM",
                        "Days": "missing",
                        "Length": ":30",
                        "Spots\\nWeek": "missing",
                        "Rate PCode": "P-05",
                        "Type": "NM",
                        "Spots": 1,
                        "Amount": "$900.00"
                    }
                ]
            },
            {
                "type": "table",
                "content": [
                    {
                        "Start Date": "04/18/22",
                        "End Date": "04/24/22",
                        "Weekdays": "-----1-",
                        "Spots/Week": 1,
                        "Rate": "$1000.00"
                    },
                    {
                        "Start Date": "04/12/22",
                        "End Date": "04/12/22",
                        "Weekdays": "--1-----",
                        "Spots/Week": 1,
                        "Rate": "$1000.00"
                    },
                    {
                        "Start Date": "04/13/22",
                        "End Date": "04/13/22",
                        "Weekdays": "--1-----",
                        "Spots/Week": 1,
                        "Rate": "$1000.00"
                    },
                    {
                        "Start Date": "04/14/22",
                        "End Date": "04/14/22",
                        "Weekdays": "--1-----",
                        "Spots/Week": 1,
                        "Rate": "$1000.00"
                    },
                    {
                        "Start Date": "04/15/22",
                        "End Date": "04/15/22",
                        "Weekdays": "--1-----",
                        "Spots/Week": 1,
                        "Rate": "$1000.00"
                    },
                    {
                        "Start Date": "04/13/22",
                        "End Date": "04/13/22",
                        "Weekdays": "--1-----",
                        "Spots/Week": 1,
                        "Rate": "$875.00"
                    },
                    {
                        "Start Date": "04/18/22",
                        "End Date": "04/24/22",
                        "Weekdays": "--1-----",
                        "Spots/Week": 1,
                        "Rate": "$675.00"
                    },
                    {
                        "Start Date": "04/14/22",
                        "End Date": "04/14/22",
                        "Weekdays": "--1-----",
                        "Spots/Week": 1,
                        "Rate": "$675.00"
                    },
                    {
                        "Start Date": "04/12/22",
                        "End Date": "04/12/22",
                        "Weekdays": "--1-----",
                        "Spots/Week": 1,
                        "Rate": "$675.00"
                    },
                    {
                        "Start Date": "04/15/22",
                        "End Date": "04/15/22",
                        "Weekdays": "--1-----",
                        "Spots/Week": 1,
                        "Rate": "$500.00"
                    },
                    {
                        "Start Date": "04/14/22",
                        "End Date": "04/14/22",
                        "Weekdays": "--1-----",
                        "Spots/Week": 1,
                        "Rate": "$200.00"
                    },
                    {
                        "Start Date": "04/14/22",
                        "End Date": "04/14/22",
                        "Weekdays": "--1-----",
                        "Spots/Week": 1,
                        "Rate": "$1125.00"
                    },
                    {
                        "Start Date": "04/12/22",
                        "End Date": "04/12/22",
                        "Weekdays": "--1-----",
                        "Spots/Week": 1,
                        "Rate": "$800.00"
                    },
                    {
                        "Start Date": "04/14/22",
                        "End Date": "04/14/22",
                        "Weekdays": "--1-----",
                        "Spots/Week": 1,
                        "Rate": "$1250.00"
                    },
                    {
                        "Start Date": "04/14/22",
                        "End Date": "04/14/22",
                        "Weekdays": "--1-----",
                        "Spots/Week": 1,
                        "Rate": "$900.00"
                    }
                ]
            }
        ]
    }
]