[
    {
        "id": 1,
        "content": [
            {
                "type": "metadata",
                "content": "Contract# 28735\nEstelle Fennell for Supervisor\\nPO Box 333\\n\"Redway, CA 95560\"\n"
            },
            {
                "type": "kv",
                "content": [
                    {
                        "Date Entered": "09/25/20"
                    },
                    {
                        "Schedule Dates": "09/29/20-10/18/20"
                    },
                    {
                        "Advertiser": "Estelle Fennell for Supervisor (3297)"
                    },
                    {
                        "Agency": "Estelle Fennell for Supervisor (1640)"
                    },
                    {
                        "Product": "CITY/COUNTY POLITICAL RACES (1087)"
                    },
                    {
                        "Brand": "2020 (12967)"
                    },
                    {
                        "Salesperson": "OLSZEWSKI, JENNY (1060)"
                    }
                ]
            },
            {
                "type": "kv",
                "content": [
                    {
                        "Buyer Name": "Fennell,Estelle"
                    },
                    {
                        "Phone/Fax": "(707) 223-5618 /"
                    },
                    {
                        "CPE": "N/A"
                    },
                    {
                        "Account Types": "Local/Political Candidate"
                    },
                    {
                        "Billing Type": "Calendar"
                    },
                    {
                        "Comments": "KIEM"
                    },
                    {
                        "Last Modified": "09/25/20"
                    },
                    {
                        "Entered By": "JENNY OLSZEWSKI"
                    },
                    {
                        "CO-OP": "No"
                    },
                    {
                        "Headline #": "missing"
                    },
                    {
                        "Demo": "missing"
                    },
                    {
                        "Order Type": "Normal"
                    },
                    {
                        "Package Deal": ""
                    },
                    {
                        "Commission %": "15.00"
                    },
                    {
                        "Commission": "$990.00"
                    },
                    {
                        "Net Total": "$5,610.00"
                    },
                    {
                        "Sales Tax": "missing"
                    }
                ]
            },
            {
                "type": "table",
                "content": [
                    {
                        "Line": 1.0,
                        "Line Type / Break Type (Ref #)": "Normal Line / SPOT",
                        "Dates": "09/29/20-10/02/20",
                        "Sec": 5,
                        "Length": ":30",
                        "Run Times": "6A-7A (PST)",
                        "SPW": "missing",
                        "Mo": "missing",
                        "Tu": "1",
                        "We": "1",
                        "Th": "1",
                        "Fr": "1",
                        "Sa": "missing",
                        "Su": "missing",
                        "Spots": "4",
                        "Rate": "$15.00",
                        "Total": "$60.00",
                        "missing": "NBC-CA"
                    },
                    {
                        "Line": 2.0,
                        "Line Type / Break Type (Ref #)": "Normal Line / SPOT",
                        "Dates": "09/29/20-10/02/20",
                        "Sec": 5,
                        "Length": ":30",
                        "Run Times": "7A-9A (PST)",
                        "SPW": "missing",
                        "Mo": "missing",
                        "Tu": "1",
                        "We": "1",
                        "Th": "1",
                        "Fr": "1",
                        "Sa": "missing",
                        "Su": "missing",
                        "Spots": "4",
                        "Rate": "$35.00",
                        "Total": "$140.00",
                        "missing": "NBC-CA"
                    },
                    {
                        "Line": 3.0,
                        "Line Type / Break Type (Ref #)": "Normal Line / SPOT",
                        "Dates": "09/29/20-10/02/20",
                        "Sec": 5,
                        "Length": ":30",
                        "Run Times": "5P-5:30P (PST)",
                        "SPW": "missing",
                        "Mo": "missing",
                        "Tu": "1",
                        "We": "1",
                        "Th": "1",
                        "Fr": "1",
                        "Sa": "missing",
                        "Su": "missing",
                        "Spots": "4",
                        "Rate": "$135.00",
                        "Total": "$540.00",
                        "missing": "NBC-CA"
                    },
                    {
                        "Line": 4.1,
                        "Line Type / Break Type (Ref #)": "Normal Line / SPOT",
                        "Dates": "09/30/20-10/02/20",
                        "Sec": 5,
                        "Length": ":30",
                        "Run Times": "6P-6:30P (PST)",
                        "SPW": "missing",
                        "Mo": "missing",
                        "Tu": "1",
                        "We": "1",
                        "Th": "1",
                        "Fr": "missing",
                        "Sa": "missing",
                        "Su": "missing",
                        "Spots": "3",
                        "Rate": "$135.00",
                        "Total": "$405.00",
                        "missing": "NBC-CA"
                    },
                    {
                        "Line": 5.0,
                        "Line Type / Break Type (Ref #)": "Normal Line / SPOT",
                        "Dates": "09/29/20-10/02/20",
                        "Sec": 5,
                        "Length": ":30",
                        "Run Times": "11P-11:35P (PST)",
                        "SPW": "missing",
                        "Mo": "missing",
                        "Tu": "1",
                        "We": "1",
                        "Th": "1",
                        "Fr": "1",
                        "Sa": "missing",
                        "Su": "missing",
                        "Spots": "4",
                        "Rate": "$100.00",
                        "Total": "$400.00",
                        "missing": "NBC-CA"
                    },
                    {
                        "Line": 6.0,
                        "Line Type / Break Type (Ref #)": "Normal Line / SPOT",
                        "Dates": "09/29/20-10/02/20",
                        "Sec": 5,
                        "Length": ":30",
                        "Run Times": "11:35P-12:35A (PST)",
                        "SPW": "missing",
                        "Mo": "missing",
                        "Tu": "missing",
                        "We": "missing",
                        "Th": "1",
                        "Fr": "missing",
                        "Sa": "missing",
                        "Su": "1",
                        "Spots": "$30.00",
                        "Rate": "$120.00",
                        "Total": "NBC-CA",
                        "missing": NaN
                    },
                    {
                        "Line": 7.0,
                        "Line Type / Break Type (Ref #)": "Normal Line / SPOT",
                        "Dates": "10/04/20-10/04/20",
                        "Sec": 5,
                        "Length": ":30",
                        "Run Times": "11P-11:35P (PST)",
                        "SPW": "missing",
                        "Mo": "missing",
                        "Tu": "missing",
                        "We": "missing",
                        "Th": "missing",
                        "Fr": "missing",
                        "Sa": "1",
                        "Su": "missing",
                        "Spots": "1",
                        "Rate": "$75.00",
                        "Total": "$75.00",
                        "missing": "NBC-CA"
                    },
                    {
                        "Line": 8.0,
                        "Line Type / Break Type (Ref #)": "Normal Line / SPOT",
                        "Dates": "10/04/20-10/04/20",
                        "Sec": 5,
                        "Length": ":30",
                        "Run Times": "8A-9A (PST)",
                        "SPW": "missing",
                        "Mo": "missing",
                        "Tu": "missing",
                        "We": "missing",
                        "Th": "missing",
                        "Fr": "missing",
                        "Sa": "1",
                        "Su": "missing",
                        "Spots": "1",
                        "Rate": "$25.00",
                        "Total": "$25.00",
                        "missing": "NBC-CA"
                    },
                    {
                        "Line": 9.0,
                        "Line Type / Break Type (Ref #)": "Normal Line / SPOT",
                        "Dates": "10/05/20-10/09/20",
                        "Sec": 5,
                        "Length": ":30",
                        "Run Times": "6A-7A (PST)",
                        "SPW": "missing",
                        "Mo": "missing",
                        "Tu": "1",
                        "We": "1",
                        "Th": "1",
                        "Fr": "1",
                        "Sa": "missing",
                        "Su": "missing",
                        "Spots": "5",
                        "Rate": "$15.00",
                        "Total": "$75.00",
                        "missing": "NBC-CA"
                    },
                    {
                        "Line": 10.0,
                        "Line Type / Break Type (Ref #)": "Normal Line / SPOT",
                        "Dates": "10/05/20-10/09/20",
                        "Sec": 5,
                        "Length": ":30",
                        "Run Times": "7A-9A (PST)",
                        "SPW": "missing",
                        "Mo": "missing",
                        "Tu": "1",
                        "We": "1",
                        "Th": "1",
                        "Fr": "1",
                        "Sa": "missing",
                        "Su": "missing",
                        "Spots": "5",
                        "Rate": "$35.00",
                        "Total": "$175.00",
                        "missing": "NBC-CA"
                    },
                    {
                        "Line": 11.0,
                        "Line Type / Break Type (Ref #)": "Normal Line / SPOT",
                        "Dates": "10/12/20-10/16/20",
                        "Sec": 5,
                        "Length": ":30",
                        "Run Times": "7A-9A (PST)",
                        "SPW": "missing",
                        "Mo": "missing",
                        "Tu": "1",
                        "We": "1",
                        "Th": "1",
                        "Fr": "1",
                        "Sa": "missing",
                        "Su": "missing",
                        "Spots": "5",
                        "Rate": "$35.00",
                        "Total": "$175.00",
                        "missing": "NBC-CA"
                    },
                    {
                        "Line": 12.0,
                        "Line Type / Break Type (Ref #)": "Normal Line / SPOT",
                        "Dates": "10/05/20-10/09/20",
                        "Sec": 5,
                        "Length": ":30",
                        "Run Times": "5P-5:30P (PST)",
                        "SPW": "missing",
                        "Mo": "missing",
                        "Tu": "1",
                        "We": "1",
                        "Th": "1",
                        "Fr": "1",
                        "Sa": "missing",
                        "Su": "missing",
                        "Spots": "5",
                        "Rate": "$135.00",
                        "Total": "$675.00",
                        "missing": "NBC-CA"
                    },
                    {
                        "Line": 13.0,
                        "Line Type / Break Type (Ref #)": "Normal Line / SPOT",
                        "Dates": "10/12/20-10/16/20",
                        "Sec": 5,
                        "Length": ":30",
                        "Run Times": "5P-5:30P (PST)",
                        "SPW": "missing",
                        "Mo": "missing",
                        "Tu": "1",
                        "We": "1",
                        "Th": "1",
                        "Fr": "1",
                        "Sa": "missing",
                        "Su": "missing",
                        "Spots": "5",
                        "Rate": "$135.00",
                        "Total": "$675.00",
                        "missing": "NBC-CA"
                    },
                    {
                        "Line": 14.0,
                        "Line Type / Break Type (Ref #)": "Normal Line / SPOT",
                        "Dates": "10/05/20-10/09/20",
                        "Sec": 5,
                        "Length": ":30",
                        "Run Times": "6P-6:30P (PST)",
                        "SPW": "missing",
                        "Mo": "missing",
                        "Tu": "1",
                        "We": "1",
                        "Th": "1",
                        "Fr": "1",
                        "Sa": "missing",
                        "Su": "missing",
                        "Spots": "5",
                        "Rate": "$135.00",
                        "Total": "$675.00",
                        "missing": "NBC-CA"
                    },
                    {
                        "Line": 15.0,
                        "Line Type / Break Type (Ref #)": "Normal Line / SPOT",
                        "Dates": "10/05/20-10/09/20",
                        "Sec": 5,
                        "Length": ":30",
                        "Run Times": "11P-11:35P (PST)",
                        "SPW": "missing",
                        "Mo": "missing",
                        "Tu": "1",
                        "We": "1",
                        "Th": "1",
                        "Fr": "1",
                        "Sa": "missing",
                        "Su": "missing",
                        "Spots": "5",
                        "Rate": "$100.00",
                        "Total": "$500.00",
                        "missing": "NBC-CA"
                    }
                ]
            }
        ]
    },
    {
        "id": 2,
        "content": [
            {
                "type": "metadata",
                "content": "Contract# 28735\nEstelle Fennell for Supervisor\\nPO Box 333\\n\"Redway, CA 95560\"\n"
            },
            {
                "type": "kv",
                "content": [
                    {
                        "Date Entered": "09/25/20"
                    },
                    {
                        "Schedule Dates": "09/29/20-10/18/20"
                    },
                    {
                        "Advertiser": "Estelle Fennell for Supervisor (3297)"
                    },
                    {
                        "Agency": "Estelle Fennell for Supervisor (1640)"
                    },
                    {
                        "Product": "CITY/COUNTY POLITICAL RACES (1087)"
                    },
                    {
                        "Brand": "2020 (12967)"
                    },
                    {
                        "Salesperson": "OLSZEWSKI, JENNY (1060)"
                    }
                ]
            },
            {
                "type": "kv",
                "content": [
                    {
                        "Buyer Name": "Fennell,Estelle"
                    },
                    {
                        "Phone/Fax": "(707) 223-5618 /"
                    },
                    {
                        "CPE": "N/A"
                    },
                    {
                        "Account Types": "Local/Political Candidate"
                    },
                    {
                        "Billing Type": "Calendar"
                    },
                    {
                        "Comments": "KIEM"
                    },
                    {
                        "Last Modified": "09/25/20"
                    },
                    {
                        "Entered By": "JENNY OLSZEWSKI"
                    },
                    {
                        "CO-OP": "No"
                    },
                    {
                        "Headline #": "missing"
                    },
                    {
                        "Demo": "missing"
                    },
                    {
                        "Order Type": "Normal"
                    },
                    {
                        "Package Deal": ""
                    },
                    {
                        "Commission %": "15.00"
                    },
                    {
                        "Commission": "$990.00"
                    },
                    {
                        "Net Total": "$5,610.00"
                    },
                    {
                        "Sales Tax": "missing"
                    }
                ]
            },
            {
                "type": "table",
                "content": [
                    {
                        "Line": 16.0,
                        "Line Type / Break Type (Ref #)": "Normal Line / SPOT",
                        "Dates": "10/12/20-10/16/20",
                        "Sec": 5,
                        "Length": ":30",
                        "Run Times": "11P-11:35P (PST)",
                        "SPW": "missing",
                        "Mo": "1",
                        "Tu": "1",
                        "We": "1",
                        "Th": "1",
                        "Fr": "1",
                        "Sa": "missing",
                        "Su": "missing",
                        "Spots": 5,
                        "Rate": "$100.00",
                        "Total": "$500.00",
                        "missing": "NBC-CA"
                    },
                    {
                        "Line": 17.0,
                        "Line Type / Break Type (Ref #)": "Normal Line / SPOT",
                        "Dates": "10/05/20-10/09/20",
                        "Sec": 5,
                        "Length": ":30",
                        "Run Times": "11:35P-12:35A (PST)",
                        "SPW": "missing",
                        "Mo": "1",
                        "Tu": "1",
                        "We": "1",
                        "Th": "1",
                        "Fr": "1",
                        "Sa": "missing",
                        "Su": "missing",
                        "Spots": 5,
                        "Rate": "$30.00",
                        "Total": "$150.00",
                        "missing": "NBC-CA"
                    },
                    {
                        "Line": 18.0,
                        "Line Type / Break Type (Ref #)": "Normal Line / SPOT",
                        "Dates": "10/12/20-10/16/20",
                        "Sec": 5,
                        "Length": ":30",
                        "Run Times": "11:35P-12:35A (PST)",
                        "SPW": "missing",
                        "Mo": "1",
                        "Tu": "1",
                        "We": "1",
                        "Th": "1",
                        "Fr": "1",
                        "Sa": "missing",
                        "Su": "missing",
                        "Spots": 5,
                        "Rate": "$30.00",
                        "Total": "$150.00",
                        "missing": "NBC-CA"
                    },
                    {
                        "Line": 19.0,
                        "Line Type / Break Type (Ref #)": "Normal Line / SPOT",
                        "Dates": "10/11/20-10/11/20",
                        "Sec": 5,
                        "Length": ":30",
                        "Run Times": "11P-11:35P (PST)",
                        "SPW": "missing",
                        "Mo": "missing",
                        "Tu": "missing",
                        "We": "missing",
                        "Th": "missing",
                        "Fr": "missing",
                        "Sa": "1",
                        "Su": "missing",
                        "Spots": 1,
                        "Rate": "$75.00",
                        "Total": "$75.00",
                        "missing": "NBC-CA"
                    },
                    {
                        "Line": 20.0,
                        "Line Type / Break Type (Ref #)": "Normal Line / SPOT",
                        "Dates": "10/18/20-10/18/20",
                        "Sec": 5,
                        "Length": ":30",
                        "Run Times": "11P-11:35P (PST)",
                        "SPW": "missing",
                        "Mo": "missing",
                        "Tu": "missing",
                        "We": "missing",
                        "Th": "missing",
                        "Fr": "missing",
                        "Sa": "1",
                        "Su": "missing",
                        "Spots": 1,
                        "Rate": "$75.00",
                        "Total": "$75.00",
                        "missing": "NBC-CA"
                    },
                    {
                        "Line": 21.0,
                        "Line Type / Break Type (Ref #)": "Normal Line / SPOT",
                        "Dates": "10/11/20-10/11/20",
                        "Sec": 5,
                        "Length": ":30",
                        "Run Times": "8A-9A (PST)",
                        "SPW": "missing",
                        "Mo": "missing",
                        "Tu": "missing",
                        "We": "missing",
                        "Th": "missing",
                        "Fr": "missing",
                        "Sa": "1",
                        "Su": "missing",
                        "Spots": 1,
                        "Rate": "$25.00",
                        "Total": "$25.00",
                        "missing": "NBC-CA"
                    },
                    {
                        "Line": 22.0,
                        "Line Type / Break Type (Ref #)": "Normal Line / SPOT",
                        "Dates": "10/18/20-10/18/20",
                        "Sec": 5,
                        "Length": ":30",
                        "Run Times": "8A-9A (PST)",
                        "SPW": "missing",
                        "Mo": "missing",
                        "Tu": "missing",
                        "We": "missing",
                        "Th": "missing",
                        "Fr": "missing",
                        "Sa": "1",
                        "Su": "missing",
                        "Spots": 1,
                        "Rate": "$25.00",
                        "Total": "$25.00",
                        "missing": "NBC-CA"
                    },
                    {
                        "Line": 23.0,
                        "Line Type / Break Type (Ref #)": "Normal Line / SPOT",
                        "Dates": "10/12/20-10/16/20",
                        "Sec": 5,
                        "Length": ":30",
                        "Run Times": "6A-7A (PST)",
                        "SPW": "missing",
                        "Mo": "1",
                        "Tu": "1",
                        "We": "1",
                        "Th": "1",
                        "Fr": "1",
                        "Sa": "missing",
                        "Su": "missing",
                        "Spots": 5,
                        "Rate": "$15.00",
                        "Total": "$75.00",
                        "missing": "NBC-CA"
                    },
                    {
                        "Line": 24.0,
                        "Line Type / Break Type (Ref #)": "Normal Line / SPOT",
                        "Dates": "10/12/20-10/16/20",
                        "Sec": 5,
                        "Length": ":30",
                        "Run Times": "6P-6:30P (PST)",
                        "SPW": "missing",
                        "Mo": "1",
                        "Tu": "1",
                        "We": "1",
                        "Th": "1",
                        "Fr": "1",
                        "Sa": "missing",
                        "Su": "missing",
                        "Spots": 5,
                        "Rate": "$135.00",
                        "Total": "$675.00",
                        "missing": "NBC-CA"
                    },
                    {
                        "Line": 25.0,
                        "Line Type / Break Type (Ref #)": "Normal Line / SPOT",
                        "Dates": "10/05/20-10/06/20",
                        "Sec": 5,
                        "Length": ":30",
                        "Run Times": "9P-9:30P (PST)",
                        "SPW": "missing",
                        "Mo": "missing",
                        "Tu": "missing",
                        "We": "missing",
                        "Th": "missing",
                        "Fr": "1",
                        "Sa": "missing",
                        "Su": "missing",
                        "Spots": 1,
                        "Rate": "$135.00",
                        "Total": "$135.00",
                        "missing": "NBC-CA"
                    }
                ]
            }
        ]
    },
    {
        "id": 3,
        "content": []
    },
    {
        "id": 4,
        "content": [
            {
                "type": "metadata",
                "content": "Contract# 828059\nGreat American Media\\n1010 Wisconsin Ave. NW\\n\"Washington, DC 20007-3603\"\n"
            },
            {
                "type": "kv",
                "content": [
                    {
                        "Date Entered": "05/08/12"
                    },
                    {
                        "Schedule Dates": "10/09/12-11/05/12"
                    },
                    {
                        "Advertiser": "Democratic Senatorial Campaign Committee (1639)"
                    },
                    {
                        "Agency/T-Code": "Great American Media (2039)/556615156"
                    },
                    {
                        "Product": "Political - US Senate (1176)"
                    },
                    {
                        "Brand": "Republican (ANTI) (178218)"
                    },
                    {
                        "Salesperson": "Blair, Cheryl (2205)"
                    },
                    {
                        "Sales Office": "TeleRep - Philadelphia"
                    },
                    {
                        "Buyer Name": "NAGELBERG,DAN"
                    },
                    {
                        "Phone/Fax": "/"
                    },
                    {
                        "CPE": "49/53/1139"
                    },
                    {
                        "Account Types": "National/Political PAC - Agency"
                    },
                    {
                        "Billing Type": "Weekly/Irregular"
                    },
                    {
                        "Comments": "DSCC 10/9-11/5 ***** THIS IS A CASH IN ADVANCE SCHEDULE *****, DEMOCRATIC SENATORIAL CAMPAIGN COMMITTEE"
                    },
                    {
                        "Last Modified": "10/17/12"
                    },
                    {
                        "Entered By": "Penne Marsh"
                    },
                    {
                        "CO-OP": "No"
                    },
                    {
                        "Headline #": "06135017"
                    },
                    {
                        "Demo": "missing"
                    },
                    {
                        "Order Type": "Normal"
                    },
                    {
                        "Package Deal": ""
                    },
                    {
                        "Commission %": "15.00"
                    },
                    {
                        "Commission": "\"$35,423.25\""
                    },
                    {
                        "Net Total": "\"$200,731.75\""
                    },
                    {
                        "Sales Tax": "missing"
                    }
                ]
            },
            {
                "type": "table",
                "content": [
                    {
                        "By Broadcast Month": "Oct. 2012",
                        "Spots": 232,
                        "Rate": "$156,435.00"
                    },
                    {
                        "By Broadcast Month": "Nov. 2012",
                        "Spots": 117,
                        "Rate": "$79,720.00"
                    },
                    {
                        "By Broadcast Month": "Grand Total",
                        "Spots": 349,
                        "Rate": "$236,155.00"
                    }
                ]
            },
            {
                "type": "table",
                "content": [
                    {
                        "Line": 15.0,
                        "Line Type / Break Type (Ref #)": "Normal Line / SPOT",
                        "Dates": "10/09/12-10/12/12",
                        "Sec": 4,
                        "Length": ":30",
                        "Run Times": "4:58P-5:29P (ET)",
                        "SPW": 5,
                        "Mo": "missing",
                        "Tu": "X",
                        "We": "X",
                        "Th": "X",
                        "Fr": "X",
                        "Sa": "missing",
                        "Su": "missing",
                        "Spots": "missing",
                        "Rate": "$750.00",
                        "Total": "missing",
                        "Station": "Norfolk (WVEC) (WVEC)",
                        "Comments": "13 NEWS AT 5P",
                        "Entered": "5/8/12"
                    },
                    {
                        "Line": 16.1,
                        "Line Type / Break Type (Ref #)": "Normal Line / SPOT",
                        "Dates": "10/16/12-10/19/12",
                        "Sec": 5,
                        "Length": ":30",
                        "Run Times": "4:58P-5:29P (ET)",
                        "SPW": 4,
                        "Mo": "missing",
                        "Tu": "X",
                        "We": "X",
                        "Th": "X",
                        "Fr": "X",
                        "Sa": "missing",
                        "Su": "missing",
                        "Spots": "4",
                        "Rate": "$750.00",
                        "Total": "$3,000.00",
                        "Station": "Norfolk (WVEC) (WVEC)",
                        "Comments": "13 NEWS AT 5P",
                        "Entered": "10/9/12"
                    },
                    {
                        "Line": 17.1,
                        "Line Type / Break Type (Ref #)": "Normal Line / SPOT",
                        "Dates": "10/23/12-11/02/12",
                        "Sec": 5,
                        "Length": ":30",
                        "Run Times": "4:58P-5:29P (ET)",
                        "SPW": 5,
                        "Mo": "missing",
                        "Tu": "X",
                        "We": "X",
                        "Th": "X",
                        "Fr": "X",
                        "Sa": "missing",
                        "Su": "missing",
                        "Spots": "10",
                        "Rate": "$750.00",
                        "Total": "$7,500.00",
                        "Station": "Norfolk (WVEC) (WVEC)",
                        "Comments": "13 NEWS AT 5P",
                        "Entered": "10/9/12"
                    },
                    {
                        "Line": 18.1,
                        "Line Type / Break Type (Ref #)": "Normal Line / SPOT",
                        "Dates": "10/09/12-10/12/12",
                        "Sec": 5,
                        "Length": ":30",
                        "Run Times": "5A-5:58A (ET)",
                        "SPW": 4,
                        "Mo": "missing",
                        "Tu": "X",
                        "We": "X",
                        "Th": "X",
                        "Fr": "X",
                        "Sa": "missing",
                        "Su": "missing",
                        "Spots": "4",
                        "Rate": "$325.00",
                        "Total": "$1,300.00",
                        "Station": "Norfolk (WVEC) (WVEC)",
                        "Comments": "5AM NEWS",
                        "Entered": "10/5/12"
                    },
                    {
                        "Line": 19.1,
                        "Line Type / Break Type (Ref #)": "Normal Line / SPOT",
                        "Dates": "10/16/12-11/02/12",
                        "Sec": 5,
                        "Length": ":30",
                        "Run Times": "5:29P-5:58P (ET)",
                        "SPW": 5,
                        "Mo": "missing",
                        "Tu": "X",
                        "We": "X",
                        "Th": "X",
                        "Fr": "X",
                        "Sa": "missing",
                        "Su": "missing",
                        "Spots": "15",
                        "Rate": "$325.00",
                        "Total": "4,875.00",
                        "Station": "Norfolk (WVEC) (WVEC)",
                        "Comments": "5 AM NEWS",
                        "Entered": "10/9/12"
                    },
                    {
                        "Line": 20.0,
                        "Line Type / Break Type (Ref #)": "Normal Line / SPOT",
                        "Dates": "10/09/12-10/12/12",
                        "Sec": 4,
                        "Length": ":30",
                        "Run Times": "5:29P-5:58P (ET)",
                        "SPW": 4,
                        "Mo": "missing",
                        "Tu": "X",
                        "We": "X",
                        "Th": "X",
                        "Fr": "X",
                        "Sa": "missing",
                        "Su": "missing",
                        "Spots": "missing",
                        "Rate": "$800.00",
                        "Total": "Norflok (WVEC) (WVEC)",
                        "Station": "NEWS",
                        "Comments": "10/9/12",
                        "Entered": NaN
                    },
                    {
                        "Line": 21.1,
                        "Line Type / Break Type (Ref #)": "Normal Line / SPOT",
                        "Dates": "10/16/12-11/02/12",
                        "Sec": 5,
                        "Length": ":30",
                        "Run Times": "5:29P-5:58P (ET)",
                        "SPW": 5,
                        "Mo": "missing",
                        "Tu": "X",
                        "We": "X",
                        "Th": "X",
                        "Fr": "X",
                        "Sa": "missing",
                        "Su": "missing",
                        "Spots": "15",
                        "Rate": "$800.00",
                        "Total": "$12,000.00",
                        "Station": "Norfolk (WVEC) (WVEC)",
                        "Comments": "NEWS",
                        "Entered": "10/9/12"
                    },
                    {
                        "Line": 22.1,
                        "Line Type / Break Type (Ref #)": "End Dated Line / SPOT",
                        "Dates": "10/09/12-10/09/12",
                        "Sec": 4,
                        "Length": ":30",
                        "Run Times": "6P-6:30P (ET)",
                        "SPW": 5,
                        "Mo": "missing",
                        "Tu": "missing",
                        "We": "missing",
                        "Th": "missing",
                        "Fr": "missing",
                        "Sa": "missing",
                        "Su": "$825.00",
                        "Spots": "missing",
                        "Rate": "Norfolk (WVEC) (WVEC)",
                        "Total": "13 NEWS AT 6P",
                        "Station": "10/9/12",
                        "Comments": NaN,
                        "Entered": NaN
                    },
                    {
                        "Line": 23.1,
                        "Line Type / Break Type (Ref #)": "Normal Line / SPOT",
                        "Dates": "10/09/12-10/12/12",
                        "Sec": 5,
                        "Length": ":30",
                        "Run Times": "6P-6:30P (ET)",
                        "SPW": 4,
                        "Mo": "missing",
                        "Tu": "X",
                        "We": "X",
                        "Th": "X",
                        "Fr": "X",
                        "Sa": "missing",
                        "Su": "missing",
                        "Spots": "4",
                        "Rate": "$825.00",
                        "Total": "3,300.00",
                        "Station": "Norfolk (WVEC) (WVEC)",
                        "Comments": "13 NEWS AT 6P",
                        "Entered": "10/9/12"
                    },
                    {
                        "Line": 24.1,
                        "Line Type / Break Type (Ref #)": "Normal Line / SPOT",
                        "Dates": "10/09/12-10/12/12",
                        "Sec": 5,
                        "Length": ":30",
                        "Run Times": "5:58A-7A (ET)",
                        "SPW": 5,
                        "Mo": "missing",
                        "Tu": "X",
                        "We": "X",
                        "Th": "X",
                        "Fr": "X",
                        "Sa": "missing",
                        "Su": "missing",
                        "Spots": "5",
                        "Rate": "$650.00",
                        "Total": "3,250.00",
                        "Station": "Norfolk (WVEC) (WVEC)",
                        "Comments": "13 NEWS DAYBREAK",
                        "Entered": "10/9/12"
                    },
                    {
                        "Line": 25.1,
                        "Line Type / Break Type (Ref #)": "Normal Line / SPOT",
                        "Dates": "10/16/12-10/19/12",
                        "Sec": 5,
                        "Length": ":30",
                        "Run Times": "5:58A-7A (ET)",
                        "SPW": 4,
                        "Mo": "missing",
                        "Tu": "X",
                        "We": "X",
                        "Th": "X",
                        "Fr": "X",
                        "Sa": "missing",
                        "Su": "missing",
                        "Spots": "4",
                        "Rate": "$650.00",
                        "Total": "$2,600.00",
                        "Station": "Norfolk (WVEC) (WVEC)",
                        "Comments": "13 NEWS DAYBREAK",
                        "Entered": "10/5/12"
                    },
                    {
                        "Line": 26.1,
                        "Line Type / Break Type (Ref #)": "Normal Line / SPOT",
                        "Dates": "10/23/12-11/02/12",
                        "Sec": 5,
                        "Length": ":30",
                        "Run Times": "5:58A-7A (ET)",
                        "SPW": 5,
                        "Mo": "missing",
                        "Tu": "X",
                        "We": "X",
                        "Th": "X",
                        "Fr": "X",
                        "Sa": "missing",
                        "Su": "missing",
                        "Spots": "10",
                        "Rate": "$650.00",
                        "Total": "$6,500.00",
                        "Station": "Norfolk (WVEC) (WVEC)",
                        "Comments": "13 NEWS DAYBREAK",
                        "Entered": "10/9/12"
                    },
                    {
                        "Line": 27.1,
                        "Line Type / Break Type (Ref #)": "Normal Line / SPOT",
                        "Dates": "10/09/12-10/12/12",
                        "Sec": 4,
                        "Length": ":30",
                        "Run Times": "6:58A-7:28P (ET)",
                        "SPW": 5,
                        "Mo": "missing",
                        "Tu": "X",
                        "We": "X",
                        "Th": "X",
                        "Fr": "X",
                        "Sa": "missing",
                        "Su": "missing",
                        "Spots": "5",
                        "Rate": "$1,300.00",
                        "Total": "$6,500.00",
                        "Station": "Norfolk (WVEC (WVEC))",
                        "Comments": "WHEEL OF FORTUNE",
                        "Entered": "10/9/12"
                    },
                    {
                        "Line": 28.1,
                        "Line Type / Break Type (Ref #)": "Normal Line / SPOT",
                        "Dates": "10/23/12-11/26/12",
                        "Sec": 5,
                        "Length": ":30",
                        "Run Times": "6:58P-7:28P (ET)",
                        "SPW": 4,
                        "Mo": "missing",
                        "Tu": "X",
                        "We": "X",
                        "Th": "X",
                        "Fr": "X",
                        "Sa": "missing",
                        "Su": "missing",
                        "Spots": "4",
                        "Rate": "$1,300.00",
                        "Total": "$5,200.00",
                        "Station": "Norfolk (WVEC) (WVEC)",
                        "Comments": "WHEEL OF FORTUNE",
                        "Entered": "10/9/12"
                    }
                ]
            }
        ]
    },
    {
        "id": 5,
        "content": [
            {
                "type": "metadata",
                "content": "Contract# 828059\nGreat American Media\\n1010 Wisconsin Ave. NW\\n\"Washington, DC 20007-3603\"\n"
            },
            {
                "type": "kv",
                "content": [
                    {
                        "Date Entered": "05/08/12"
                    },
                    {
                        "Schedule Dates": "10/09/12-11/05/12"
                    },
                    {
                        "Advertiser": "Democratic Senatorial Campaign Committee (1639)"
                    },
                    {
                        "Agency/T-Code": "Great American Media (2039)/556615156"
                    },
                    {
                        "Product": "Political - US Senate (1176)"
                    },
                    {
                        "Brand": "Republican (ANTI) (178218)"
                    },
                    {
                        "Salesperson": "Blair, Cheryl (2205)"
                    },
                    {
                        "Sales Office": "TeleRep - Philadelphia"
                    },
                    {
                        "Buyer Name": "NAGELBERG,DAN"
                    },
                    {
                        "Phone/Fax": "/"
                    },
                    {
                        "CPE": "49/53/1139"
                    },
                    {
                        "Account Types": "National/Political PAC - Agency"
                    },
                    {
                        "Billing Type": "Weekly/Irregular"
                    },
                    {
                        "Comments": "DSCC 10/9-11/5 ***** THIS IS A CASH IN ADVANCE SCHEDULE *****, DEMOCRATIC SENATORIAL CAMPAIGN COMMITTEE"
                    },
                    {
                        "Last Modified": "10/17/12"
                    },
                    {
                        "Entered By": "Penne Marsh"
                    },
                    {
                        "CO-OP": "No"
                    },
                    {
                        "Headline #": "06135017"
                    },
                    {
                        "Demo": "missing"
                    },
                    {
                        "Order Type": "Normal"
                    },
                    {
                        "Package Deal": ""
                    },
                    {
                        "Commission %": "15.00"
                    },
                    {
                        "Commission": "\"$35,423.25\""
                    },
                    {
                        "Net Total": "\"$200,731.75\""
                    },
                    {
                        "Sales Tax": "missing"
                    }
                ]
            },
            {
                "type": "table",
                "content": [
                    {
                        "By Broadcast Month": "Oct. 2012",
                        "Spots": 232,
                        "Rate": "$156,435.00"
                    },
                    {
                        "By Broadcast Month": "Nov. 2012",
                        "Spots": 117,
                        "Rate": "$79,720.00"
                    },
                    {
                        "By Broadcast Month": "Grand Total",
                        "Spots": 349,
                        "Rate": "$236,155.00"
                    }
                ]
            },
            {
                "type": "table",
                "content": [
                    {
                        "Line": 29.1,
                        "Line Type / Break Type (Ref #)": "Normal Line / SPOT",
                        "Dates": "10/30/12-11/02/12",
                        "Sec": 5,
                        "Length": ":30",
                        "Run Times": "6:58P-7:28P (ET)",
                        "SPW": "5",
                        "Mo": "missing",
                        "Tu": "X",
                        "We": "X",
                        "Th": "X",
                        "Fr": "X",
                        "Sa": "missing",
                        "Su": "missing",
                        "Spots": "5",
                        "Rate": "$1,300.00",
                        "Total": "$6,500.00",
                        "Station": "Norfolk (WVEC) (WVEC)",
                        "Comments": "WHEEL OF FORTUNE",
                        "Entered": "10/9/12"
                    },
                    {
                        "Line": 30.1,
                        "Line Type / Break Type (Ref #)": "Normal Line / SPOT",
                        "Dates": "10/09/12-10/19/12",
                        "Sec": 5,
                        "Length": ":30",
                        "Run Times": "7A-9A (ET)",
                        "SPW": "5",
                        "Mo": "missing",
                        "Tu": "X",
                        "We": "X",
                        "Th": "X",
                        "Fr": "X",
                        "Sa": "missing",
                        "Su": "missing",
                        "Spots": "10",
                        "Rate": "$600.00",
                        "Total": "$6,000.00",
                        "Station": "Norfolk (WVEC) (WVEC)",
                        "Comments": "GOOD MORNING AMERICA",
                        "Entered": "10/5/12"
                    },
                    {
                        "Line": 31.1,
                        "Line Type / Break Type (Ref #)": "Normal Line / SPOT",
                        "Dates": "10/23/12-10/26/12",
                        "Sec": 5,
                        "Length": ":30",
                        "Run Times": "7A-9A (ET)",
                        "SPW": "4",
                        "Mo": "missing",
                        "Tu": "X",
                        "We": "X",
                        "Th": "X",
                        "Fr": "X",
                        "Sa": "missing",
                        "Su": "missing",
                        "Spots": "4",
                        "Rate": "$600.00",
                        "Total": "$2,400.00",
                        "Station": "Norfolk (WVEC) (WVEC)",
                        "Comments": "GOOD MORNING AMERICA",
                        "Entered": "10/9/12"
                    },
                    {
                        "Line": 32.1,
                        "Line Type / Break Type (Ref #)": "Normal Line / SPOT",
                        "Dates": "10/30/12-11/02/12",
                        "Sec": 5,
                        "Length": ":30",
                        "Run Times": "7A-9A (ET)",
                        "SPW": "10",
                        "Mo": "missing",
                        "Tu": "X",
                        "We": "X",
                        "Th": "X",
                        "Fr": "X",
                        "Sa": "missing",
                        "Su": "missing",
                        "Spots": "10",
                        "Rate": "$600.00",
                        "Total": "$6,000.00",
                        "Station": "Norfolk (WVEC) (WVEC)",
                        "Comments": "GOOD MORNING AMERICA",
                        "Entered": "10/9/12"
                    },
                    {
                        "Line": 33.0,
                        "Line Type / Break Type (Ref #)": "Normal Line / SPOT",
                        "Dates": "10/09/12-10/12/12",
                        "Sec": 4,
                        "Length": ":30",
                        "Run Times": "7:28P-7:57P (ET)",
                        "SPW": "4",
                        "Mo": "missing",
                        "Tu": "X",
                        "We": "X",
                        "Th": "X",
                        "Fr": "X",
                        "Sa": "missing",
                        "Su": "missing",
                        "Spots": "4",
                        "Rate": "$1,300.00",
                        "Total": "$5,200.00",
                        "Station": "Norfolk (WVEC) (WVEC)",
                        "Comments": "JEOPARDY",
                        "Entered": "5/8/12"
                    },
                    {
                        "Line": 34.1,
                        "Line Type / Break Type (Ref #)": "Normal Line / SPOT",
                        "Dates": "10/16/12-11/02/12",
                        "Sec": 5,
                        "Length": ":30",
                        "Run Times": "7:28P-7:57P (ET)",
                        "SPW": "5",
                        "Mo": "missing",
                        "Tu": "X",
                        "We": "X",
                        "Th": "X",
                        "Fr": "X",
                        "Sa": "missing",
                        "Su": "missing",
                        "Spots": "15",
                        "Rate": "$1,300.00",
                        "Total": "$19,500.00",
                        "Station": "Norfolk (WVEC) (WVEC)",
                        "Comments": "JEOPARDY",
                        "Entered": "10/9/12"
                    },
                    {
                        "Line": 35.1,
                        "Line Type / Break Type (Ref #)": "Normal Line / SPOT",
                        "Dates": "10/09/12-10/12/12",
                        "Sec": 5,
                        "Length": ":30",
                        "Run Times": "9A-10A (ET)",
                        "SPW": "2",
                        "Mo": "missing",
                        "Tu": "X",
                        "We": "X",
                        "Th": "X",
                        "Fr": "X",
                        "Sa": "missing",
                        "Su": "missing",
                        "Spots": "2",
                        "Rate": "$300.00",
                        "Total": "$600.00",
                        "Station": "Norfolk (WVEC) (WVEC)",
                        "Comments": "LIVE WITH KELLY",
                        "Entered": "10/5/12"
                    },
                    {
                        "Line": 36.1,
                        "Line Type / Break Type (Ref #)": "Normal Line / SPOT",
                        "Dates": "10/16/12-10/19/12",
                        "Sec": 5,
                        "Length": ":30",
                        "Run Times": "9A-10A (ET)",
                        "SPW": "1",
                        "Mo": "missing",
                        "Tu": "X",
                        "We": "X",
                        "Th": "X",
                        "Fr": "X",
                        "Sa": "missing",
                        "Su": "missing",
                        "Spots": "1",
                        "Rate": "$300.00",
                        "Total": "$300.00",
                        "Station": "Norfolk (WVEC) (WVEC)",
                        "Comments": "LIVE WITH KELLY",
                        "Entered": "10/9/12"
                    },
                    {
                        "Line": 37.1,
                        "Line Type / Break Type (Ref #)": "Normal Line / SPOT",
                        "Dates": "10/23/12-10/26/12",
                        "Sec": 5,
                        "Length": ":30",
                        "Run Times": "9A-10A (ET)",
                        "SPW": "5",
                        "Mo": "missing",
                        "Tu": "X",
                        "We": "X",
                        "Th": "X",
                        "Fr": "X",
                        "Sa": "missing",
                        "Su": "missing",
                        "Spots": "10",
                        "Rate": "$300.00",
                        "Total": "$3,000.00",
                        "Station": "Norfolk (WVEC) (WVEC)",
                        "Comments": "LIVE WITH KELLY",
                        "Entered": "10/9/12"
                    },
                    {
                        "Line": 38.1,
                        "Line Type / Break Type (Ref #)": "Normal Line / SPOT",
                        "Dates": "10/26/12-11/02/12",
                        "Sec": 5,
                        "Length": ":30",
                        "Run Times": "10P-11P (ET)",
                        "SPW": "missing",
                        "Mo": "missing",
                        "Tu": "missing",
                        "We": "missing",
                        "Th": "missing",
                        "Fr": "1",
                        "Sa": "missing",
                        "Su": "missing",
                        "Spots": "2",
                        "Rate": "$1,250.00",
                        "Total": "$2,500.00",
                        "Station": "Norfolk (WVEC) (WVEC)",
                        "Comments": "20/20",
                        "Entered": "10/9/12"
                    },
                    {
                        "Line": 39.1,
                        "Line Type / Break Type (Ref #)": "Normal Line / SPOT",
                        "Dates": "11/05/12-11/05/12",
                        "Sec": 5,
                        "Length": ":30",
                        "Run Times": "7:58P-10P (ET)",
                        "SPW": "missing",
                        "Mo": "1",
                        "Tu": "missing",
                        "We": "missing",
                        "Th": "missing",
                        "Fr": "missing",
                        "Sa": "missing",
                        "Su": "missing",
                        "Spots": "1",
                        "Rate": "$3,500.00",
                        "Total": "$3,500.00",
                        "Station": "Norfolk (WVEC) (WVEC)",
                        "Comments": "DANCING WITH THE\\nSTARSSEP 9/24/12",
                        "Entered": "10/9/12"
                    },
                    {
                        "Line": 40.1,
                        "Line Type / Break Type (Ref #)": "Normal Line / NCAA - FOOTBALL",
                        "Dates": "10/27/12-11/03/12",
                        "Sec": 5,
                        "Length": ":30",
                        "Run Times": "12P-6:58P (ET)",
                        "SPW": "missing",
                        "Mo": "missing",
                        "Tu": "missing",
                        "We": "missing",
                        "Th": "missing",
                        "Fr": "missing",
                        "Sa": "4",
                        "Su": "missing",
                        "Spots": "8",
                        "Rate": "$950.00",
                        "Total": "$7,600.00",
                        "Station": "Norfolk (WVEC) (WVEC)",
                        "Comments": "CLLG FTL SEP-DEC12",
                        "Entered": "10/9/12"
                    },
                    {
                        "Line": 41.0,
                        "Line Type / Break Type (Ref #)": "Normal Line / SPOT",
                        "Dates": "10/13/12-11/03/12",
                        "Sec": 4,
                        "Length": ":30",
                        "Run Times": "6P-6:30P (ET)",
                        "SPW": "missing",
                        "Mo": "missing",
                        "Tu": "missing",
                        "We": "missing",
                        "Th": "missing",
                        "Fr": "missing",
                        "Sa": "1",
                        "Su": "missing",
                        "Spots": "missing",
                        "Rate": "$300.00",
                        "Total": "missing",
                        "Station": "Norfolk (WVEC) (WVEC)",
                        "Comments": "WEEKEND NEWS",
                        "Entered": "5/8/12"
                    }
                ]
            }
        ]
    }
]