[
    {
        "id": 1,
        "content": [
            {
                "type": "metadata",
                "content": "KYW TV3\nINVOICE\n11/13/2012\nNet 30 days\nBroadcast airtimes represented are reported to the nearest second.\nWarranty - We warrant the above broadcasts were made acording to the official station log.\n"
            },
            {
                "type": "kv",
                "content": [
                    {
                        "Remit To": "CBS Television Stations\\nP.O. BOX 33091\\n\"NEWARK, NJ 07188-0091\""
                    },
                    {
                        "For": "BOB CASEY FOR SENATE(215421)\\nPO BOX 58746\\n\"Philadelphia, PA 19102-8746\""
                    },
                    {
                        "In Account\\nWith": "SHORR JOHNSON MANUS(39976)\\n1831 Chestnut St Ste 602\\n\"Philadelphia, PA 19103-3700\"\\nATTN:Accounts Payable"
                    },
                    {
                        "Account Exec": "JOHN LINK POL."
                    },
                    {
                        "Office": "GWTS-PH"
                    },
                    {
                        "Contract Num": "1041-80687"
                    },
                    {
                        "Contract Dates": "10/02/2012-10/08/2012"
                    },
                    {
                        "Customer Order": "missing"
                    },
                    {
                        "Linked Order": "missing"
                    },
                    {
                        "CPE": "/ /"
                    },
                    {
                        "Product Desc": "CASEY FOR SENATE"
                    },
                    {
                        "Invoice Num": "1041-556238"
                    },
                    {
                        "Invoice Date": "10/14/2012"
                    },
                    {
                        "Billing Cycle": "Weekly"
                    },
                    {
                        "Billing Period": "10/01/2012-10/14/2012"
                    }
                ]
            },
            {
                "type": "table",
                "content": [
                    {
                        "Buy\\nLine": 1,
                        "Flight\\nDescription": "CBS THIS MORNING",
                        "Buy Line Dates": "10/02/2012-10/05/2012",
                        "M T W F S S": ". T W T F . .",
                        "Dur": 30,
                        "Total\\nSpots": 4,
                        "Rate": 405.0
                    }
                ]
            },
            {
                "type": "table",
                "content": [
                    {
                        "Week Of": "10/01/2012-10/07/2012",
                        "M T W T F S S": ". T W T F . .",
                        "Spots Per Week": 4,
                        "Rate": 405.0
                    }
                ]
            },
            {
                "type": "table",
                "content": [
                    {
                        "Air Date": "10/02/2012",
                        "Day": "Tu",
                        "Air Time": "08:27:26 AM",
                        "M/G For": "missing",
                        "Material": "BCTV1203H",
                        "Dur": 30,
                        "Rate": 405.0,
                        "Debit": "missing",
                        "Credit": "missing",
                        "Remarks": "missing"
                    },
                    {
                        "Air Date": "10/03/2012",
                        "Day": "We",
                        "Air Time": "08:59:21 AM",
                        "M/G For": "missing",
                        "Material": "BCTV1203H",
                        "Dur": 30,
                        "Rate": 405.0,
                        "Debit": "missing",
                        "Credit": "missing",
                        "Remarks": "missing"
                    },
                    {
                        "Air Date": "10/04/2012",
                        "Day": "Th",
                        "Air Time": "08:15:02 AM",
                        "M/G For": "missing",
                        "Material": "BCTV1203H",
                        "Dur": 30,
                        "Rate": 405.0,
                        "Debit": "missing",
                        "Credit": "missing",
                        "Remarks": "missing"
                    },
                    {
                        "Air Date": "10/05/2012",
                        "Day": "Fr",
                        "Air Time": "08:24:16 AM",
                        "M/G For": "missing",
                        "Material": "BCTV1203H",
                        "Dur": 30,
                        "Rate": 405.0,
                        "Debit": "missing",
                        "Credit": "missing",
                        "Remarks": "missing"
                    }
                ]
            },
            {
                "type": "table",
                "content": [
                    {
                        "Buy\\nLine": 2,
                        "Flight\\nDescription": "CBS THIS MORNING",
                        "Buy Line Dates": "10/08/2012-10/08/2012",
                        "M T W F S S": "M . . . . . .",
                        "Dur": 30,
                        "Total\\nSpots": 1,
                        "Rate": 405.0
                    }
                ]
            },
            {
                "type": "table",
                "content": [
                    {
                        "Week Of": "10/08/2012-10/14/2012",
                        "M T W T F S S": "M . . . . . .",
                        "Spots Per Week": 1,
                        "Rate": 405.0
                    }
                ]
            },
            {
                "type": "table",
                "content": [
                    {
                        "Air Date": "10/08/2012",
                        "Day": "Mo",
                        "Air Time": "08:28:01 AM",
                        "M/G For": "missing",
                        "Material": "BCTV1203H",
                        "Dur": 30,
                        "Rate": 405.0,
                        "Debit": "missing",
                        "Credit": "missing",
                        "Remarks": "missing"
                    }
                ]
            },
            {
                "type": "table",
                "content": [
                    {
                        "Buy\\nLine": 3,
                        "Flight\\nDescription": "THIS MORNING (5:58-7AM)",
                        "Buy Line Dates": "10/02/2012-10/05/2012",
                        "M T W F S S": ". T W T F . .",
                        "Dur": 30,
                        "Total\\nSpots": 4,
                        "Rate": 810.0
                    }
                ]
            },
            {
                "type": "table",
                "content": [
                    {
                        "Week Of": "10/01/2012-10/07/2012",
                        "M T W T F S S": ". T W T F . .",
                        "Spots Per Week": 4,
                        "Rate": 810.0
                    }
                ]
            },
            {
                "type": "table",
                "content": [
                    {
                        "Air Date": "10/02/2012",
                        "Day": "Tu",
                        "Air Time": "06:52:04 AM",
                        "M/G For": "missing",
                        "Material": "BCTV1203H",
                        "Dur": 30,
                        "Rate": 810.0,
                        "Debit": "missing",
                        "Credit": "missing",
                        "Remarks": "missing"
                    },
                    {
                        "Air Date": "10/03/2012",
                        "Day": "We",
                        "Air Time": "06:17:44 AM",
                        "M/G For": "missing",
                        "Material": "BCTV1203H",
                        "Dur": 30,
                        "Rate": 810.0,
                        "Debit": "missing",
                        "Credit": "missing",
                        "Remarks": "missing"
                    },
                    {
                        "Air Date": "10/04/2012",
                        "Day": "Th",
                        "Air Time": "06:58:00 AM",
                        "M/G For": "missing",
                        "Material": "BCTV1203H",
                        "Dur": 30,
                        "Rate": 810.0,
                        "Debit": "missing",
                        "Credit": "missing",
                        "Remarks": "missing"
                    },
                    {
                        "Air Date": "10/05/2012",
                        "Day": "Fr",
                        "Air Time": "06:17:38 AM",
                        "M/G For": "missing",
                        "Material": "BCTV1203H",
                        "Dur": 30,
                        "Rate": 810.0,
                        "Debit": "missing",
                        "Credit": "missing",
                        "Remarks": "missing"
                    }
                ]
            }
        ]
    },
    {
        "id": 2,
        "content": [
            {
                "type": "metadata",
                "content": "KYW TV3\nINVOICE\n11/13/2012\nNet 30 days\nBroadcast airtimes represented are reported to the nearest second.\nWarranty - We warrant the above broadcasts were made acording to the official station log.\n"
            },
            {
                "type": "kv",
                "content": [
                    {
                        "Remit To": "CBS Television Stations\\nP.O. BOX 33091\\n\"NEWARK, NJ 07188-0091\""
                    },
                    {
                        "For": "BOB CASEY FOR SENATE(215421)\\nPO BOX 58746\\n\"Philadelphia, PA 19102-8746\""
                    },
                    {
                        "In Account\\nWith": "SHORR JOHNSON MANUS(39976)\\n1831 Chestnut St Ste 602\\n\"Philadelphia, PA 19103-3700\"\\nATTN:Accounts Payable"
                    },
                    {
                        "Account Exec": "JOHN LINK POL."
                    },
                    {
                        "Office": "GWTS-PH"
                    },
                    {
                        "Contract Num": "1041-80687"
                    },
                    {
                        "Contract Dates": "10/02/2012-10/08/2012"
                    },
                    {
                        "Customer Order": "missing"
                    },
                    {
                        "Linked Order": "missing"
                    },
                    {
                        "CPE": "/ /"
                    },
                    {
                        "Product Desc": "CASEY FOR SENATE"
                    },
                    {
                        "Invoice Num": "1041-556238"
                    },
                    {
                        "Invoice Date": "10/14/2012"
                    },
                    {
                        "Billing Cycle": "Weekly"
                    },
                    {
                        "Billing Period": "10/01/2012-10/14/2012"
                    }
                ]
            },
            {
                "type": "table",
                "content": [
                    {
                        "Buy\\nLine": 4,
                        "Flight\\nDescription": "THIS MORNING (5:58-7AM)",
                        "Buy Line Dates": "10/08/2012-10/08/2012",
                        "M T W F S S": "M . . . . . .",
                        "Dur": 30,
                        "Total\\nSpots": "1,810.00",
                        "Rate": NaN
                    }
                ]
            },
            {
                "type": "table",
                "content": [
                    {
                        "Week Of": "10/08/2012-10/14/2012",
                        "M T W T F S S": "M . . . . . .",
                        "Spots Per Week": 1,
                        "Rate": 810.0
                    }
                ]
            },
            {
                "type": "table",
                "content": [
                    {
                        "Air Date": "10/08/2012",
                        "Day": "Mo",
                        "Air Time": "06:51:36 AM",
                        "M/G For": "missing",
                        "Material": "BCTV1203H",
                        "Dur": 30,
                        "Rate": 810.0,
                        "Debit": "missing",
                        "Credit": "missing",
                        "Remarks": "missing"
                    }
                ]
            },
            {
                "type": "table",
                "content": [
                    {
                        "Buy\\nLine": 5,
                        "Flight\\nDescription": "ENTERTAINMENT TONIGHT",
                        "Buy Line Dates": "10/02/2012-10/05/2012",
                        "M T W F S S": ". T W T F . .",
                        "Dur": 30,
                        "Total\\nSpots": 4,
                        "Rate": "1,080.00"
                    }
                ]
            },
            {
                "type": "table",
                "content": [
                    {
                        "Week Of": "10/01/2012-10/07/2012",
                        "M T W T F S S": ". T W T F . .",
                        "Spots Per Week": 4,
                        "Rate": "1,080.00"
                    }
                ]
            },
            {
                "type": "table",
                "content": [
                    {
                        "Air Date": "10/02/2012",
                        "Day": "Tu",
                        "Air Time": "07:25:45 PM",
                        "M/G For": "missing",
                        "Material": "BCTV1203H",
                        "Dur": 30,
                        "Rate": "1,080.00",
                        "Debit": "missing",
                        "Credit": "missing",
                        "Remarks": "missing"
                    },
                    {
                        "Air Date": "10/03/2012",
                        "Day": "We",
                        "Air Time": "07:12:08 PM",
                        "M/G For": "missing",
                        "Material": "BCTV1203H",
                        "Dur": 30,
                        "Rate": "1,080.00",
                        "Debit": "missing",
                        "Credit": "missing",
                        "Remarks": "missing"
                    },
                    {
                        "Air Date": "10/04/2012",
                        "Day": "Th",
                        "Air Time": "07:16:27 PM",
                        "M/G For": "missing",
                        "Material": "BCTV1203H",
                        "Dur": 30,
                        "Rate": "1,080.00",
                        "Debit": "missing",
                        "Credit": "missing",
                        "Remarks": "missing"
                    },
                    {
                        "Air Date": "10/05/2012",
                        "Day": "Fr",
                        "Air Time": "07:26:08 PM",
                        "M/G For": "missing",
                        "Material": "BCTV1203H",
                        "Dur": 30,
                        "Rate": "1,080.00",
                        "Debit": "missing",
                        "Credit": "missing",
                        "Remarks": "missing"
                    }
                ]
            },
            {
                "type": "table",
                "content": [
                    {
                        "Buy\\nLine": 6,
                        "Flight\\nDescription": "ENTERTAINMENT TONIGHT",
                        "Buy Line Dates": "10/08/2012-10/08/2012",
                        "M T W F S S": "M . . . . . .",
                        "Dur": 30,
                        "Total\\nSpots": 1,
                        "Rate": 1
                    }
                ]
            },
            {
                "type": "table",
                "content": [
                    {
                        "Week Of": "10/08/2012-10/14/2012",
                        "M T W T F S S": "M . . . . . .",
                        "Spots Per Week": 1,
                        "Rate": 1
                    }
                ]
            },
            {
                "type": "table",
                "content": [
                    {
                        "Air Date": "10/08/2012",
                        "Day": "Mo",
                        "Air Time": "06:59:27 PM",
                        "M/G For": "missing",
                        "Material": "BCTV1203H",
                        "Dur": 30,
                        "Rate": 1,
                        "Debit": 260.0,
                        "Credit": "missing",
                        "Remarks": "missing"
                    }
                ]
            },
            {
                "type": "table",
                "content": [
                    {
                        "Buy\\nLine": 7,
                        "Flight\\nDescription": "NAVY NCIS",
                        "Buy Line Dates": "10/02/2012-10/02/2012",
                        "M T W F S S": ". T . . . . .",
                        "Dur": 30,
                        "Total\\nSpots": 1,
                        "Rate": "13,500.00"
                    }
                ]
            },
            {
                "type": "table",
                "content": [
                    {
                        "Week Of": "10/01/2012-10/07/2012",
                        "M T W T F S S": ". T . . . . .",
                        "Spots Per Week": 1,
                        "Rate": 13
                    }
                ]
            },
            {
                "type": "table",
                "content": [
                    {
                        "Air Date": "10/02/2012",
                        "Day": "Tu",
                        "Air Time": "08:35:46 PM",
                        "M/G For": "missing",
                        "Material": "BCTV1203H",
                        "Dur": 30,
                        "Rate": 13,
                        "Debit": 500.0,
                        "Credit": "missing",
                        "Remarks": "missing"
                    }
                ]
            }
        ]
    },
    {
        "id": 3,
        "content": [
            {
                "type": "metadata",
                "content": "KYW TV3\nINVOICE\n11/13/2012\nNet 30 days\nBroadcast airtimes represented are reported to the nearest second.\nWarranty - We warrant the above broadcasts were made acording to the official station log.\n"
            },
            {
                "type": "kv",
                "content": [
                    {
                        "Remit To": "CBS Television Stations\\nP.O. BOX 33091\\n\"NEWARK, NJ 07188-0091\""
                    },
                    {
                        "For": "BOB CASEY FOR SENATE(215421)\\nPO BOX 58746\\n\"Philadelphia, PA 19102-8746\""
                    },
                    {
                        "In Account\\nWith": "SHORR JOHNSON MANUS(39976)\\n1831 Chestnut St Ste 602\\n\"Philadelphia, PA 19103-3700\"\\nATTN:Accounts Payable"
                    },
                    {
                        "Account Exec": "JOHN LINK POL."
                    },
                    {
                        "Office": "GWTS-PH"
                    },
                    {
                        "Contract Num": "1041-80687"
                    },
                    {
                        "Contract Dates": "10/02/2012-10/08/2012"
                    },
                    {
                        "Customer Order": "missing"
                    },
                    {
                        "Linked Order": "missing"
                    },
                    {
                        "CPE": "/ /"
                    },
                    {
                        "Product Desc": "CASEY FOR SENATE"
                    },
                    {
                        "Invoice Num": "1041-556238"
                    },
                    {
                        "Invoice Date": "10/14/2012"
                    },
                    {
                        "Billing Cycle": "Weekly"
                    },
                    {
                        "Billing Period": "10/01/2012-10/14/2012"
                    }
                ]
            },
            {
                "type": "table",
                "content": [
                    {
                        "Buy\\nLine": 8,
                        "Flight\\nDescription": "SURVIVOR XXV: PHILLIPINES",
                        "Buy Line Dates": "10/03/2012-10/03/2012",
                        "M T W F S S": ". . W . . . .",
                        "Dur": 30,
                        "Total\\nSpots": 1,
                        "Rate": "9,000.00"
                    }
                ]
            },
            {
                "type": "table",
                "content": [
                    {
                        "Week Of": "10/01/2012-10/07/2012",
                        "M T W T F S S": ". . W . . . .",
                        "Spots Per Week": 1,
                        "Rate": "9,000.00"
                    }
                ]
            },
            {
                "type": "table",
                "content": [
                    {
                        "Air Date": "10/03/2012",
                        "Day": "We",
                        "Air Time": "08:31:17 PM",
                        "M/G For": "missing",
                        "Material": "BCTV1203H",
                        "Dur": 30,
                        "Rate": "9,000.00",
                        "Debit": "missing",
                        "Credit": "missing",
                        "Remarks": "missing"
                    }
                ]
            },
            {
                "type": "table",
                "content": [
                    {
                        "Buy\\nLine": 9,
                        "Flight\\nDescription": "PERSON OF INTEREST",
                        "Buy Line Dates": "10/04/2012-10/04/2012",
                        "M T W F S S": ". . . T . . .",
                        "Dur": 30,
                        "Total\\nSpots": 1,
                        "Rate": "9,000.00"
                    }
                ]
            },
            {
                "type": "table",
                "content": [
                    {
                        "Week Of": "10/01/2012-10/07/2012",
                        "M T W T F S S": ". . . T . . .",
                        "Spots Per Week": 1,
                        "Rate": "9,000.00"
                    }
                ]
            },
            {
                "type": "table",
                "content": [
                    {
                        "Air Date": "10/04/2012",
                        "Day": "Th",
                        "Air Time": "09:48:03 PM",
                        "M/G For": "missing",
                        "Material": "BCTV1203H",
                        "Dur": 30,
                        "Rate": "9,000.00",
                        "Debit": "missing",
                        "Credit": "missing",
                        "Remarks": "missing"
                    }
                ]
            },
            {
                "type": "table",
                "content": [
                    {
                        "Buy\\nLine": 10,
                        "Flight\\nDescription": "THE AMAZING RACE",
                        "Buy Line Dates": "10/07/2012-10/07/2012",
                        "M T W F S S": ". . . . . . S",
                        "Dur": 30,
                        "Total\\nSpots": 1,
                        "Rate": "6,750.00"
                    }
                ]
            },
            {
                "type": "table",
                "content": [
                    {
                        "Week Of": "10/01/2012-10/07/2012",
                        "M T W T F S S": ". . . . . . S",
                        "Spots Per Week": 1,
                        "Rate": "6,750.00"
                    }
                ]
            },
            {
                "type": "table",
                "content": [
                    {
                        "Air Date": "10/07/2012",
                        "Day": "Su",
                        "Air Time": "09:21:27 PM",
                        "M/G For": "missing",
                        "Material": "BCTV1203H",
                        "Dur": 30,
                        "Rate": "6,750.00",
                        "Debit": "missing",
                        "Credit": "missing",
                        "Remarks": "missing"
                    }
                ]
            },
            {
                "type": "table",
                "content": [
                    {
                        "Buy\\nLine": 11,
                        "Flight\\nDescription": "THE GOOD WIFE",
                        "Buy Line Dates": "10/07/2012-10/07/2012",
                        "M T W F S S": ". . . . . . S",
                        "Dur": 30,
                        "Total\\nSpots": 1,
                        "Rate": "8,100.00"
                    }
                ]
            },
            {
                "type": "table",
                "content": [
                    {
                        "Week Of": "10/01/2012-10/07/2012",
                        "M T W T F S S": ". . . . . . S",
                        "Spots Per Week": 1,
                        "Rate": "8,100.00"
                    }
                ]
            },
            {
                "type": "table",
                "content": [
                    {
                        "Air Date": "10/07/2012",
                        "Day": "Su",
                        "Air Time": "10:25:20 PM",
                        "M/G For": "missing",
                        "Material": "BCTV1203H",
                        "Dur": 30,
                        "Rate": "8,100.00",
                        "Debit": "missing",
                        "Credit": "missing",
                        "Remarks": "missing"
                    }
                ]
            }
        ]
    },
    {
        "id": 4,
        "content": [
            {
                "type": "metadata",
                "content": "KYW TV3\nINVOICE\n11/13/2012\nNet 30 days\nBroadcast airtimes represented are reported to the nearest second.\nWarranty - We warrant the above broadcasts were made acording to the official station log.\n"
            },
            {
                "type": "kv",
                "content": [
                    {
                        "Remit To": "CBS Television Stations\\nP.O. BOX 33091\\n\"NEWARK, NJ 07188-0091\""
                    },
                    {
                        "For": "BOB CASEY FOR SENATE(215421)\\nPO BOX 58746\\n\"Philadelphia, PA 19102-8746\""
                    },
                    {
                        "In Account\\nWith": "SHORR JOHNSON MANUS(39976)\\n1831 Chestnut St Ste 602\\n\"Philadelphia, PA 19103-3700\"\\nATTN:Accounts Payable"
                    },
                    {
                        "Account Exec": "JOHN LINK POL."
                    },
                    {
                        "Office": "GWTS-PH"
                    },
                    {
                        "Contract Num": "1041-80687"
                    },
                    {
                        "Contract Dates": "10/02/2012-10/08/2012"
                    },
                    {
                        "Customer Order": "missing"
                    },
                    {
                        "Linked Order": "missing"
                    },
                    {
                        "CPE": "/ /"
                    },
                    {
                        "Product Desc": "CASEY FOR SENATE"
                    },
                    {
                        "Invoice Num": "1041-556238"
                    },
                    {
                        "Invoice Date": "10/14/2012"
                    },
                    {
                        "Billing Cycle": "Weekly"
                    },
                    {
                        "Billing Period": "10/01/2012-10/14/2012"
                    }
                ]
            },
            {
                "type": "table",
                "content": [
                    {
                        "Buy\\nLine": 12,
                        "Flight\\nDescription": "DAVID LETTERMAN",
                        "Buy Line Dates": "10/02/2012-10/05/2012",
                        "M T W F S S": ". T W T F . .",
                        "Dur": 30,
                        "Total\\nSpots": 4,
                        "Rate": 810.0
                    }
                ]
            },
            {
                "type": "table",
                "content": [
                    {
                        "Week Of": "10/01/2012-10/07/2012",
                        "M T W T F S S": ". T W T F . .",
                        "Spots Per Week": 4,
                        "Rate": 810.0
                    }
                ]
            },
            {
                "type": "table",
                "content": [
                    {
                        "Air Date": "10/02/2012",
                        "Day": "Tu",
                        "Air Time": "12:10:52 AM",
                        "M/G For": "missing",
                        "Material": "BCTV1203H",
                        "Dur": 30,
                        "Rate": 810.0,
                        "Debit": "missing",
                        "Credit": "missing",
                        "Remarks": "missing"
                    },
                    {
                        "Air Date": "10/03/2012",
                        "Day": "We",
                        "Air Time": "12:08:56 AM",
                        "M/G For": "missing",
                        "Material": "BCTV1203H",
                        "Dur": 30,
                        "Rate": 810.0,
                        "Debit": "missing",
                        "Credit": "missing",
                        "Remarks": "missing"
                    },
                    {
                        "Air Date": "10/04/2012",
                        "Day": "Th",
                        "Air Time": "11:47:39 PM",
                        "M/G For": "missing",
                        "Material": "BCTV1203H",
                        "Dur": 30,
                        "Rate": 810.0,
                        "Debit": "missing",
                        "Credit": "missing",
                        "Remarks": "missing"
                    },
                    {
                        "Air Date": "10/05/2012",
                        "Day": "Fr",
                        "Air Time": "11:55:23 PM",
                        "M/G For": "missing",
                        "Material": "BCTV1203H",
                        "Dur": 30,
                        "Rate": 810.0,
                        "Debit": "missing",
                        "Credit": "missing",
                        "Remarks": "missing"
                    }
                ]
            },
            {
                "type": "table",
                "content": [
                    {
                        "Buy\\nLine": 13,
                        "Flight\\nDescription": "DAVID LETTERMAN",
                        "Buy Line Dates": "10/08/2012-10/08/2012",
                        "M T W F S S": "M . . . . . .",
                        "Dur": 30,
                        "Total\\nSpots": 1,
                        "Rate": 900.0
                    }
                ]
            },
            {
                "type": "table",
                "content": [
                    {
                        "Week Of": "10/08/2012-10/14/2012",
                        "M T W T F S S": "M . . . . . .",
                        "Spots Per Week": 1,
                        "Rate": 900.0
                    }
                ]
            },
            {
                "type": "table",
                "content": [
                    {
                        "Air Date": "10/08/2012",
                        "Day": "Mo",
                        "Air Time": "12:11:54 AM",
                        "M/G For": "missing",
                        "Material": "BCTV1203H",
                        "Dur": 30,
                        "Rate": 900.0,
                        "Debit": "missing",
                        "Credit": "missing",
                        "Remarks": "missing"
                    }
                ]
            },
            {
                "type": "table",
                "content": [
                    {
                        "Buy\\nLine": 14,
                        "Flight\\nDescription": "LATE NEWS",
                        "Buy Line Dates": "10/02/2012-10/07/2012",
                        "M T W F S S": ". T W T F S S",
                        "Dur": 30,
                        "Total\\nSpots": 7,
                        "Rate": "2,700.00"
                    }
                ]
            },
            {
                "type": "table",
                "content": [
                    {
                        "Week Of": "10/01/2012-10/07/2012",
                        "M T W T F S S": ". T W T F S S",
                        "Spots Per Week": 6,
                        "Rate": "2,700.00"
                    }
                ]
            },
            {
                "type": "table",
                "content": [
                    {
                        "Air Date": "10/02/2012",
                        "Day": "Tu",
                        "Air Time": "11:24:39 PM",
                        "M/G For": "missing",
                        "Material": "BCTV1203H",
                        "Dur": 30,
                        "Rate": "2,700.00,missing,missing,missing\n10/03/2012,We,11:24:40 PM,missing,BCTV1203H,30,2",
                        "Debit": "700.00",
                        "Credit": "missing",
                        "Remarks": "missing"
                    },
                    {
                        "Air Date": "10/04/2012",
                        "Day": "Th",
                        "Air Time": "11:23:22 PM",
                        "M/G For": "missing",
                        "Material": "BCTV1203H",
                        "Dur": 30,
                        "Rate": "2,700.00,missing,missing,missing\n10/05/2012,Fr,11:23:28 PM,missing,BCTV1203H,30,2",
                        "Debit": "700.00",
                        "Credit": "missing",
                        "Remarks": "missing"
                    },
                    {
                        "Air Date": "10/06/2012",
                        "Day": "Sa",
                        "Air Time": "11:28:49 PM",
                        "M/G For": "missing",
                        "Material": "BCTV1203H",
                        "Dur": 30,
                        "Rate": "2,700.00,missing,missing,missing\n10/07/2012,Su,missing,missing,BCTV1203H,30,missing,missing,2",
                        "Debit": "700.00\"",
                        "Credit": "Preempted",
                        "Remarks": NaN
                    },
                    {
                        "Air Date": "10/07/2012",
                        "Day": "Su",
                        "Air Time": "11:56:03 PM",
                        "M/G For": "10/07/2012",
                        "Material": "BCTV1203H",
                        "Dur": 30,
                        "Rate": "2,700.00",
                        "Debit": "2,700.00",
                        "Credit": "missing",
                        "Remarks": "Makegood in 23:34:00-00:07:00"
                    }
                ]
            }
        ]
    },
    {
        "id": 5,
        "content": [
            {
                "type": "metadata",
                "content": "KYW TV3\nINVOICE\n11/13/2012\nNet 30 days\nBroadcast airtimes represented are reported to the nearest second.\nWarranty - We warrant the above broadcasts were made acording to the official station log.\nAir Time Totals\nBilling Notes\nCBS Television Stations Standard Terms and Conditions for advertising shall apply.\nNONDISCRIMINATION POLICY: CBS Television Stations and its Stations do not discriminate in advertising contracts on the basis of race or ethnicity, and will not\\naccept any advertising which is intended to discriminate on the basis of race or ethnicity. Advertiser represents and warrants that is not purchasing time from\\nCBS Television Stations or its Stations that is intended to discriminate on the basis of race or ethnicity.\n"
            },
            {
                "type": "kv",
                "content": [
                    {
                        "Remit To": "CBS Television Stations\\nP.O. BOX 33091\\n\"NEWARK, NJ 07188-0091\""
                    },
                    {
                        "For": "BOB CASEY FOR SENATE(215421)\\nPO BOX 58746\\n\"Philadelphia, PA 19102-8746\""
                    },
                    {
                        "In Account\\nWith": "SHORR JOHNSON MANUS(39976)\\n1831 Chestnut St Ste 602\\n\"Philadelphia, PA 19103-3700\"\\nATTN:Accounts Payable"
                    },
                    {
                        "Account Exec": "JOHN LINK POL."
                    },
                    {
                        "Office": "GWTS-PH"
                    },
                    {
                        "Contract Num": "1041-80687"
                    },
                    {
                        "Contract Dates": "10/02/2012-10/08/2012"
                    },
                    {
                        "Customer Order": "missing"
                    },
                    {
                        "Linked Order": "missing"
                    },
                    {
                        "CPE": "/ /"
                    },
                    {
                        "Product Desc": "CASEY FOR SENATE"
                    },
                    {
                        "Invoice Num": "1041-556238"
                    },
                    {
                        "Invoice Date": "10/14/2012"
                    },
                    {
                        "Billing Cycle": "Weekly"
                    },
                    {
                        "Billing Period": "10/01/2012-10/14/2012"
                    },
                    {
                        "NONDISCRIMINATION POLICY": "CBS Television Stations and its Stations do not discriminate in advertising contracts on the basis of race or ethnicity, and will not\\naccept any advertising which is intended to discriminate on the basis of race or ethnicity. Advertiser represents and warrants that is not purchasing time from\\nCBS Television Stations or its Stations that is intended to discriminate on the basis of race or ethnicity."
                    }
                ]
            },
            {
                "type": "table",
                "content": [
                    {
                        "Buy\\nLine": 15,
                        "Flight\\nDescription": "LATE NEWS",
                        "Buy Line Dates": "10/08/2012-10/08/2012",
                        "M T W F S S": "M . . . . . .",
                        "Dur": 30,
                        "Total\\nSpots": 1,
                        "Rate": "2,700.00"
                    }
                ]
            },
            {
                "type": "table",
                "content": [
                    {
                        "Week Of": "10/08/2012-10/14/2012",
                        "M T W T F S S": "M . . . . . .",
                        "Spots Per Week": 1,
                        "Rate": "2,700.00"
                    }
                ]
            },
            {
                "type": "table",
                "content": [
                    {
                        "Air Date": "10/08/2012",
                        "Day": "Mo",
                        "Air Time": "11:21:54 PM",
                        "M/G For": "missing",
                        "Material": "BCTV1203H",
                        "Dur": 30,
                        "Rate": "2,700.00",
                        "Debit": "missing",
                        "Credit": "missing",
                        "Remarks": "missing"
                    }
                ]
            },
            {
                "type": "table",
                "content": [
                    {
                        "Buy\\nLine": 16,
                        "Flight\\nDescription": "WKND NEWS SUN 7-9A",
                        "Buy Line Dates": "10/07/2012-10/07/2012",
                        "M T W F S S": ". . . . . . S",
                        "Dur": 30,
                        "Total\\nSpots": 1,
                        "Rate": 405.0
                    }
                ]
            },
            {
                "type": "table",
                "content": [
                    {
                        "Week Of": "10/01/2012-10/07/2012",
                        "M T W T F S S": ". . . . . . S",
                        "Spots Per Week": 1,
                        "Rate": 405.0
                    }
                ]
            },
            {
                "type": "table",
                "content": [
                    {
                        "Air Date": "10/07/2012",
                        "Day": "Su",
                        "Air Time": "07:22:30 AM",
                        "M/G For": "missing",
                        "Material": "BCTV1203H",
                        "Dur": 30,
                        "Rate": 405.0,
                        "Debit": "missing",
                        "Credit": "missing",
                        "Remarks": "missing"
                    }
                ]
            },
            {
                "type": "table",
                "content": [
                    {
                        "Buy\\nLine": 17,
                        "Flight\\nDescription": "CBS SUNDAY MORNING",
                        "Buy Line Dates": "10/07/2012-10/07/2012",
                        "M T W F S S": ". . . . . . S",
                        "Dur": 30,
                        "Total\\nSpots": 1,
                        "Rate": "1,440.00"
                    }
                ]
            },
            {
                "type": "table",
                "content": [
                    {
                        "Week Of": "10/01/2012-10/07/2012",
                        "M T W T F S S": ". . . . . . S",
                        "Spots Per Week": 1,
                        "Rate": "1,440.00"
                    }
                ]
            },
            {
                "type": "table",
                "content": [
                    {
                        "Air Date": "10/07/2012",
                        "Day": "Su",
                        "Air Time": "09:46:52 AM",
                        "M/G For": "missing",
                        "Material": "BCTV1203H",
                        "Dur": 30,
                        "Rate": "1,440.00",
                        "Debit": "missing",
                        "Credit": "missing",
                        "Remarks": "missing"
                    }
                ]
            },
            {
                "type": "table",
                "content": [
                    {
                        "Total Spots": 34,
                        "Gross Amt": "82,890.00",
                        "Commission Amt": "12,433.50",
                        "Net Amt": "70,456.50",
                        "Debit": "2,700.00",
                        "Credit": "2,700.00",
                        "Reconciliation": 0.0
                    }
                ]
            }
        ]
    }
]