[
    {
        "id": 1,
        "content": [
            {
                "type": "metadata",
                "content": "SUMMARY FOR SYSCODE 5557\n"
            },
            {
                "type": "kv",
                "content": [
                    {
                        "Traffic Order #": "646492"
                    },
                    {
                        "Created On": "8/28/2019 11:59:36 AM"
                    },
                    {
                        "Order Status": "Contract Confirmed"
                    },
                    {
                        "Order #": "2800160"
                    },
                    {
                        "Created By": "NCC_Gateway_User"
                    },
                    {
                        "Syscode Gross $": "50168.00"
                    },
                    {
                        "Order Descrp": "62680868_POL - Issue Doctor Patient\\nUnity DET-DDSH"
                    },
                    {
                        "Updated On": "8/28/2019 1:02:15 PM"
                    },
                    {
                        "Syscode Net $": "36120.96"
                    },
                    {
                        "Client": "DOCTOR PATIENT UNITY - NCC - MI"
                    },
                    {
                        "Updated By": "\"Smith,Brogan\""
                    },
                    {
                        "Syscode Units": "75"
                    },
                    {
                        "Start Date": "8/26/2019"
                    },
                    {
                        "Source": "Gateway"
                    },
                    {
                        "Zone Status": "Contract Confirmed"
                    },
                    {
                        "End Date": "9/1/2019"
                    },
                    {
                        "Zones": "Detroit MI Interconnect"
                    },
                    {
                        "Avg Unit Rate": "668.91"
                    },
                    {
                        "# of Weeks": "1"
                    }
                ]
            },
            {
                "type": "table",
                "content": [
                    {
                        "Unique\\nLn #": 1,
                        "Tr Ln\\n#": 1,
                        "Parent\\Line#": "missing",
                        "Rev": "Nati\\nonal\\nPoliti\\ncal\\nBun\\ndle",
                        "Priority\\nCode": "74 | 74",
                        "Network": "CNN",
                        "Sys\\nCode": 5557,
                        "Program": "CNN EM",
                        "Start\\nDate": "08/29/2019",
                        "End\\nDate": "09/01/2019",
                        "Daypart": "Th-Su 5a-9a",
                        "M": "missing",
                        "Tu": "missing",
                        "W": "missing",
                        "Th": "X",
                        "F": "X",
                        "Sa": "X",
                        "Su": "X",
                        "Total\\nUnits": 4,
                        "Unit\\nRate": "$300.00",
                        "Total\\nAmount": "$1,200.00",
                        "Unit\\nLen": 30
                    },
                    {
                        "Unique\\nLn #": 2,
                        "Tr Ln\\n#": 2,
                        "Parent\\Line#": "missing",
                        "Rev": "Nati\\nonal\\nPoliti\\ncal\\nBun\\ndle",
                        "Priority\\nCode": "74 | 74",
                        "Network": "CNN",
                        "Sys\\nCode": 5557,
                        "Program": "CNN DT",
                        "Start\\nDate": "08/29/2019",
                        "End\\nDate": "09/01/2019",
                        "Daypart": "Th-Su 9a-4p",
                        "M": "missing",
                        "Tu": "missing",
                        "W": "missing",
                        "Th": "X",
                        "F": "X",
                        "Sa": "X",
                        "Su": "X",
                        "Total\\nUnits": 3,
                        "Unit\\nRate": "$300.00",
                        "Total\\nAmount": "$900.00",
                        "Unit\\nLen": 30
                    },
                    {
                        "Unique\\nLn #": 3,
                        "Tr Ln\\n#": 3,
                        "Parent\\Line#": "missing",
                        "Rev": "Nati\\nonal\\nPoliti\\ncal\\nBun\\ndle",
                        "Priority\\nCode": "74 | 74",
                        "Network": "CNN",
                        "Sys\\nCode": 5557,
                        "Program": "CNN EF",
                        "Start\\nDate": "08/29/2019",
                        "End\\nDate": "09/01/2019",
                        "Daypart": "Th-Su 4p-7p",
                        "M": "missing",
                        "Tu": "missing",
                        "W": "missing",
                        "Th": "X",
                        "F": "X",
                        "Sa": "X",
                        "Su": "X",
                        "Total\\nUnits": 2,
                        "Unit\\nRate": "$450.00",
                        "Total\\nAmount": "$900.00",
                        "Unit\\nLen": 30
                    },
                    {
                        "Unique\\nLn #": 4,
                        "Tr Ln\\n#": 4,
                        "Parent\\Line#": "missing",
                        "Rev": "Nati\\nonal\\nPoliti\\ncal\\nBun\\ndle",
                        "Priority\\nCode": "74 | 74",
                        "Network": "CNN",
                        "Sys\\nCode": 5557,
                        "Program": "CNN PT",
                        "Start\\nDate": "08/29/2019",
                        "End\\nDate": "09/01/2019",
                        "Daypart": "Th-Su 7p-\\n12m",
                        "M": "missing",
                        "Tu": "missing",
                        "W": "missing",
                        "Th": "X",
                        "F": "X",
                        "Sa": "X",
                        "Su": "X",
                        "Total\\nUnits": 8,
                        "Unit\\nRate": "$600.00",
                        "Total\\nAmount": "$4,800.00",
                        "Unit\\nLen": 30
                    },
                    {
                        "Unique\\nLn #": 5,
                        "Tr Ln\\n#": 5,
                        "Parent\\Line#": "missing",
                        "Rev": "Nati\\nonal\\nPoliti\\ncal\\nBun\\ndle",
                        "Priority\\nCode": "74 | 74",
                        "Network": "Fox News\\nChannel",
                        "Sys\\nCode": 5557,
                        "Program": "FXNC EM",
                        "Start\\nDate": "08/29/2019",
                        "End\\nDate": "09/01/2019",
                        "Daypart": "Th-Su 5a-9a",
                        "M": "missing",
                        "Tu": "missing",
                        "W": "missing",
                        "Th": "X",
                        "F": "X",
                        "Sa": "X",
                        "Su": "X",
                        "Total\\nUnits": 4,
                        "Unit\\nRate": "$720.00",
                        "Total\\nAmount": "$2,880.00",
                        "Unit\\nLen": 30
                    },
                    {
                        "Unique\\nLn #": 6,
                        "Tr Ln\\n#": 6,
                        "Parent\\Line#": "missing",
                        "Rev": "Nati\\nonal\\nPoliti\\ncal\\nBun\\ndle",
                        "Priority\\nCode": "74 | 74",
                        "Network": "Fox News\\nChannel",
                        "Sys\\nCode": 5557,
                        "Program": "FXNC DT",
                        "Start\\nDate": "08/29/2019",
                        "End\\nDate": "09/01/2019",
                        "Daypart": "Th-Su 9a-4p",
                        "M": "missing",
                        "Tu": "missing",
                        "W": "missing",
                        "Th": "X",
                        "F": "X",
                        "Sa": "X",
                        "Su": "X",
                        "Total\\nUnits": 3,
                        "Unit\\nRate": "$480.00",
                        "Total\\nAmount": "$1,440.00",
                        "Unit\\nLen": 30
                    }
                ]
            },
            {
                "type": "metadata",
                "content": "Contract Data (Traffic) Report\nPage 2 of 9\n\"Nielsen Audience Estimates Copyright \u00a92014 The Nielsen Company, used under license,all rights reserved\"\nPrinted On 8/29/2019 10:16:54 AM\n\"Printed By Becker, Kathleen\"\n"
            },
            {
                "type": "table",
                "content": [
                    {
                        "Unique\\nLn #": 7,
                        "Tr Ln\\n#": 7,
                        "Parent\\Line#": "missing",
                        "Rev": "Nati\\nonal\\nPoliti\\ncal\\nBun\\ndle",
                        "Priority\\nCode": "74 | 74",
                        "Network": "Fox News\\nChannel",
                        "Sys\\nCode": 5557,
                        "Program": "FXNC EF",
                        "Start\\nDate": "08/29/2019",
                        "End\\nDate": "09/01/2019",
                        "Daypart": "Th-Su 4p-7p",
                        "M": "missing",
                        "Tu": "missing",
                        "W": "missing",
                        "Th": "X",
                        "F": "X",
                        "Sa": "X",
                        "Su": "X",
                        "Total\\nUnits": 2,
                        "Unit\\nRate": "$960.00",
                        "Total\\nAmount": "$1,920.00",
                        "Unit\\nLen": 30.0
                    },
                    {
                        "Unique\\nLn #": 8,
                        "Tr Ln\\n#": 8,
                        "Parent\\Line#": "missing",
                        "Rev": "Nati\\nonal\\nPoliti\\ncal\\nBun\\ndle",
                        "Priority\\nCode": "74 | 74",
                        "Network": "Fox News\\nChannel",
                        "Sys\\nCode": 5557,
                        "Program": "FXNC PT",
                        "Start\\nDate": "08/29/2019",
                        "End\\nDate": "09/01/2019",
                        "Daypart": "Th-Su 7p-\\n12m",
                        "M": "missing",
                        "Tu": "missing",
                        "W": "missing",
                        "Th": "X",
                        "F": "X",
                        "Sa": "X",
                        "Su": "X",
                        "Total\\nUnits": 8,
                        "Unit\\nRate": "$1,200.0\\n0",
                        "Total\\nAmount": "$9,600.00,30",
                        "Unit\\nLen": NaN
                    },
                    {
                        "Unique\\nLn #": 9,
                        "Tr Ln\\n#": 9,
                        "Parent\\Line#": "missing",
                        "Rev": "Nati\\nonal\\nPoliti\\ncal\\nBun\\ndle",
                        "Priority\\nCode": "74 | 74",
                        "Network": "Hallmark\\nChannel",
                        "Sys\\nCode": 5557,
                        "Program": "HALL DT",
                        "Start\\nDate": "08/29/2019",
                        "End\\nDate": "09/01/2019",
                        "Daypart": "Th-Su 9a-4p",
                        "M": "missing",
                        "Tu": "missing",
                        "W": "missing",
                        "Th": "X",
                        "F": "X",
                        "Sa": "X",
                        "Su": "X",
                        "Total\\nUnits": 2,
                        "Unit\\nRate": "$90.00",
                        "Total\\nAmount": "$180.00",
                        "Unit\\nLen": 30.0
                    },
                    {
                        "Unique\\nLn #": 10,
                        "Tr Ln\\n#": 10,
                        "Parent\\Line#": "missing",
                        "Rev": "Nati\\nonal\\nPoliti\\ncal\\nBun\\ndle",
                        "Priority\\nCode": "74 | 74",
                        "Network": "Hallmark\\nChannel",
                        "Sys\\nCode": 5557,
                        "Program": "HALL PT",
                        "Start\\nDate": "08/29/2019",
                        "End\\nDate": "09/01/2019",
                        "Daypart": "Th-Su 7p-\\n12m",
                        "M": "missing",
                        "Tu": "missing",
                        "W": "missing",
                        "Th": "X",
                        "F": "X",
                        "Sa": "X",
                        "Su": "X",
                        "Total\\nUnits": 8,
                        "Unit\\nRate": "$190.00",
                        "Total\\nAmount": "$1,520.00",
                        "Unit\\nLen": 30.0
                    },
                    {
                        "Unique\\nLn #": 11,
                        "Tr Ln\\n#": 11,
                        "Parent\\Line#": "missing",
                        "Rev": "Nati\\nonal\\nPoliti\\ncal\\nBun\\ndle",
                        "Priority\\nCode": "74 | 74",
                        "Network": "HGTV",
                        "Sys\\nCode": 5557,
                        "Program": "HGTV DT",
                        "Start\\nDate": "08/29/2019",
                        "End\\nDate": "09/01/2019",
                        "Daypart": "Th-Su 9a-4p",
                        "M": "missing",
                        "Tu": "missing",
                        "W": "missing",
                        "Th": "X",
                        "F": "X",
                        "Sa": "X",
                        "Su": "X",
                        "Total\\nUnits": 3,
                        "Unit\\nRate": "$300.00",
                        "Total\\nAmount": "$900.00",
                        "Unit\\nLen": 30.0
                    },
                    {
                        "Unique\\nLn #": 12,
                        "Tr Ln\\n#": 12,
                        "Parent\\Line#": "missing",
                        "Rev": "Nati\\nonal\\nPoliti\\ncal\\nBun\\ndle",
                        "Priority\\nCode": "74 | 74",
                        "Network": "HGTV",
                        "Sys\\nCode": 5557,
                        "Program": "HGTV PT",
                        "Start\\nDate": "08/29/2019",
                        "End\\nDate": "09/01/2019",
                        "Daypart": "Th-Su 7p-\\n12m",
                        "M": "missing",
                        "Tu": "missing",
                        "W": "missing",
                        "Th": "X",
                        "F": "X",
                        "Sa": "X",
                        "Su": "X",
                        "Total\\nUnits": 8,
                        "Unit\\nRate": "$980.00",
                        "Total\\nAmount": "$7,840.00",
                        "Unit\\nLen": 30.0
                    },
                    {
                        "Unique\\nLn #": 13,
                        "Tr Ln\\n#": 13,
                        "Parent\\Line#": "missing",
                        "Rev": "Nati\\nonal\\nPoliti\\ncal\\nBun\\ndle",
                        "Priority\\nCode": "74 | 74",
                        "Network": "The History\\nChannel",
                        "Sys\\nCode": 5557,
                        "Program": "HIST DT",
                        "Start\\nDate": "08/29/2019",
                        "End\\nDate": "09/01/2019",
                        "Daypart": "Th-Su 9a-4p",
                        "M": "missing",
                        "Tu": "missing",
                        "W": "missing",
                        "Th": "X",
                        "F": "X",
                        "Sa": "X",
                        "Su": "X",
                        "Total\\nUnits": 2,
                        "Unit\\nRate": "$144.00",
                        "Total\\nAmount": "$288.00",
                        "Unit\\nLen": 30.0
                    },
                    {
                        "Unique\\nLn #": 14,
                        "Tr Ln\\n#": 14,
                        "Parent\\Line#": "missing",
                        "Rev": "Nati\\nonal\\nPoliti\\ncal\\nBun\\ndle",
                        "Priority\\nCode": "74 | 74",
                        "Network": "The History\\nChannel",
                        "Sys\\nCode": 5557,
                        "Program": "HIST PT",
                        "Start\\nDate": "08/29/2019",
                        "End\\nDate": "09/01/2019",
                        "Daypart": "Th-Su 7p-\\n12m",
                        "M": "missing",
                        "Tu": "missing",
                        "W": "missing",
                        "Th": "X",
                        "F": "X",
                        "Sa": "X",
                        "Su": "X",
                        "Total\\nUnits": 8,
                        "Unit\\nRate": "$900.00",
                        "Total\\nAmount": "$7,200.00",
                        "Unit\\nLen": 30.0
                    }
                ]
            },
            {
                "type": "metadata",
                "content": "Contract Data (Traffic) Report\nPage 3 of 9\n\"Nielsen Audience Estimates Copyright \u00a92014 The Nielsen Company, used under license, all rights reserved\"\nPrinted On 8/29/2019 10:16:54 AM\n\"Printed By Becker, Kathleen\"\n"
            },
            {
                "type": "table",
                "content": [
                    {
                        "Unique\\nLn #": 15,
                        "Tr Ln\\n#": 15,
                        "Parent\\Line#": "missing",
                        "Rev": "Nati\\nonal\\nPoliti\\ncal\\nBun\\ndle",
                        "Priority\\nCode": "74 | 74",
                        "Network": "TBS",
                        "Sys\\nCode": 5557,
                        "Program": "TBSC DT",
                        "Start\\nDate": "08/29/2019",
                        "End\\nDate": "09/01/2019",
                        "Daypart": "Th-Su 9a-4p",
                        "M": "missing",
                        "Tu": "missing",
                        "W": "missing",
                        "Th": "X",
                        "F": "X",
                        "Sa": "X",
                        "Su": "X",
                        "Total\\nUnits": 2,
                        "Unit\\nRate": "$220.00",
                        "Total\\nAmount": "$440.00",
                        "Unit\\nLen": 30
                    },
                    {
                        "Unique\\nLn #": 16,
                        "Tr Ln\\n#": 16,
                        "Parent\\Line#": "missing",
                        "Rev": "Nati\\nonal\\nPoliti\\ncal\\nBun\\ndle",
                        "Priority\\nCode": "74 | 74",
                        "Network": "TBS",
                        "Sys\\nCode": 5557,
                        "Program": "TBSC PT",
                        "Start\\nDate": "08/29/2019",
                        "End\\nDate": "09/01/2019",
                        "Daypart": "Th-Su 7p-\\n12m",
                        "M": "missing",
                        "Tu": "missing",
                        "W": "missing",
                        "Th": "X",
                        "F": "X",
                        "Sa": "X",
                        "Su": "X",
                        "Total\\nUnits": 8,
                        "Unit\\nRate": "$1,020.0\\n0",
                        "Total\\nAmount": "$8,160.00,30",
                        "Unit\\nLen": 30
                    }
                ]
            },
            {
                "type": "metadata",
                "content": "Contract Data (Traffic) Report\nPage 4 of 9\n\"Nielsen Audience Estimates Copyright \u00a92014 The Nielsen Company, used under license,all rights reserved\"\nPrinted On 8/29/2019 10:16:54 AM\n\"Printed By Becker, Kathleen\"\n\n"
            }
        ]
    },
    {
        "id": 2,
        "content": [
            {
                "type": "metadata",
                "content": "SUMMARY FOR SYSCODE 9819\n"
            },
            {
                "type": "kv",
                "content": [
                    {
                        "Traffic Order #": "12254993"
                    },
                    {
                        "Created On": "6/6/2022 11:03:11 AM"
                    },
                    {
                        "Order Status": "Traffic Updates Accepted"
                    },
                    {
                        "Order #": "3653903"
                    },
                    {
                        "Created By": "\"Daniels, Dawn\""
                    },
                    {
                        "Syscode Gross $": "18564.00"
                    },
                    {
                        "Order Descrp": "POL_CAN_SPIVA FOR DC AG 6-7 - 6-13"
                    },
                    {
                        "Updated On": "6/7/2022 12:26:34 PM"
                    },
                    {
                        "Syscode Net $": "15779.40"
                    },
                    {
                        "Client": "SPIVA FOR DC AG - WAS"
                    },
                    {
                        "Updated By": "Daniels, Dawn"
                    },
                    {
                        "Syscode Units": "178"
                    },
                    {
                        "Start Date": "6/7/2022"
                    },
                    {
                        "Source": "VIEW"
                    },
                    {
                        "Zone Status": "Traffic Updates Accepted"
                    },
                    {
                        "End Date": "6/13/2022"
                    },
                    {
                        "Zones": "The District Of Columbia"
                    },
                    {
                        "Avg Unit Rate": "104.29"
                    },
                    {
                        "# of Weeks": "2"
                    }
                ]
            },
            {
                "type": "table",
                "content": [
                    {
                        "Unique\\nLn #": 17,
                        "Tr Ln\\n#": 1,
                        "Parent\\Line#": "missing",
                        "Rev": "Nati\\nonal\\nPoliti\\ncal\\nBun\\ndle",
                        "Priority\\nCode": "74 | 74",
                        "Network": "CNN",
                        "Sys\\nCode": 9819,
                        "Program": "CNN DT",
                        "Start\\nDate": "08/31/2019",
                        "End\\nDate": "09/01/2019",
                        "Daypart": "Sa-Su 9a-4p",
                        "M": "missing",
                        "Tu": "missing",
                        "W": "missing",
                        "Th": "missing",
                        "F": "missing",
                        "Sa": "X",
                        "Su": "X",
                        "Total\\nUnits": 4,
                        "Unit\\nRate": "$32.00",
                        "Total\\nAmount": "$128.00",
                        "Unit\\nLen": 30
                    },
                    {
                        "Unique\\nLn #": 18,
                        "Tr Ln\\n#": 2,
                        "Parent\\Line#": "missing",
                        "Rev": "Nati\\nonal\\nPoliti\\ncal\\nBun\\ndle",
                        "Priority\\nCode": "74 | 74",
                        "Network": "CNN",
                        "Sys\\nCode": 9819,
                        "Program": "CNN EF",
                        "Start\\nDate": "08/31/2019",
                        "End\\nDate": "09/01/2019",
                        "Daypart": "Sa-Su 4p-7p",
                        "M": "missing",
                        "Tu": "missing",
                        "W": "missing",
                        "Th": "missing",
                        "F": "missing",
                        "Sa": "X",
                        "Su": "X",
                        "Total\\nUnits": 2,
                        "Unit\\nRate": "$34.00",
                        "Total\\nAmount": "$68.00",
                        "Unit\\nLen": 30
                    },
                    {
                        "Unique\\nLn #": 19,
                        "Tr Ln\\n#": 3,
                        "Parent\\Line#": "missing",
                        "Rev": "Nati\\nonal\\nPoliti\\ncal\\nBun\\ndle",
                        "Priority\\nCode": "74 | 74",
                        "Network": "CNN",
                        "Sys\\nCode": 9819,
                        "Program": "CNN PT",
                        "Start\\nDate": "08/31/2019",
                        "End\\nDate": "09/01/2019",
                        "Daypart": "Sa-Su 7p-\\n12m",
                        "M": "missing",
                        "Tu": "missing",
                        "W": "missing",
                        "Th": "missing",
                        "F": "missing",
                        "Sa": "X",
                        "Su": "X",
                        "Total\\nUnits": 2,
                        "Unit\\nRate": "$54.00",
                        "Total\\nAmount": "$108.00",
                        "Unit\\nLen": 30
                    },
                    {
                        "Unique\\nLn #": 20,
                        "Tr Ln\\n#": 4,
                        "Parent\\Line#": "missing",
                        "Rev": "Nati\\nonal\\nPoliti\\ncal\\nBun\\ndle",
                        "Priority\\nCode": "74 | 74",
                        "Network": "Fox News\\nChannel",
                        "Sys\\nCode": 9819,
                        "Program": "FXNC DT",
                        "Start\\nDate": "08/31/2019",
                        "End\\nDate": "09/01/2019",
                        "Daypart": "Sa-Su 9a-4p",
                        "M": "missing",
                        "Tu": "missing",
                        "W": "missing",
                        "Th": "missing",
                        "F": "missing",
                        "Sa": "X",
                        "Su": "X",
                        "Total\\nUnits": 4,
                        "Unit\\nRate": "$48.00",
                        "Total\\nAmount": "$192.00",
                        "Unit\\nLen": 30
                    },
                    {
                        "Unique\\nLn #": 21,
                        "Tr Ln\\n#": 5,
                        "Parent\\Line#": "missing",
                        "Rev": "Nati\\nonal\\nPoliti\\ncal\\nBun\\ndle",
                        "Priority\\nCode": "74 | 74",
                        "Network": "Fox News\\nChannel",
                        "Sys\\nCode": 9819,
                        "Program": "FXNC EF",
                        "Start\\nDate": "08/31/2019",
                        "End\\nDate": "09/01/2019",
                        "Daypart": "Sa-Su 4p-7p",
                        "M": "missing",
                        "Tu": "missing",
                        "W": "missing",
                        "Th": "missing",
                        "F": "missing",
                        "Sa": "X",
                        "Su": "X",
                        "Total\\nUnits": 2,
                        "Unit\\nRate": "$84.00",
                        "Total\\nAmount": "$168.00",
                        "Unit\\nLen": 30
                    },
                    {
                        "Unique\\nLn #": 22,
                        "Tr Ln\\n#": 6,
                        "Parent\\Line#": "missing",
                        "Rev": "Nati\\nonal\\nPoliti\\ncal\\nBun\\ndle",
                        "Priority\\nCode": "74 | 74",
                        "Network": "Fox News\\nChannel",
                        "Sys\\nCode": 9819,
                        "Program": "FXNC PT",
                        "Start\\nDate": "08/31/2019",
                        "End\\nDate": "09/01/2019",
                        "Daypart": "Sa-Su 7p-",
                        "M": "missing",
                        "Tu": "missing",
                        "W": "missing",
                        "Th": "missing",
                        "F": "missing",
                        "Sa": "X",
                        "Su": "X",
                        "Total\\nUnits": 2,
                        "Unit\\nRate": "$126.00",
                        "Total\\nAmount": "$252.00",
                        "Unit\\nLen": 30
                    }
                ]
            },
            {
                "type": "metadata",
                "content": "Contract Data (Traffic) Report\nPage 5 of 9\n\"Nielsen Audience Estimates Copyright \u00a92014 The Nielsen Company, used under license,all rights reserved\"\nPrinted On 8/29/2019 10:16:54 AM\n\"Printed By Becker, Kathleen\"\n"
            },
            {
                "type": "table",
                "content": [
                    {
                        "Unique\\nLn #": 23,
                        "Tr Ln\\n#": 7,
                        "Parent\\Line#": "missing",
                        "Rev": "Nati\\nonal\\nPoliti\\ncal\\nBun\\ndle",
                        "Priority\\nCode": "74 | 74",
                        "Network": "HGTV",
                        "Sys\\nCode": 9819,
                        "Program": "HGTV DT",
                        "Start\\nDate": "08/31/2019",
                        "End\\nDate": "09/01/2019",
                        "Daypart": "Sa-Su 9a-4p",
                        "M": "missing",
                        "Tu": "missing",
                        "W": "missing",
                        "Th": "missing",
                        "F": "missing",
                        "Sa": "X",
                        "Su": "X",
                        "Total\\nUnits": 4,
                        "Unit\\nRate": "$40.00",
                        "Total\\nAmount": "$160.00",
                        "Unit\\nLen": 30
                    },
                    {
                        "Unique\\nLn #": 24,
                        "Tr Ln\\n#": 8,
                        "Parent\\Line#": "missing",
                        "Rev": "Nati\\nonal\\nPoliti\\ncal\\nBun\\ndle",
                        "Priority\\nCode": "74 | 74",
                        "Network": "HGTV",
                        "Sys\\nCode": 9819,
                        "Program": "HGTV EF",
                        "Start\\nDate": "08/31/2019",
                        "End\\nDate": "09/01/2019",
                        "Daypart": "Sa-Su 4p-7p",
                        "M": "missing",
                        "Tu": "missing",
                        "W": "missing",
                        "Th": "missing",
                        "F": "missing",
                        "Sa": "X",
                        "Su": "X",
                        "Total\\nUnits": 2,
                        "Unit\\nRate": "$66.00",
                        "Total\\nAmount": "$132.00",
                        "Unit\\nLen": 30
                    },
                    {
                        "Unique\\nLn #": 25,
                        "Tr Ln\\n#": 9,
                        "Parent\\Line#": "missing",
                        "Rev": "Nati\\nonal\\nPoliti\\ncal\\nBun\\ndle",
                        "Priority\\nCode": "74 | 74",
                        "Network": "HGTV",
                        "Sys\\nCode": 9819,
                        "Program": "HGTV PT",
                        "Start\\nDate": "08/31/2019",
                        "End\\nDate": "09/01/2019",
                        "Daypart": "Sa-Su 7p-\\n12m",
                        "M": "missing",
                        "Tu": "missing",
                        "W": "missing",
                        "Th": "missing",
                        "F": "missing",
                        "Sa": "X",
                        "Su": "X",
                        "Total\\nUnits": 2,
                        "Unit\\nRate": "$108.00",
                        "Total\\nAmount": "$216.00",
                        "Unit\\nLen": 30
                    },
                    {
                        "Unique\\nLn #": 26,
                        "Tr Ln\\n#": 10,
                        "Parent\\Line#": "missing",
                        "Rev": "Nati\\nonal\\nPoliti\\ncal\\nBun\\ndle",
                        "Priority\\nCode": "74 | 74",
                        "Network": "The History\\nChannel",
                        "Sys\\nCode": 9819,
                        "Program": "HIST DT",
                        "Start\\nDate": "08/31/2019",
                        "End\\nDate": "09/01/2019",
                        "Daypart": "Sa-Su 9a-4p",
                        "M": "missing",
                        "Tu": "missing",
                        "W": "missing",
                        "Th": "missing",
                        "F": "missing",
                        "Sa": "X",
                        "Su": "X",
                        "Total\\nUnits": 4,
                        "Unit\\nRate": "$18.00",
                        "Total\\nAmount": "$72.00",
                        "Unit\\nLen": 30
                    },
                    {
                        "Unique\\nLn #": 27,
                        "Tr Ln\\n#": 11,
                        "Parent\\Line#": "missing",
                        "Rev": "Nati\\nonal\\nPoliti\\ncal\\nBun\\ndle",
                        "Priority\\nCode": "74 | 74",
                        "Network": "The History\\nChannel",
                        "Sys\\nCode": 9819,
                        "Program": "HIST EF",
                        "Start\\nDate": "08/31/2019",
                        "End\\nDate": "09/01/2019",
                        "Daypart": "Sa-Su 4p-7p",
                        "M": "missing",
                        "Tu": "missing",
                        "W": "missing",
                        "Th": "missing",
                        "F": "missing",
                        "Sa": "X",
                        "Su": "X",
                        "Total\\nUnits": 2,
                        "Unit\\nRate": "$62.00",
                        "Total\\nAmount": "$124.00",
                        "Unit\\nLen": 30
                    },
                    {
                        "Unique\\nLn #": 28,
                        "Tr Ln\\n#": 12,
                        "Parent\\Line#": "missing",
                        "Rev": "Nati\\nonal\\nPoliti\\ncal\\nBun\\ndle",
                        "Priority\\nCode": "74 | 74",
                        "Network": "The History\\nChannel",
                        "Sys\\nCode": 9819,
                        "Program": "HIST PT",
                        "Start\\nDate": "08/31/2019",
                        "End\\nDate": "09/01/2019",
                        "Daypart": "Sa-Su 7p-\\n12m",
                        "M": "missing",
                        "Tu": "missing",
                        "W": "missing",
                        "Th": "missing",
                        "F": "missing",
                        "Sa": "X",
                        "Su": "X",
                        "Total\\nUnits": 2,
                        "Unit\\nRate": "$124.00",
                        "Total\\nAmount": "$248.00",
                        "Unit\\nLen": 30
                    },
                    {
                        "Unique\\nLn #": 29,
                        "Tr Ln\\n#": 13,
                        "Parent\\Line#": "missing",
                        "Rev": "Nati\\nonal\\nPoliti\\ncal\\nBun\\ndle",
                        "Priority\\nCode": "74 | 74",
                        "Network": "TBS",
                        "Sys\\nCode": 9819,
                        "Program": "TBSC DT",
                        "Start\\nDate": "08/31/2019",
                        "End\\nDate": "09/01/2019",
                        "Daypart": "Sa-Su 9a-4p",
                        "M": "missing",
                        "Tu": "missing",
                        "W": "missing",
                        "Th": "missing",
                        "F": "missing",
                        "Sa": "X",
                        "Su": "X",
                        "Total\\nUnits": 4,
                        "Unit\\nRate": "$42.00",
                        "Total\\nAmount": "$168.00",
                        "Unit\\nLen": 30
                    },
                    {
                        "Unique\\nLn #": 30,
                        "Tr Ln\\n#": 14,
                        "Parent\\Line#": "missing",
                        "Rev": "Nati\\nonal\\nPoliti\\ncal\\nBun\\ndle",
                        "Priority\\nCode": "74 | 74",
                        "Network": "TBS",
                        "Sys\\nCode": 9819,
                        "Program": "TBSC EF",
                        "Start\\nDate": "08/31/2019",
                        "End\\nDate": "09/01/2019",
                        "Daypart": "Sa-Su 4p-7p",
                        "M": "missing",
                        "Tu": "missing",
                        "W": "missing",
                        "Th": "missing",
                        "F": "missing",
                        "Sa": "X",
                        "Su": "X",
                        "Total\\nUnits": 2,
                        "Unit\\nRate": "$76.00",
                        "Total\\nAmount": "$152.00",
                        "Unit\\nLen": 30
                    }
                ]
            },
            {
                "type": "metadata",
                "content": "Contract Data (Traffic) Report\nPage 6 of 9\n\"Nielsen Audience Estimates Copyright \u00a92014 The Nielsen Company, used under license,all rights reserved\"\nPrinted On 8/29/2019 10:16:54 AM\n\"Printed By Becker, Kathleen\"\n"
            },
            {
                "type": "table",
                "content": []
            }
        ]
    },
    {
        "id": 3,
        "content": [
            {
                "type": "metadata",
                "content": "Contract Data (Traffic) Report\nSUMMARY FOR ORDER # 3653903\n"
            },
            {
                "type": "kv",
                "content": [
                    {
                        "Traffic Order #": "12254993"
                    },
                    {
                        "Created On": "6/6/2022 11:02:31 AM"
                    },
                    {
                        "Order Status": "Traffic Updates Accepted"
                    },
                    {
                        "Order #": "3653903"
                    },
                    {
                        "Created By": "\"Gauthier, Mary\""
                    },
                    {
                        "Gross $": "22900.00"
                    },
                    {
                        "Order Descrp": "POL_CAN_SPIVA FOR DC AG 6-7 - 6-\\n13"
                    },
                    {
                        "Updated On": "6/7/2022 12:26:34 PM"
                    },
                    {
                        "Net $": "19465.00"
                    },
                    {
                        "Client": "SPIVA FOR DC AG - WAS"
                    },
                    {
                        "Updated By": "\"Daniels, Dawn\""
                    },
                    {
                        "Units": "338"
                    },
                    {
                        "Start Date": "6/7/2022"
                    },
                    {
                        "Industry": "Political-State-Local"
                    },
                    {
                        "Credit Hold": "NO"
                    },
                    {
                        "End Date": "6/13/2022"
                    }
                ]
            },
            {
                "type": "metadata",
                "content": "REFERENCES\nBILLING INFORMATION\n"
            },
            {
                "type": "kv",
                "content": [
                    {
                        "# of Weeks": "2"
                    },
                    {
                        "Primary": "missing"
                    },
                    {
                        "Purchase Order #": "missing"
                    }
                ]
            },
            {
                "type": "metadata",
                "content": "SALES\n"
            },
            {
                "type": "kv",
                "content": [
                    {
                        "Secondary": "missing"
                    },
                    {
                        "Billing Schedule": "EndOfFlight"
                    },
                    {
                        "ActiveWeeks": "2"
                    },
                    {
                        "Tertiary": "missing"
                    }
                ]
            },
            {
                "type": "metadata",
                "content": "EDI INFORMATION\n"
            },
            {
                "type": "kv",
                "content": [
                    {
                        "AE 1": "Gray, Jeff (POL)"
                    },
                    {
                        "Quarternary": "missing"
                    },
                    {
                        "Product": "Zone"
                    },
                    {
                        "AE 2": "missing"
                    }
                ]
            },
            {
                "type": "metadata",
                "content": "TRAFFIC OPTIONS\n"
            },
            {
                "type": "kv",
                "content": [
                    {
                        "Estimate": "607613"
                    },
                    {
                        "Agency": "BUYING TIME"
                    }
                ]
            },
            {
                "type": "metadata",
                "content": "15.00%\n"
            },
            {
                "type": "kv",
                "content": [
                    {
                        "Address 1": "650 MASSACHUSETTS AVE NW"
                    },
                    {
                        "Submit EDI Invoice?": "Submit EDI Invoice"
                    },
                    {
                        "RepFirm": "missing"
                    }
                ]
            },
            {
                "type": "metadata",
                "content": "0%\n"
            },
            {
                "type": "kv",
                "content": [
                    {
                        "Address 2": "STE 210"
                    }
                ]
            },
            {
                "type": "metadata",
                "content": "ORDER /INVOICE/TRAFFIC/REPORT NOTES/COMMENTS\nCopy Instr ID,missing\nCity, State, Zip,WASHINGTON, DC, 20001\nTotal Zones,2\nZip,20001\nZones,The District Of Columbia, Capital\nContact,missing\n"
            },
            {
                "type": "metadata",
                "content": "\"WASHINGTON DC\\nPriority,NP=80,\\nIP=74\\nSee key on FCC site for zone/network information\"\n"
            },
            {
                "type": "kv",
                "content": [
                    {
                        "Total Networks": "10"
                    },
                    {
                        "Phone": "202-965-5060"
                    }
                ]
            },
            {
                "type": "metadata",
                "content": "GENERAL COMMENTS\n"
            },
            {
                "type": "kv",
                "content": [
                    {
                        "Avail Tag": "missing"
                    }
                ]
            },
            {
                "type": "metadata",
                "content": "SYSCODE LIST\n"
            },
            {
                "type": "kv",
                "content": [
                    {
                        "Contract Type": "Standard"
                    }
                ]
            },
            {
                "type": "metadata",
                "content": "\"1851,1855\"\n"
            },
            {
                "type": "kv",
                "content": [
                    {
                        "Copy Group": "missing"
                    },
                    {
                        "Division": "missing"
                    },
                    {
                        "Reference #": "0769389c-a9e5-ec11-910e-005056979d16"
                    }
                ]
            },
            {
                "type": "metadata",
                "content": "Contract Data (Traffic) Report\nPage 1 of 13\nPrinted On 6/7/2022 3:41:05 PM\nPrinted By,\"Marryat, Derek\"\nSUMMARY FOR SYSCODE 1851\n"
            },
            {
                "type": "kv",
                "content": [
                    {
                        "Traffic Order #": "12254993"
                    },
                    {
                        "Created On": "6/6/2022 11:03:11 AM"
                    },
                    {
                        "Order Status": "Traffic Updates Accepted"
                    },
                    {
                        "Order #": "3653903"
                    },
                    {
                        "Created By": "\"Daniels, Dawn\""
                    },
                    {
                        "Syscode Gross $": "18564.00"
                    },
                    {
                        "Order Descrp": "POL_CAN_SPIVA FOR DC AG 6-7 - 6-13"
                    },
                    {
                        "Updated On": "6/7/2022 12:26:34 PM"
                    },
                    {
                        "Syscode Net $": "15779.40"
                    },
                    {
                        "Client": "SPIVA FOR DC AG - WAS"
                    },
                    {
                        "Updated By": "Daniels, Dawn"
                    },
                    {
                        "Syscode Units": "178"
                    },
                    {
                        "Start Date": "6/7/2022"
                    },
                    {
                        "Source": "VIEW"
                    },
                    {
                        "Zone Status": "Traffic Updates Accepted"
                    },
                    {
                        "End Date": "6/13/2022"
                    },
                    {
                        "Zones": "The District Of Columbia"
                    },
                    {
                        "Avg Unit Rate": "104.29"
                    },
                    {
                        "# of Weeks": "2"
                    }
                ]
            },
            {
                "type": "table",
                "content": [
                    {
                        "Unique\\nLn #": 1,
                        "Tr Ln\\n#": 1,
                        "Parent\\Line#": "missing",
                        "Rev": "Reta\\nil\\Politi\\cal\\Bun\\dle",
                        "Priority\\nCode": "74 | 74",
                        "Network": "CNN",
                        "Sys\\nCode": "1851",
                        "Program": "NEW DAY<",
                        "Start\\nDate": "06/07/2022",
                        "End\\nDate": "06/10/2022",
                        "Daypart": "Tu-F 5a-9a",
                        "M": "missing",
                        "Tu": "X",
                        "W": "X",
                        "Th": "X",
                        "F": "X",
                        "Sa": "missing",
                        "Su": "missing",
                        "Total\\nUnits": "7",
                        "Unit\\nRate": "$95.00",
                        "Total\\nAmount": "$665.00",
                        "Unit\\nLen": 30.0
                    },
                    {
                        "Unique\\nLn #": 2,
                        "Tr Ln\\n#": 2,
                        "Parent\\Line#": "missing",
                        "Rev": "Reta\\nil\\Politi\\cal\\Bun\\dle",
                        "Priority\\nCode": "74 | 74",
                        "Network": "CNN",
                        "Sys\\nCode": "1851",
                        "Program": "NEW DAY<",
                        "Start\\nDate": "06/13/2022",
                        "End\\nDate": "06/13/2022",
                        "Daypart": "M 5a-9a",
                        "M": "X",
                        "Tu": "missing",
                        "W": "missing",
                        "Th": "missing",
                        "F": "missing",
                        "Sa": "missing",
                        "Su": "missing",
                        "Total\\nUnits": "2",
                        "Unit\\nRate": "$95.00",
                        "Total\\nAmount": "$190.00",
                        "Unit\\nLen": 30.0
                    },
                    {
                        "Unique\\nLn #": 3,
                        "Tr Ln\\n#": 3,
                        "Parent\\Line#": "missing",
                        "Rev": "Reta\\nil\\Politi\\cal\\Bun\\dle",
                        "Priority\\nCode": "74 | 74",
                        "Network": "CNN",
                        "Sys\\nCode": "1851",
                        "Program": "CNN NEWSROOM<06/07/2022",
                        "Start\\nDate": "06/10/2022",
                        "End\\nDate": "Tu-F 9a-4p",
                        "Daypart": "missing",
                        "M": "X",
                        "Tu": "X",
                        "W": "X",
                        "Th": "X",
                        "F": "missing",
                        "Sa": "missing",
                        "Su": "14",
                        "Total\\nUnits": "$60.00",
                        "Unit\\nRate": "$840.00",
                        "Total\\nAmount": "30",
                        "Unit\\nLen": NaN
                    },
                    {
                        "Unique\\nLn #": 4,
                        "Tr Ln\\n#": 4,
                        "Parent\\Line#": "missing",
                        "Rev": "Reta\\nil\\Politi\\cal\\Bun\\dle.74 | 74",
                        "Priority\\nCode": "CNN",
                        "Network": "1851",
                        "Sys\\nCode": "CNN NEWSROOM<06/13/2022",
                        "Program": "06/13/2022",
                        "Start\\nDate": "M 9a-4p",
                        "End\\nDate": "X",
                        "Daypart": "missing",
                        "M": "missing",
                        "Tu": "missing",
                        "W": "missing",
                        "Th": "missing",
                        "F": "missing",
                        "Sa": "1",
                        "Su": "$60.00",
                        "Total\\nUnits": "$60.00",
                        "Unit\\nRate": "30",
                        "Total\\nAmount": NaN,
                        "Unit\\nLen": NaN
                    },
                    {
                        "Unique\\nLn #": 5,
                        "Tr Ln\\n#": 5,
                        "Parent\\Line#": "missing",
                        "Rev": "Reta\\nil\\Politi\\cal\\Bun\\dle",
                        "Priority\\nCode": "74 | 74",
                        "Network": "CNN",
                        "Sys\\nCode": "1851",
                        "Program": "LEAD WITH JAKE<",
                        "Start\\nDate": "06/07/2022",
                        "End\\nDate": "06/10/2022",
                        "Daypart": "Tu-F 4p-7p",
                        "M": "missing",
                        "Tu": "X",
                        "W": "X",
                        "Th": "X",
                        "F": "X",
                        "Sa": "missing",
                        "Su": "missing",
                        "Total\\nUnits": "7",
                        "Unit\\nRate": "$118.00",
                        "Total\\nAmount": "$826.00",
                        "Unit\\nLen": 30.0
                    },
                    {
                        "Unique\\nLn #": 6,
                        "Tr Ln\\n#": 6,
                        "Parent\\Line#": "missing",
                        "Rev": "Reta\\nil\\Politi\\cal\\Bun\\dle",
                        "Priority\\nCode": "74 | 74",
                        "Network": "CNN",
                        "Sys\\nCode": "1851",
                        "Program": "LEAD WITH JAKE<",
                        "Start\\nDate": "06/13/2022",
                        "End\\nDate": "06/13/2022",
                        "Daypart": "M 4p-7p",
                        "M": "X",
                        "Tu": "missing",
                        "W": "missing",
                        "Th": "missing",
                        "F": "missing",
                        "Sa": "missing",
                        "Su": "missing",
                        "Total\\nUnits": "1",
                        "Unit\\nRate": "$118.00",
                        "Total\\nAmount": "$118.00",
                        "Unit\\nLen": 30.0
                    }
                ]
            },
            {
                "type": "metadata",
                "content": "Contract Data (Traffic) Report\nPage 2 of 13\n\"Nielsen Audience Estimates Copyright \u00a92014 The Nielsen Company, used under license,all rights reserved\"\nPrinted On 6/7/2022 3:41:05 PM\n\"Printed By Marryat, Derek\"\nUnique\\nLn #,Tr Ln\\n#,Parent\\Line#,Rev,Priority\\nCode,Network,Sys\\nCode,Program,Start\\nDate,End\\nDate,Daypart,M,Tu,W,Th,F,Sa,Su,Total\\nUnits,Unit\\nRate,Total\\nAmount,Unit\\nLen\n7,7,missing,Reta\\nil\\Politi\\cal\\Bun\\dle,74 | 74,CNN,1851,MSNBC PRIME,06/07/2022,06/12/2022,Tu-Su 7p-\\n12m,missing,X,X,X,X,X,X,14,$140.00,\"$1,960.00\",30\n8,8,missing,Reta\\nil\\Politi\\cal\\Bun\\dle,74 | 74,CNN,1851,MSNBC PRIME,06/13/2022,06/13/2022,M 7p-12m,X,missing,missing,missing,missing,missing,missing,1,$140.00,$140.00,30\n9,9,missing,Reta\\nil\\Politi\\cal\\Bun\\dle,74 | 74,BET,1851,BET MOVIE OF T<,06/07/2022,06/12/2022,Tu-Su 7p-\\n12m,missing,X,X,X,X,X,X,X,5,$140.00,$700.00,30\n10,10,missing,Reta\\nil\\Politi\\cal\\Bun\\dle,74 | 74,BET,1851,BET MOVIE OF T<,06/13/2022,06/13/2022,M 7p-12m,X,missing,missing,missing,missing,missing,missing,1,$140.00,$140.00,30\n11,11,missing,Reta\\nil\\Politi\\cal\\Bun\\dle,74 | 74,MSNBC,1851,MORNING JOE<,06/07/2022,06/10/2022,Tu-F 5a-9a,missing,X,X,X,X,missing,missing,7,$95.00,$665.00,30\n12,12,missing,Reta\\nil\\Politi\\cal\\Bun\\dle,74 | 74,MSNBC,1851,MORNING JOE<,06/13/2022,06/13/2022,M 5a-9a,X,missing,missing,missing,missing,missing,missing,2,$95.00,$190.00,30\n13,13,missing,Reta\\nil\\Politi\\cal\\Bun\\dle,74 | 74,MSNBC,1851,MSNBC DAYTIME,06/07/2022,06/10/2022,Tu-F 9a-4p,missing,X,X,X,X,missing,missing,14,$60.00,$840.00,30\n14,14,missing,Reta\\nil\\Politi\\cal\\Bun\\dle,74 | 74,MSNBC,1851,MSNBC DAYTIME,06/13/2022,06/13/2022,M 9a-4p,X,missing,missing,missing,missing,missing,missing,1,$60.00,$60.00,30\n"
            },
            {
                "type": "metadata",
                "content": "Contract Data (Traffic) Report\nPage 3 of 13\n\"Nielsen Audience Estimates Copyright \u00a92014 The Nielsen Company, used under license,all rights reserved\"\nPrinted On 6/7/2022 3:41:05 PM\nPrinted By \"Marryat,Derek\"\n"
            }
        ]
    }
]