[
    {
        "id": 1,
        "content": [
            {
                "type": "metadata",
                "content": "WLS-TV CHICAGO\n190 NORTH STATE Street\nCHICAGO IL 60601\n"
            },
            {
                "type": "kv",
                "content": [
                    {
                        "DATE": "10-10-2012"
                    },
                    {
                        "Page": "1 of 3"
                    }
                ]
            },
            {
                "type": "table",
                "content": [
                    {
                        "Contract No": 401752,
                        "Contract Dt": "10-05-2012",
                        "Revision Dt": "10-08-2012",
                        "Rev#": 3,
                        "Advertiser": "BRAD SCHNEIDER FOR CONGRESS",
                        "Brand": "BRAD SCHNEIDER FOR CONGRESS",
                        "Product Code": "POLITICALS",
                        "Station/Market": "WLS - CHICAGO"
                    }
                ]
            },
            {
                "type": "table",
                "content": [
                    {
                        "Agency Est#": "DCCC - EST",
                        "CMS #": 245910,
                        "Account Executive": "D. PARKER",
                        "Start Date": "10-08-2012",
                        "End Date": "10-14-2012",
                        "Billing": "M (Broadcast Month",
                        "Package": "Cycle 1)",
                        "Contract Title": "N"
                    }
                ]
            },
            {
                "type": "table",
                "content": [
                    {
                        "Line": 1,
                        "Start Date": "10-08-2012",
                        "End Date": "10-12-2012",
                        "Time Period": "10:35PM - 11:04PM",
                        "Description": "LF/NEWS: NIGHTLINE: M-F 1035-1104P (5527)",
                        "RC": 1,
                        "Duration": 30,
                        "M": "X",
                        "T": "X",
                        "W": "X",
                        "T.1": "X",
                        "F": "X",
                        "S": "X",
                        "S.1": "missing",
                        "SPW": 4,
                        "Price": 1.0,
                        "Tot Spots": 900.0,
                        "Total $": 4.0
                    },
                    {
                        "Line": 2,
                        "Start Date": "10-08-2012",
                        "End Date": "10-12-2012",
                        "Time Period": "11:04PM - 12:08AM",
                        "Description": "LF: JIMMY KIMMEL: 1104PM-1208AM EFF: 9/12-TF",
                        "RC": 1,
                        "Duration": 30,
                        "M": "X",
                        "T": "X",
                        "W": "X",
                        "T.1": "X",
                        "F": "X",
                        "S": "X",
                        "S.1": "missing",
                        "SPW": 3,
                        "Price": 760.0,
                        "Tot Spots": 3.0,
                        "Total $": 2.0
                    },
                    {
                        "Line": 3,
                        "Start Date": "10-10-2012",
                        "End Date": "10-10-2012",
                        "Time Period": "09:00PM - 10:00PM",
                        "Description": "PRIME: WED: 9-10P VAR/NASHVILLE EFF:10/10 (56)",
                        "RC": 1,
                        "Duration": 30,
                        "M": "missing",
                        "T": "missing",
                        "W": "X",
                        "T.1": "missing",
                        "F": "missing",
                        "S": "missing",
                        "S.1": "missing",
                        "SPW": 1,
                        "Price": 8.0,
                        "Tot Spots": 550.0,
                        "Total $": 1.0
                    },
                    {
                        "Line": 4,
                        "Start Date": "10-13-2012",
                        "End Date": "10-13-2012",
                        "Time Period": "07:00AM - 08:00AM",
                        "Description": "WEEKEND/ MORN NEWS: GMA SAT 7-8A (5555)",
                        "RC": 1,
                        "Duration": 30,
                        "M": "missing",
                        "T": "missing",
                        "W": "missing",
                        "T.1": "X",
                        "F": NaN,
                        "S": "missing",
                        "S.1": "1",
                        "SPW": 950,
                        "Price": 1.0,
                        "Tot Spots": 950.0,
                        "Total $": NaN
                    },
                    {
                        "Line": 5,
                        "Start Date": "10-13-2012",
                        "End Date": "10-13-2012",
                        "Time Period": "08:00AM - 09:00AM",
                        "Description": "WEEKEND EARLY MORN NEWS: SAT: 8-9A (10600)",
                        "RC": 1,
                        "Duration": 30,
                        "M": "missing",
                        "T": "missing",
                        "W": "missing",
                        "T.1": "X",
                        "F": "missing",
                        "S": "missing",
                        "S.1": "1",
                        "SPW": 950,
                        "Price": 1.0,
                        "Tot Spots": 950.0,
                        "Total $": NaN
                    },
                    {
                        "Line": 6,
                        "Start Date": "10-13-2012",
                        "End Date": "10-13-2012",
                        "Time Period": "02:30PM - 06:00PM",
                        "Description": "SPORTS: FOOTBALL SAT COLLEGE 1058A-600P",
                        "RC": 2,
                        "Duration": 30,
                        "M": "missing",
                        "T": "missing",
                        "W": "missing",
                        "T.1": "X",
                        "F": "missing",
                        "S": "missing",
                        "S.1": "1",
                        "SPW": 2,
                        "Price": 0.0,
                        "Tot Spots": 1.0,
                        "Total $": 2.0
                    },
                    {
                        "Line": 7,
                        "Start Date": "10-14-2012",
                        "End Date": "10-14-2012",
                        "Time Period": "07:00AM - 08:00AM",
                        "Description": "WEEKEND/MORN NEWS: GMA SUN 7-8A (5557)",
                        "RC": 1,
                        "Duration": 30,
                        "M": "missing",
                        "T": "missing",
                        "W": "missing",
                        "T.1": "missing",
                        "F": "X",
                        "S": "1",
                        "S.1": "665",
                        "SPW": 1,
                        "Price": 665.0,
                        "Tot Spots": NaN,
                        "Total $": NaN
                    },
                    {
                        "Line": 8,
                        "Start Date": "10-14-2012",
                        "End Date": "10-14-2012",
                        "Time Period": "08:00AM - 09:30AM",
                        "Description": "WEEKEND/MORN NEWS: SUN 8-930AM/8-10A EFF",
                        "RC": 1,
                        "Duration": 30,
                        "M": "missing",
                        "T": "missing",
                        "W": "missing",
                        "T.1": "missing",
                        "F": "X",
                        "S": "1",
                        "S.1": "855",
                        "SPW": 1,
                        "Price": 855.0,
                        "Tot Spots": NaN,
                        "Total $": NaN
                    },
                    {
                        "Line": 9,
                        "Start Date": "10-14-2012",
                        "End Date": "10-14-2012",
                        "Time Period": "05:00PM - 05:30PM",
                        "Description": "WEEKEND/EARLY NEWS: SUN 5-530P (5572)",
                        "RC": 1,
                        "Duration": 30,
                        "M": "missing",
                        "T": "missing",
                        "W": "missing",
                        "T.1": "missing",
                        "F": "X",
                        "S": "1",
                        "S.1": "1",
                        "SPW": 140,
                        "Price": 1.0,
                        "Tot Spots": 1.0,
                        "Total $": 140.0
                    },
                    {
                        "Line": 10,
                        "Start Date": "10-08-2012",
                        "End Date": "10-12-2012",
                        "Time Period": "06:00AM - 07:00AM",
                        "Description": "MORN NEWS: 6-7A M-F (5511)",
                        "RC": 1,
                        "Duration": 30,
                        "M": "X",
                        "T": "X",
                        "W": "X",
                        "T.1": "X",
                        "F": "X",
                        "S": "missing",
                        "S.1": "3",
                        "SPW": 1,
                        "Price": 235.0,
                        "Tot Spots": 3.0,
                        "Total $": 3.0
                    },
                    {
                        "Line": 11,
                        "Start Date": "10-08-2012",
                        "End Date": "10-12-2012",
                        "Time Period": "07:00AM - 09:00AM",
                        "Description": "MORN NEWS/GMA: 7-9A M-F (5512)",
                        "RC": 1,
                        "Duration": 30,
                        "M": "X",
                        "T": "X",
                        "W": "X",
                        "T.1": "X",
                        "F": "X",
                        "S": "missing",
                        "S.1": "4",
                        "SPW": 1,
                        "Price": 520.0,
                        "Tot Spots": 4.0,
                        "Total $": 6.0
                    },
                    {
                        "Line": 12,
                        "Start Date": "10-08-2012",
                        "End Date": "10-12-2012",
                        "Time Period": "09:00AM - 10:00AM",
                        "Description": "DAYTIME: WINDY CITY LIVE 9-10A M-F EFF: 5/26-",
                        "RC": 1,
                        "Duration": 30,
                        "M": "X",
                        "T": "X",
                        "W": "X",
                        "T.1": "X",
                        "F": "X",
                        "S": "missing",
                        "S.1": "4",
                        "SPW": 855,
                        "Price": 4.0,
                        "Tot Spots": 3.0,
                        "Total $": 420.0
                    },
                    {
                        "Line": 13,
                        "Start Date": "10-08-2012",
                        "End Date": "10-12-2012",
                        "Time Period": "11:00AM - 12:00PM",
                        "Description": "DAYTIME/ NEWS: 11-12NOON DAYTIME M-F (5516)",
                        "RC": 1,
                        "Duration": 30,
                        "M": "X",
                        "T": "X",
                        "W": "X",
                        "T.1": "X",
                        "F": "X",
                        "S": "missing",
                        "S.1": "5",
                        "SPW": 800,
                        "Price": 5.0,
                        "Tot Spots": 4.0,
                        "Total $": 0.0
                    },
                    {
                        "Line": 14,
                        "Start Date": "10-08-2012",
                        "End Date": "10-12-2012",
                        "Time Period": "04:00PM - 05:00PM",
                        "Description": "EARLY NEWS M-F 4-5P (8499)",
                        "RC": 1,
                        "Duration": 30,
                        "M": "X",
                        "T": "X",
                        "W": "X",
                        "T.1": "X",
                        "F": "X",
                        "S": "missing",
                        "S.1": "4",
                        "SPW": 1,
                        "Price": 805.0,
                        "Tot Spots": 4.0,
                        "Total $": 7.0
                    },
                    {
                        "Line": 15,
                        "Start Date": "10-08-2012",
                        "End Date": "10-12-2012",
                        "Time Period": "05:00PM - 05:30PM",
                        "Description": "EARLY NEWS: 5-530P M-F (5519)",
                        "RC": 1,
                        "Duration": 30,
                        "M": "X",
                        "T": "X",
                        "W": "X",
                        "T.1": "X",
                        "F": "X",
                        "S": "missing",
                        "S.1": "4",
                        "SPW": 2,
                        "Price": 280.0,
                        "Tot Spots": 4.0,
                        "Total $": 9.0
                    }
                ]
            }
        ]
    },
    {
        "id": 2,
        "content": [
            {
                "type": "metadata",
                "content": "WLS-TV CHICAGO\n190 NORTH STATE Street\nCHICAGO IL 60601\n"
            },
            {
                "type": "kv",
                "content": [
                    {
                        "DATE": "10-10-2012"
                    },
                    {
                        "Page": "2 of 3"
                    },
                    {
                        "Contracted Gross Total": "52"
                    },
                    {
                        "Actual Gross Total": "52"
                    },
                    {
                        "Agency Commission": "\"106,405.00\""
                    },
                    {
                        "Net Total": "\"90,444.25\""
                    }
                ]
            },
            {
                "type": "table",
                "content": [
                    {
                        "Contract No": 401752,
                        "Contract Dt": "10-05-2012",
                        "Revision Dt": "10-08-2012",
                        "Rev#": 3,
                        "Advertiser": "BRAD SCHNEIDER FOR CONGRESS",
                        "Brand": "BRAD SCHNEIDER FOR CONGRESS",
                        "Product Code": "POLITICALS",
                        "Station/Market": "WLS - CHICAGO"
                    }
                ]
            },
            {
                "type": "table",
                "content": [
                    {
                        "Agency Est#": "DCCC - EST",
                        "CMS #": 245910,
                        "Account Executive": "D. PARKER",
                        "Start Date": "10-08-2012",
                        "End Date": "10-14-2012",
                        "Billing": "M (Broadcast Month",
                        "Package": "Cycle 1)",
                        "Contract Title": "N"
                    }
                ]
            },
            {
                "type": "table",
                "content": [
                    {
                        "Line": 16,
                        "Start Date": "10-08-2012",
                        "End Date": "10-12-2012",
                        "Time Period": "06:00PM - 06:30PM",
                        "Description": "EARLY NEWS: 6-630P M-F (5524)",
                        "RC": 1,
                        "Duration": 30,
                        "M": "X",
                        "T": "X",
                        "W": "X",
                        "T.1": "X",
                        "F": "X",
                        "S": "missing",
                        "S.1": "missing",
                        "SPW": 2,
                        "Price": 2.0,
                        "Tot Spots": 660.0,
                        "Total $": 2.0
                    },
                    {
                        "Line": 17,
                        "Start Date": "10-08-2012",
                        "End Date": "10-12-2012",
                        "Time Period": "06:30PM - 07:00PM",
                        "Description": "ACCESS: WHEEL M-F 628P-7P (5525)",
                        "RC": 1,
                        "Duration": 30,
                        "M": "X",
                        "T": "X",
                        "W": "X",
                        "T.1": "X",
                        "F": "X",
                        "S": "missing",
                        "S.1": "missing",
                        "SPW": 3,
                        "Price": 3.0,
                        "Tot Spots": 400.0,
                        "Total $": 3.0
                    },
                    {
                        "Line": 18,
                        "Start Date": "10-08-2012",
                        "End Date": "10-12-2012",
                        "Time Period": "10:00PM - 10:35PM",
                        "Description": "LN ORBIT:NEWS M-F1000-1035P;SU 1000P (5526)",
                        "RC": 1,
                        "Duration": 30,
                        "M": "X",
                        "T": "X",
                        "W": "X",
                        "T.1": "X",
                        "F": "X",
                        "S": "missing",
                        "S.1": "missing",
                        "SPW": 3,
                        "Price": 5.0,
                        "Tot Spots": 225.0,
                        "Total $": 3.0
                    },
                    {
                        "Line": 19,
                        "Start Date": "10-14-2012",
                        "End Date": "10-14-2012",
                        "Time Period": "10:00PM - 11:00PM",
                        "Description": "LN ORBIT:NEWS M-F1000-1035P;SU 1000P (5526)",
                        "RC": 1,
                        "Duration": 30,
                        "M": "missing",
                        "T": "missing",
                        "W": "missing",
                        "T.1": "missing",
                        "F": "X",
                        "S": "1",
                        "S.1": "5",
                        "SPW": 225,
                        "Price": 1.0,
                        "Tot Spots": 5.0,
                        "Total $": 225.0
                    },
                    {
                        "Line": 20,
                        "Start Date": "10-14-2012",
                        "End Date": "10-14-2012",
                        "Time Period": "11:00PM - 11:30PM",
                        "Description": "LF: SUN 190 NORTH-1100P-1130P (5827)",
                        "RC": 1,
                        "Duration": 30,
                        "M": "missing",
                        "T": "missing",
                        "W": "missing",
                        "T.1": "missing",
                        "F": "X",
                        "S": "1",
                        "S.1": "760",
                        "SPW": 1,
                        "Price": 760.0,
                        "Tot Spots": NaN,
                        "Total $": NaN
                    },
                    {
                        "Line": 21,
                        "Start Date": "10-14-2012",
                        "End Date": "10-14-2012",
                        "Time Period": "11:30PM - 12:00AM",
                        "Description": "LF: SUN INSIDE ED.-1130PM-1200A (5828)",
                        "RC": 1,
                        "Duration": 30,
                        "M": "missing",
                        "T": "missing",
                        "W": "missing",
                        "T.1": "missing",
                        "F": "X",
                        "S": "1",
                        "S.1": "570",
                        "SPW": 1,
                        "Price": 570.0,
                        "Tot Spots": NaN,
                        "Total $": NaN
                    },
                    {
                        "Line": 22,
                        "Start Date": "10-09-2012",
                        "End Date": "10-09-2012",
                        "Time Period": "05:45PM - 05:55PM",
                        "Description": "*M-SU 400P-700P ROTATOR (M-SU EN/ACCESS)",
                        "RC": 1,
                        "Duration": 30,
                        "M": "missing",
                        "T": "missing",
                        "W": "missing",
                        "T.1": "missing",
                        "F": "X",
                        "S": "1",
                        "S.1": "2",
                        "SPW": 660,
                        "Price": 1.0,
                        "Tot Spots": 2.0,
                        "Total $": 660.0
                    },
                    {
                        "Line": 23,
                        "Start Date": "10-09-2012",
                        "End Date": "10-09-2012",
                        "Time Period": "08:00PM - 09:00PM",
                        "Description": "PRIME:TUE: 8-9P: VAR/COMEDIES (5604)",
                        "RC": 1,
                        "Duration": 30,
                        "M": "missing",
                        "T": "missing",
                        "W": "missing",
                        "T.1": "missing",
                        "F": "X",
                        "S": "1",
                        "S.1": "7",
                        "SPW": 400,
                        "Price": 1.0,
                        "Tot Spots": 7.0,
                        "Total $": 400.0
                    },
                    {
                        "Line": 24,
                        "Start Date": "10-13-2012",
                        "End Date": "10-13-2012",
                        "Time Period": "02:05AM - 02:40AM",
                        "Description": "WEEKEND:LNR 200A-300A SA-SU (11857)",
                        "RC": 1,
                        "Duration": 30,
                        "M": "missing",
                        "T": "missing",
                        "W": "missing",
                        "T.1": "missing",
                        "F": "X",
                        "S": "1",
                        "S.1": "60",
                        "SPW": 1,
                        "Price": 60.0,
                        "Tot Spots": NaN,
                        "Total $": NaN
                    }
                ]
            }
        ]
    },
    {
        "id": 3,
        "content": [
            {
                "type": "table",
                "content": [
                    {
                        "Contract No": 401752,
                        "Contract Dt": "10-05-2012",
                        "Revision Dt": "10-08-2012",
                        "Rev#": 3,
                        "Advertiser": "BRAD SCHNEIDER FOR CONGRESS",
                        "Brand": "BRAD SCHNEIDER FOR CONGRESS",
                        "Product Code": "POLITICALS",
                        "Station/Market": "WLS - CHICAGO"
                    }
                ]
            },
            {
                "type": "table",
                "content": [
                    {
                        "Agency Est#": "DCCC - EST",
                        "CMS #": 245910,
                        "Account Executive": "D. PARKER",
                        "Start Date": "10-08-2012",
                        "End Date": "10-14-2012",
                        "Billing": "M (Broadcast Month",
                        "Package": "Cycle 1)",
                        "Contract Title": "N"
                    }
                ]
            },
            {
                "type": "table",
                "content": [
                    {
                        "Line": "missing",
                        "Start Date": "missing",
                        "End Date": "missing",
                        "Time Period": "missing",
                        "Description": "Agency CPE: E : DCCC - EST",
                        "RC": "missing",
                        "Duration": "missing",
                        "M": "missing",
                        "T": "missing",
                        "W": "missing",
                        "T.1": "missing",
                        "F": "missing",
                        "S": "missing",
                        "S.1": "missing",
                        "SPW": "missing",
                        "Price": "missing",
                        "Tot Spots": NaN,
                        "Total $": NaN
                    }
                ]
            },
            {
                "type": "table",
                "content": [
                    {
                        "Month/YR": "Oct 12",
                        "Preempted": 60.0,
                        "Made Good": 60.0,
                        "Contract Total": "106,405.00",
                        "Adjustments": 0.0,
                        "Actual Total": "106,405.00"
                    },
                    {
                        "Month/YR": "TOTAL",
                        "Preempted": 60.0,
                        "Made Good": 60.0,
                        "Contract Total": "106,405.00",
                        "Adjustments": 0.0,
                        "Actual Total": "106,405.00"
                    }
                ]
            }
        ]
    }
]