[
    {
        "id": 1,
        "content": [
            {
                "type": "metadata",
                "content": "Sinclair Broadcast Group Inc\nC/O WRSP\nPO BOX 206270\nDALLAS TX 75320-6270\nOFFICIAL BILLING INVOICE\nPage 2 of 2\nWRSP+WCCU Combo 100/0 (WRSP+)\n"
            },
            {
                "type": "kv",
                "content": [
                    {
                        "Inv #": "7237942"
                    },
                    {
                        "Acct #": "8284"
                    },
                    {
                        "Invoice Date": "2/9/2020"
                    },
                    {
                        "Advertiser": "Mike Bloomberg 2020 Inc-D (133903)"
                    },
                    {
                        "Agency": "Assembly (16037)"
                    },
                    {
                        "Period": "2/3/2020 - 2/9/2020"
                    }
                ]
            },
            {
                "type": "table",
                "content": [
                    {
                        "Line": "missing",
                        "Type": "News",
                        "Scheduled Time": "9:00:00PM-10:00:00PM",
                        "Scheduled Day to Run": "Per Week (3)",
                        "Air Date/Time": "Mo",
                        "Length": "Tu",
                        "Program": "We",
                        "AD-ID / ISCI": "Th",
                        "Amount": "Fr",
                        "Remarks": "02/05/20 09:41 pm (We)"
                    },
                    {
                        "Line": "missing",
                        "Type": "News",
                        "Scheduled Time": "missing",
                        "Scheduled Day to Run": "missing",
                        "Air Date/Time": "02/07/20 (Fr)",
                        "Length": "missing",
                        "Program": "missing",
                        "AD-ID / ISCI": "1 preempt @$200.00",
                        "Amount": "$0.00",
                        "Remarks": "Pre-empt"
                    },
                    {
                        "Line": "11.0",
                        "Type": "SPOT",
                        "Scheduled Time": "12:00:00AM-12:30:00AM",
                        "Scheduled Day to Run": "Per Week (3)",
                        "Air Date/Time": "Mo",
                        "Length": "Tu",
                        "Program": "We",
                        "AD-ID / ISCI": "Th",
                        "Amount": "Fr",
                        "Remarks": "02/03/20 12:19 am (Mo)"
                    },
                    {
                        "Line": "missing",
                        "Type": "SPOT",
                        "Scheduled Time": "12:00:00AM-12:30:00AM",
                        "Scheduled Day to Run": "Per Week (3)",
                        "Air Date/Time": "Mo",
                        "Length": "Tu",
                        "Program": "We",
                        "AD-ID / ISCI": "Th",
                        "Amount": "Fr",
                        "Remarks": "02/04/20 12:13 am (Tu)"
                    },
                    {
                        "Line": "missing",
                        "Type": "SPOT",
                        "Scheduled Time": "missing",
                        "Scheduled Day to Run": "missing",
                        "Air Date/Time": "02/05/20 (We)",
                        "Length": "missing",
                        "Program": "missing",
                        "AD-ID / ISCI": "1 preempt @$15.00",
                        "Amount": "$0.00",
                        "Remarks": "Pre-empt"
                    },
                    {
                        "Line": "12.0",
                        "Type": "Prime",
                        "Scheduled Time": "8:00:00PM-9:00:00PM",
                        "Scheduled Day to Run": "Day",
                        "Air Date/Time": "Mo-1",
                        "Length": "02/03/20 08:47 pm (Mo)",
                        "Program": "01:00",
                        "AD-ID / ISCI": "FOX-Prodigal Son (Monday)",
                        "Amount": "MRBPFK3031EH",
                        "Remarks": "$300.00"
                    },
                    {
                        "Line": "21.1",
                        "Type": "SPOT",
                        "Scheduled Time": "10:00:00AM-11:00:00AM",
                        "Scheduled Day to Run": "missing",
                        "Air Date/Time": "02/05/20 10:59 am (We)",
                        "Length": "01:00",
                        "Program": "The Real",
                        "AD-ID / ISCI": "MRBPS861EH",
                        "Amount": "$50.00",
                        "Remarks": "MG For 4.0.1"
                    },
                    {
                        "Line": "22.1",
                        "Type": "SPOT",
                        "Scheduled Time": "6:30:00PM-7:00:00PM",
                        "Scheduled Day to Run": "missing",
                        "Air Date/Time": "02/07/20 06:40 pm (Fr)",
                        "Length": "00:30",
                        "Program": "Big Bang Theory 2",
                        "AD-ID / ISCI": "MRBPFK3031EH",
                        "Amount": "$350.00",
                        "Remarks": "missing"
                    },
                    {
                        "Line": "23.0",
                        "Type": "News",
                        "Scheduled Time": "7:00:00AM-8:00:00AM",
                        "Scheduled Day to Run": "02/05/20 07:39 am (We)",
                        "Air Date/Time": "01:00",
                        "Length": "News-FOX Illinois Sunrise",
                        "Program": "MRBPSS618EH",
                        "AD-ID / ISCI": "$40.00",
                        "Amount": "MG For\\n10.1",
                        "Remarks": "10.2"
                    },
                    {
                        "Line": "missing",
                        "Type": "News",
                        "Scheduled Time": "7:00:00AM-8:00:00AM",
                        "Scheduled Day to Run": "02/06/20 07:58 am (Th)",
                        "Air Date/Time": "01:00",
                        "Length": "News-FOX Illinois Sunrise",
                        "Program": "MRBPSS618EH",
                        "AD-ID / ISCI": "$40.00",
                        "Amount": "MG For\\n10.1",
                        "Remarks": "10.2"
                    },
                    {
                        "Line": "24.0",
                        "Type": "SPOT",
                        "Scheduled Time": "9:00:00AM-10:00:00AM",
                        "Scheduled Day to Run": "02/06/20 09:50 am (Th)",
                        "Air Date/Time": "01:00",
                        "Length": "Wendy Williams",
                        "Program": "MRBPSS618EH",
                        "AD-ID / ISCI": "$50.00",
                        "Amount": "MG For 3.0.1",
                        "Remarks": NaN
                    },
                    {
                        "Line": "25.0",
                        "Type": "SPOT",
                        "Scheduled Time": "4:00:00PM-4:30:00PM",
                        "Scheduled Day to Run": "02/05/20 04:24 pm (We)",
                        "Air Date/Time": "01:00",
                        "Length": "Judge Judy",
                        "Program": "MRBPSS618EH",
                        "AD-ID / ISCI": "$300.00",
                        "Amount": "MG For 5.0.1",
                        "Remarks": NaN
                    },
                    {
                        "Line": "26.0",
                        "Type": "News",
                        "Scheduled Time": "9:00:00PM-10:00:00PM",
                        "Scheduled Day to Run": "02/06/20 09:57 pm (Th)",
                        "Air Date/Time": "01:00",
                        "Length": "News-FOX Illinois News at 9p",
                        "Program": "MRBPSS618EH",
                        "AD-ID / ISCI": "$400.00",
                        "Amount": "MG For\\n10.0.1",
                        "Remarks": NaN
                    },
                    {
                        "Line": "27.0",
                        "Type": "SPOT",
                        "Scheduled Time": "12:00:00AM-12:30:00AM",
                        "Scheduled Day to Run": "02/06/20 12:24 am (Th)",
                        "Air Date/Time": "01:00",
                        "Length": "Access Hollywood",
                        "Program": "MRBPSS618EH",
                        "AD-ID / ISCI": "$30.00",
                        "Amount": "MG For\\n11.0.1",
                        "Remarks": NaN
                    },
                    {
                        "Line": "28.0",
                        "Type": "SPOT",
                        "Scheduled Time": "10:00:00PM-11:00:00PM",
                        "Scheduled Day to Run": "02/06/20 10:48 pm (Th)",
                        "Air Date/Time": "00:30",
                        "Length": "DailyMailTV 2",
                        "Program": "MRBPBK3031EH",
                        "AD-ID / ISCI": "$60.00",
                        "Amount": "missing",
                        "Remarks": NaN
                    },
                    {
                        "Line": "missing",
                        "Type": "SPOT",
                        "Scheduled Time": "10:00:00PM-11:00:00PM",
                        "Scheduled Day to Run": "02/07/20 10:29 pm (Fr)",
                        "Air Date/Time": "00:30",
                        "Length": "DailyMailTV",
                        "Program": "MRBPBK3030EH",
                        "AD-ID / ISCI": "$60.00",
                        "Amount": "missing",
                        "Remarks": NaN
                    },
                    {
                        "Line": "41.0",
                        "Type": "SPOT",
                        "Scheduled Time": "missing",
                        "Scheduled Day to Run": "02/08/20 (Sa)",
                        "Air Date/Time": "missing",
                        "Length": "1 preempt @$120.00",
                        "Program": "$0.00",
                        "AD-ID / ISCI": "Program\\nChange",
                        "Amount": NaN,
                        "Remarks": NaN
                    },
                    {
                        "Line": "42.0",
                        "Type": "SPOT",
                        "Scheduled Time": "missing",
                        "Scheduled Day to Run": "02/08/20 (Sa)",
                        "Air Date/Time": "missing",
                        "Length": "1 preempt @$120.00",
                        "Program": "$0.00",
                        "AD-ID / ISCI": "Program\\nChange",
                        "Amount": NaN,
                        "Remarks": NaN
                    },
                    {
                        "Line": "43.0",
                        "Type": "News",
                        "Scheduled Time": "9:00:00PM-9:30:00PM",
                        "Scheduled Day to Run": "Day",
                        "Air Date/Time": "Sa-1",
                        "Length": "02/08/20 09:23 pm (Sa)",
                        "Program": "01:00",
                        "AD-ID / ISCI": "News-FOX Illinois News at 9",
                        "Amount": "MRBPSS618EH",
                        "Remarks": "$300.00"
                    },
                    {
                        "Line": "44.0",
                        "Type": "News",
                        "Scheduled Time": "9:00:00PM-9:35:00PM",
                        "Scheduled Day to Run": "Day",
                        "Air Date/Time": "Su-1",
                        "Length": "02/09/20 09:24 pm (Su)",
                        "Program": "01:00",
                        "AD-ID / ISCI": "News-FOX Illinois News at 9",
                        "Amount": "MRBPSS618EH",
                        "Remarks": "$300.00"
                    }
                ]
            },
            {
                "type": "kv",
                "content": [
                    {
                        "Gross Total": "$5,050.00"
                    },
                    {
                        "Commission": "($757.50)"
                    },
                    {
                        "Sales Tax": "$0.00"
                    },
                    {
                        "NET TOTAL": "$4,292.50"
                    },
                    {
                        "Total Spots": "35"
                    },
                    {
                        "Due By": "2/9/2020"
                    }
                ]
            }
        ]
    },
    {
        "id": 2,
        "content": [
            {
                "type": "metadata",
                "content": "Sinclair Broadcast Group Inc\nC/O WRSP\nPO BOX 206270\nDALLAS TX 75320-6270\nOFFICIAL BILLING INVOICE\nPage 2 of 2\nWRSP+WCCU Combo 100/0 (WRSP+)\n"
            },
            {
                "type": "kv",
                "content": [
                    {
                        "Inv #": "6176196"
                    },
                    {
                        "Acct #": "7041"
                    },
                    {
                        "Invoice Date": "10/21/2018"
                    },
                    {
                        "Advertiser": "Women Vote (73434)"
                    },
                    {
                        "Agency": "Waterfront Strategies (7591)"
                    },
                    {
                        "Period": "10/15/2018 - 10/21/2018"
                    }
                ]
            },
            {
                "type": "table",
                "content": [
                    {
                        "Line": "missing",
                        "Type": "SPOT",
                        "Scheduled Time": "9:00:00PM-9:30:00PM",
                        "Scheduled Day to Run": "Per Week (5)",
                        "Air Date/Time": "Mo",
                        "Length": "Tu",
                        "Program": "We",
                        "AD-ID / ISCI": "Th",
                        "Amount": "Fr",
                        "Remarks": "10/16/18 09:22 pm (Tu)"
                    },
                    {
                        "Line": "missing",
                        "Type": "SPOT",
                        "Scheduled Time": "9:00:00PM-9:30:00PM",
                        "Scheduled Day to Run": "Per Week (5)",
                        "Air Date/Time": "Mo",
                        "Length": "Tu",
                        "Program": "We",
                        "AD-ID / ISCI": "Th",
                        "Amount": "Fr",
                        "Remarks": "10/17/18 09:14 pm (We)"
                    },
                    {
                        "Line": "12.1",
                        "Type": "SPOT",
                        "Scheduled Time": "9:30:00PM-10:00:00PM",
                        "Scheduled Day to Run": "Per Week (1)",
                        "Air Date/Time": "Mo",
                        "Length": "Tu",
                        "Program": "We",
                        "AD-ID / ISCI": "Th",
                        "Amount": "Fr",
                        "Remarks": "10/19/18 09:44 pm (Fr)"
                    },
                    {
                        "Line": "13.1",
                        "Type": "Prime",
                        "Scheduled Time": "8:00:00PM-9:00:00PM",
                        "Scheduled Day to Run": "Day",
                        "Air Date/Time": "Tu-1",
                        "Length": "10/16/18 08:45 pm (Tu)",
                        "Program": "00:30",
                        "AD-ID / ISCI": "FOX-Lethal Weapon (Tuesday)",
                        "Amount": "WV181-LI3-T02H",
                        "Remarks": "$500.00"
                    },
                    {
                        "Line": "14.0",
                        "Type": "Prime",
                        "Scheduled Time": "7:00:00PM-8:00:00PM",
                        "Scheduled Day to Run": "Day",
                        "Air Date/Time": "We-1",
                        "Length": "10/17/18 07:44 pm (We)",
                        "Program": "00:30",
                        "AD-ID / ISCI": "FOX-Empire (Wednesday)",
                        "Amount": "WV181-LI3-T02H",
                        "Remarks": "$800.00"
                    },
                    {
                        "Line": "15.0",
                        "Type": "SPOT",
                        "Scheduled Time": "9:00:00PM-9:35:00PM",
                        "Scheduled Day to Run": "Day",
                        "Air Date/Time": "Su-1",
                        "Length": "10/21/18 09:26 pm (Su)",
                        "Program": "00:30",
                        "AD-ID / ISCI": "News-FOX Springfield News at 9",
                        "Amount": "WV181-LI3-T02H",
                        "Remarks": "$300.00"
                    },
                    {
                        "Line": "16.0",
                        "Type": "Prime",
                        "Scheduled Time": "10:35:00PM-11:05:00PM",
                        "Scheduled Day to Run": "Day",
                        "Air Date/Time": "Su-1",
                        "Length": "10/21/18 10:57 pm (Su)",
                        "Program": "00:30",
                        "AD-ID / ISCI": "Sports-FOX NFL Game Day Prime",
                        "Amount": "WV181-LI3-T02H",
                        "Remarks": "$150.00"
                    },
                    {
                        "Line": "18.0",
                        "Type": "SPOT",
                        "Scheduled Time": "9:00:00PM-10:00:00PM",
                        "Scheduled Day to Run": "Day",
                        "Air Date/Time": "Fr-2",
                        "Length": "10/19/18 09:12 pm (Fr)",
                        "Program": "00:30",
                        "AD-ID / ISCI": "News-FOX Springfield News at 9",
                        "Amount": "WV181-LI3-T02H",
                        "Remarks": "$250.00"
                    },
                    {
                        "Line": "missing",
                        "Type": "SPOT",
                        "Scheduled Time": "9:00:00PM-10:00:00PM",
                        "Scheduled Day to Run": "Day",
                        "Air Date/Time": "Fr-2",
                        "Length": "10/19/18 09:52 pm (Fr)",
                        "Program": "00:30",
                        "AD-ID / ISCI": "News-FOX Springfield News at 9",
                        "Amount": "WV181-LI3-T02H",
                        "Remarks": "$250.00"
                    },
                    {
                        "Line": "19.0",
                        "Type": "SPOT",
                        "Scheduled Time": "missing",
                        "Scheduled Day to Run": "missing",
                        "Air Date/Time": "10/21/18 (Su)",
                        "Length": "missing",
                        "Program": "missing",
                        "AD-ID / ISCI": "2 preempts @$50.00",
                        "Amount": "$0.00",
                        "Remarks": "missing"
                    },
                    {
                        "Line": "20.0",
                        "Type": "Prime",
                        "Scheduled Time": "7:00:00PM-8:00:00PM",
                        "Scheduled Day to Run": "Day",
                        "Air Date/Time": "Fr-1",
                        "Length": "10/21/18 (Su)",
                        "Program": "00:30",
                        "AD-ID / ISCI": "FOX-Last Man Standing (Friday)",
                        "Amount": "WV181-LI3-T02H",
                        "Remarks": "$400.00"
                    }
                ]
            },
            {
                "type": "kv",
                "content": [
                    {
                        "Gross Total": "$10,110.00"
                    },
                    {
                        "Commission": "\"($1,516.50)\""
                    },
                    {
                        "Sales Tax": "$0.00"
                    },
                    {
                        "NET TOTAL": "$8,593.50"
                    },
                    {
                        "Total Spots": "33"
                    },
                    {
                        "Due By": "10/21/2018"
                    }
                ]
            }
        ]
    },
    {
        "id": 3,
        "content": [
            {
                "type": "metadata",
                "content": "Sinclair Broadcast Group Inc\nC/O WRSP\nPO BOX 206270\nDALLAS TX 75320-6270\nOFFICIAL BILLING INVOICE\nPage 2 of 2\nWRSP+WCCU Combo 100/0 (WRSP+)\n"
            },
            {
                "type": "kv",
                "content": [
                    {
                        "Inv #": "7748821"
                    },
                    {
                        "Acct #": "95523"
                    },
                    {
                        "Invoice Date": "10/4/2020"
                    },
                    {
                        "Advertiser": "Betsy Dirksen Londrigan for Congress-D (122283)"
                    },
                    {
                        "Agency": "Beacon Media (7261)"
                    },
                    {
                        "Period": "9/28/2020 - 10/4/2020"
                    }
                ]
            },
            {
                "type": "table",
                "content": [
                    {
                        "Line": 30.0,
                        "Type": "SPOT",
                        "Scheduled Time": "missing",
                        "Scheduled Day to Run": "missing",
                        "Air Date/Time": "10/04/20 (Su)",
                        "Length": "missing",
                        "Program": "missing",
                        "AD-ID / ISCI": "1 preempt @$75.00",
                        "Amount": "$0.00",
                        "Remarks": "Advertiser Separation"
                    },
                    {
                        "Line": 31.0,
                        "Type": "SPOT",
                        "Scheduled Time": "10:35:00PM-11:05:00PM",
                        "Scheduled Day to Run": "Day,Su-1",
                        "Air Date/Time": "10/04/20 10:45 pm (Su)",
                        "Length": "00:30",
                        "Program": "Big Bang Theory Wknd 4",
                        "AD-ID / ISCI": "BL1020H",
                        "Amount": "$75.00",
                        "Remarks": "missing"
                    },
                    {
                        "Line": 32.0,
                        "Type": "SPOT",
                        "Scheduled Time": "12:05:00AM-1:00:00AM",
                        "Scheduled Day to Run": "Day,Su-1",
                        "Air Date/Time": "10/04/20 12:54 am (Su)",
                        "Length": "00:30",
                        "Program": "TMZ WKND",
                        "AD-ID / ISCI": "BL1020H",
                        "Amount": "$10.00",
                        "Remarks": "missing"
                    }
                ]
            },
            {
                "type": "kv",
                "content": [
                    {
                        "Gross Total": "\"$1,835.00\""
                    },
                    {
                        "Commission": "($275.25)"
                    },
                    {
                        "Sales Tax": "$0.00"
                    },
                    {
                        "NET TOTAL": "\"$1,559.75\""
                    },
                    {
                        "Total Spots": "17"
                    },
                    {
                        "Due By": "10/4/2020"
                    }
                ]
            }
        ]
    }
]