[
    {
        "id": 1,
        "content": [
            {
                "type": "metadata",
                "content": "Shorr Johnson Magnus\n100 N. 20th Street\nSuite 201\nPhiladelphia, PA 19103\nJohnstown (ABC) (WATM)\nDUPLICATE INVOICE\n"
            },
            {
                "type": "kv",
                "content": [
                    {
                        "Remit": "WCP/WATM/ThisTV\\n90 Lulay Street, Suite 1\\nJohnstown, PA 15904"
                    },
                    {
                        "ph": "(814) 266-8088"
                    },
                    {
                        "fx": "(814) 266-7749"
                    },
                    {
                        "Advertiser": "Poli/Tom Wolf for Governor (2168)"
                    },
                    {
                        "Agency": "Shorr Johnson Magnus (1383)"
                    },
                    {
                        "Buyer": "Mike, D'Ettorre"
                    },
                    {
                        "Salesperson": "Phila, KATZ (1050)"
                    },
                    {
                        "Phonphe": "(0) -"
                    },
                    {
                        "Special Handling": "None"
                    },
                    {
                        "Product": "Political - Candidate (1060)"
                    },
                    {
                        "Brand": "General Election (18878)"
                    },
                    {
                        "Acct Types": "National/Political Agency"
                    },
                    {
                        "Est/External #": "248/ECR26112429"
                    },
                    {
                        "Demo": "missing"
                    },
                    {
                        "Revision": "missing"
                    },
                    {
                        "Comments": "General Election"
                    },
                    {
                        "Separation": "30"
                    },
                    {
                        "Invoice": "171880"
                    },
                    {
                        "Invoice Date": "8/5/2018"
                    },
                    {
                        "Terms": "Cash In Advance"
                    },
                    {
                        "Contract": "38795"
                    },
                    {
                        "Bill Type": "Weekly/Irregular"
                    },
                    {
                        "Period": "7/30/2018 - 8/5/2018"
                    },
                    {
                        "CO-OP/Order Type": "No/Normal"
                    },
                    {
                        "Gen. Date": "8/27/2018 2:18:54 PM"
                    }
                ]
            },
            {
                "type": "table",
                "content": [
                    {
                        "Line": "missing",
                        "Type": "SPOT",
                        "Scheduled": "20122-Wheel of Fortune",
                        "Schedule Days to Run": "Per week (1),Mo",
                        "Air Time": "07/30/18 7:42PM (Mo)",
                        "Length": "00:30",
                        "Program": "Wheel of Fortune",
                        "Copy/ISCI": "TW-TV18-05H",
                        "Amount": "$275.00",
                        "Remarks": "missing"
                    },
                    {
                        "Line": "missing",
                        "Type": "SPOT",
                        "Scheduled": "20121-Jeopardy",
                        "Schedule Days to Run": "Per week (1),Mo",
                        "Air Time": "07/30/18 7:06PM (Mo)",
                        "Length": "00:30",
                        "Program": "Jeopardy",
                        "Copy/ISCI": "TW-TV18-13H",
                        "Amount": "$275.00",
                        "Remarks": "missing"
                    }
                ]
            },
            {
                "type": "kv",
                "content": [
                    {
                        "Gross Total": "$550.00"
                    },
                    {
                        "Comission": "($82.50)"
                    },
                    {
                        "Net Total": "$467.50"
                    }
                ]
            }
        ]
    },
    {
        "id": 2,
        "content": [
            {
                "type": "metadata",
                "content": "Shorr Johnson Magnus\n100 N. 20th Street\nSuite 201\nPhiladelphia, PA 19103\nJohnstown (ABC) (WATM)\nDUPLICATE INVOICE\n"
            },
            {
                "type": "kv",
                "content": [
                    {
                        "Remit": "WCP/WATM/ThisTV\\n90 Lulay Street, Suite 1\\nJohnstown, PA 15904"
                    },
                    {
                        "ph": "(814) 266-8088"
                    },
                    {
                        "fx": "(814) 266-7749"
                    },
                    {
                        "Advertiser": "Poli/Tom Wolf for Governor (2168)"
                    },
                    {
                        "Agency": "Shorr Johnson Magnus (1383)"
                    },
                    {
                        "Buyer": "Mike, D'Ettorre"
                    },
                    {
                        "Salesperson": "Phila, KATZ (1050)"
                    },
                    {
                        "Phonphe": "(0) -"
                    },
                    {
                        "Special Handling": "None"
                    },
                    {
                        "Product": "Political - Candidate (1060)"
                    },
                    {
                        "Brand": "General Election (19111)"
                    },
                    {
                        "Acct Types": "National/Political Agency"
                    },
                    {
                        "Est/External #": "251/ECR26116565"
                    },
                    {
                        "Demo": "missing"
                    },
                    {
                        "Revision": "missing"
                    },
                    {
                        "Comments": "General Election"
                    },
                    {
                        "Separation": "30"
                    },
                    {
                        "Invoice": "171880"
                    },
                    {
                        "Invoice Date": "8/12/2018"
                    },
                    {
                        "Terms": "Cash In Advance"
                    },
                    {
                        "Contract": "38795"
                    },
                    {
                        "Bill Type": "Weekly/Irregular"
                    },
                    {
                        "Period": "7/30/2018 - 8/12/2018"
                    },
                    {
                        "CO-OP/Order Type": "No/Normal"
                    },
                    {
                        "Gen. Date": "8/27/2018 2:18:54 PM"
                    }
                ]
            },
            {
                "type": "table",
                "content": [
                    {
                        "Line": "missing",
                        "Type": "SPOT",
                        "Scheduled": "20122-Wheel of Fortune",
                        "Schedule Days to Run": "Per week (1),Sa",
                        "Air Time": "08/04/18 7:37PM (Sa)",
                        "Length": "00:30",
                        "Program": "Wheel of Fortune",
                        "Copy/ISCI": "TW-TV18-16H",
                        "Amount": "$65.00",
                        "Remarks": "missing"
                    },
                    {
                        "Line": "missing",
                        "Type": "SPOT",
                        "Scheduled": "20121-Jeopardy",
                        "Schedule Days to Run": "Per week (1),Sa",
                        "Air Time": "08/04/18 7:07PM (Sa)",
                        "Length": "00:30",
                        "Program": "Jeopardy",
                        "Copy/ISCI": "TW-TV18-16H",
                        "Amount": "$65.00",
                        "Remarks": "missing"
                    },
                    {
                        "Line": "missing",
                        "Type": "SPOT",
                        "Scheduled": "20122-Wheel of Fortune",
                        "Schedule Days to Run": "Per week (1),Fr",
                        "Air Time": "08/03/18 7:40PM (Fr)",
                        "Length": "00:30",
                        "Program": "Wheel of Fortune",
                        "Copy/ISCI": "TW-TV18-13H",
                        "Amount": "$275.00",
                        "Remarks": "missing"
                    },
                    {
                        "Line": "missing",
                        "Type": "SPOT",
                        "Scheduled": "20121-Jeopardy",
                        "Schedule Days to Run": "Per week (1),Th",
                        "Air Time": "08/02/18 7:04PM (Th)",
                        "Length": "00:30",
                        "Program": "Jeopardy",
                        "Copy/ISCI": "TW-TV18-13H",
                        "Amount": "$275.00",
                        "Remarks": "missing"
                    },
                    {
                        "Line": "missing",
                        "Type": "SPOT",
                        "Scheduled": "23851-WATM News Centre",
                        "Schedule Days to Run": "Per week (1),Sa",
                        "Air Time": "08/04/18 11:10PM (Sa)",
                        "Length": "00:30",
                        "Program": "WATM News Centre (11PM)",
                        "Copy/ISCI": "TW-TV18-16H",
                        "Amount": "$75.00",
                        "Remarks": "missing"
                    },
                    {
                        "Line": "missing",
                        "Type": "SPOT",
                        "Scheduled": "20122-Wheel of Fortune",
                        "Schedule Days to Run": "Per week (1),Tu",
                        "Air Time": "07/31/18 7:47PM (Tu)",
                        "Length": "00:30",
                        "Program": "Wheel of Fortune",
                        "Copy/ISCI": "TW-TV18-05H",
                        "Amount": "$275.00",
                        "Remarks": "missing"
                    },
                    {
                        "Line": "missing",
                        "Type": "SPOT",
                        "Scheduled": "20122-Wheel of Fortune",
                        "Schedule Days to Run": "Per week (1),We",
                        "Air Time": "08/01/18 7:44PM (We)",
                        "Length": "00:30",
                        "Program": "Wheel of Fortune",
                        "Copy/ISCI": "TW-TV18-05H",
                        "Amount": "$275.00",
                        "Remarks": "missing"
                    },
                    {
                        "Line": "8.0",
                        "Type": "SPOT",
                        "Scheduled": "20122-Wheel of Fortune",
                        "Schedule Days to Run": "Per week (1),Th",
                        "Air Time": "08/02/18 7:49PM (Th)",
                        "Length": "00:30",
                        "Program": "Wheel of Fortune",
                        "Copy/ISCI": "TW-TV18-05H",
                        "Amount": "$275.00",
                        "Remarks": "missing"
                    },
                    {
                        "Line": "9.0",
                        "Type": "SPOT",
                        "Scheduled": "20122-Wheel of Fortune",
                        "Schedule Days to Run": "Per week (1),Mo",
                        "Air Time": "08/06/18 7:42PM (Mo)",
                        "Length": "00:30",
                        "Program": "Wheel of Fortune",
                        "Copy/ISCI": "TW-TV18-15H",
                        "Amount": "$275.00",
                        "Remarks": "missing"
                    },
                    {
                        "Line": "missing",
                        "Type": "SPOT",
                        "Scheduled": "20121-Jeopardy",
                        "Schedule Days to Run": "Per week (1),Tu",
                        "Air Time": "07/31/18 7:12PM (Tu)",
                        "Length": "00:30",
                        "Program": "Jeopardy",
                        "Copy/ISCI": "TW-TV18-13H",
                        "Amount": "$275.00",
                        "Remarks": "missing"
                    },
                    {
                        "Line": "missing",
                        "Type": "SPOT",
                        "Scheduled": "20121-Jeopardy",
                        "Schedule Days to Run": "Per week (1),We",
                        "Air Time": "08/01/18 7:13PM (We)",
                        "Length": "00:30",
                        "Program": "Jeopardy",
                        "Copy/ISCI": "TW-TV18-13H",
                        "Amount": "$275.00",
                        "Remarks": "missing"
                    },
                    {
                        "Line": "missing",
                        "Type": "SPOT",
                        "Scheduled": "20121-Jeopardy",
                        "Schedule Days to Run": "Per week (1),Fr",
                        "Air Time": "08/03/18 7:06PM (Fr)",
                        "Length": "00:30",
                        "Program": "Jeopardy",
                        "Copy/ISCI": "TW-TV18-13H",
                        "Amount": "$275.00",
                        "Remarks": "missing"
                    },
                    {
                        "Line": "missing",
                        "Type": "SPOT",
                        "Scheduled": "20121-Jeopardy",
                        "Schedule Days to Run": "Per week (1),Mo",
                        "Air Time": "08/06/18 7:06PM (Mo)",
                        "Length": "00:30",
                        "Program": "Jeopardy",
                        "Copy/ISCI": "TW-TV18-15H",
                        "Amount": "$275.00",
                        "Remarks": "missing"
                    },
                    {
                        "Line": "missing",
                        "Type": "SPOT",
                        "Scheduled": "20108-ABC Good Morning America",
                        "Schedule Days to Run": "Per week (1),Su",
                        "Air Time": "08/05/18 8:26AM (Su)",
                        "Length": "00:30",
                        "Program": "Good Morning America Weekend",
                        "Copy/ISCI": "TW-TV18-16H",
                        "Amount": "$60.00",
                        "Remarks": "missing"
                    }
                ]
            },
            {
                "type": "kv",
                "content": [
                    {
                        "Gross Total": "\"$3,015.00\""
                    },
                    {
                        "Comission": "($452.25)"
                    },
                    {
                        "Net Total": "\"$2,562.75\""
                    }
                ]
            }
        ]
    },
    {
        "id": 3,
        "content": [
            {
                "type": "metadata",
                "content": "Shorr Johnson Magnus\n100 N. 20th Street\nSuite 201\nPhiladelphia, PA 19103\nJohnstown (ABC) (WATM)\nDUPLICATE INVOICE\n"
            },
            {
                "type": "kv",
                "content": [
                    {
                        "Remit": "WCP/WATM/ThisTV\\n90 Lulay Street, Suite 1\\nJohnstown, PA 15904"
                    },
                    {
                        "ph": "(814) 266-8088"
                    },
                    {
                        "fx": "(814) 266-7749"
                    },
                    {
                        "Advertiser": "Poli/Tom Wolf for Governor (2168)"
                    },
                    {
                        "Agency": "Shorr Johnson Magnus (1383)"
                    },
                    {
                        "Buyer": "Mike, D'Ettorre"
                    },
                    {
                        "Salesperson": "Phila, KATZ (1050)"
                    },
                    {
                        "Phonphe": "(0) -"
                    },
                    {
                        "Special Handling": "None"
                    },
                    {
                        "Product": "Political - Candidate (1060)"
                    },
                    {
                        "Brand": "General Election (19600)"
                    },
                    {
                        "Acct Types": "National/Political Agency"
                    },
                    {
                        "Est/External #": "272/ECR26126970"
                    },
                    {
                        "Demo": "missing"
                    },
                    {
                        "Revision": "missing"
                    },
                    {
                        "Comments": "General Election"
                    },
                    {
                        "Separation": "30"
                    },
                    {
                        "Invoice": "171890"
                    },
                    {
                        "Invoice Date": "8/26/2018"
                    },
                    {
                        "Terms": "Cash In Advance"
                    },
                    {
                        "Contract": "39014"
                    },
                    {
                        "Bill Type": "Weekly/Irregular"
                    },
                    {
                        "Period": "7/30/2018 - 8/26/2018"
                    },
                    {
                        "CO-OP/Order Type": "No/Normal"
                    },
                    {
                        "Gen. Date": "8/27/2018 2:19:02 PM"
                    }
                ]
            },
            {
                "type": "table",
                "content": [
                    {
                        "Line": "missing",
                        "Type": "SPOT",
                        "Scheduled": "20122-Wheel of Fortune",
                        "Schedule Days to Run": "Per week (1),Sa",
                        "Air Time": "08/18/18 7:47PM (Sa)",
                        "Length": "00:30",
                        "Program": "Wheel of Fortune",
                        "Copy/ISCI": "TW-TV18-15H",
                        "Amount": "$65.00",
                        "Remarks": "missing"
                    },
                    {
                        "Line": "missing",
                        "Type": "SPOT",
                        "Scheduled": "20121-Jeopardy",
                        "Schedule Days to Run": "Per week (1),Sa",
                        "Air Time": "08/18/18 7:06PM (Sa)",
                        "Length": "00:30",
                        "Program": "Jeopardy",
                        "Copy/ISCI": "TW-TV18-15H",
                        "Amount": "$65.00",
                        "Remarks": "missing"
                    },
                    {
                        "Line": "missing",
                        "Type": "SPOT",
                        "Scheduled": "20122-Wheel of Fortune",
                        "Schedule Days to Run": "Per week (1),Tu",
                        "Air Time": "08/14/18 7:45PM (Tu)",
                        "Length": "00:30",
                        "Program": "Wheel of Fortune",
                        "Copy/ISCI": "TW-TV18-15H",
                        "Amount": "$275.00",
                        "Remarks": "missing"
                    },
                    {
                        "Line": "missing",
                        "Type": "SPOT",
                        "Scheduled": "20122-Wheel of Fortune",
                        "Schedule Days to Run": "Per week (1),We",
                        "Air Time": "08/15/18 7:39PM (We)",
                        "Length": "00:30",
                        "Program": "Wheel of Fortune",
                        "Copy/ISCI": "TW-TV18-16H",
                        "Amount": "$275.00",
                        "Remarks": "missing"
                    },
                    {
                        "Line": "missing",
                        "Type": "SPOT",
                        "Scheduled": "20122-Wheel of Fortune",
                        "Schedule Days to Run": "Per week (1),Th",
                        "Air Time": "08/16/18 7:42PM (Th)",
                        "Length": "00:30",
                        "Program": "Wheel of Fortune",
                        "Copy/ISCI": "TW-TV18-16H",
                        "Amount": "$275.00",
                        "Remarks": "missing"
                    },
                    {
                        "Line": "missing",
                        "Type": "SPOT",
                        "Scheduled": "20122-Wheel of Fortune",
                        "Schedule Days to Run": "Per week (1),Fr",
                        "Air Time": "08/17/18 7:43PM (Fr)",
                        "Length": "00:30",
                        "Program": "Wheel of Fortune",
                        "Copy/ISCI": "TW-TV18-15H",
                        "Amount": "$275.00",
                        "Remarks": "missing"
                    },
                    {
                        "Line": "missing",
                        "Type": "SPOT",
                        "Scheduled": "20122-Wheel of Fortune",
                        "Schedule Days to Run": "Per week (1),Mo",
                        "Air Time": "08/20/18 7:48PM (Mo)",
                        "Length": "00:30",
                        "Program": "Wheel of Fortune",
                        "Copy/ISCI": "TW-TV18-15H",
                        "Amount": "$275.00",
                        "Remarks": "missing"
                    },
                    {
                        "Line": "missing",
                        "Type": "SPOT",
                        "Scheduled": "20121-Jeopardy",
                        "Schedule Days to Run": "Per week (1),Tu",
                        "Air Time": "08/14/18 7:06PM (Tu)",
                        "Length": "00:30",
                        "Program": "Jeopardy",
                        "Copy/ISCI": "TW-TV18-16H",
                        "Amount": "$275.00",
                        "Remarks": "missing"
                    },
                    {
                        "Line": "missing",
                        "Type": "SPOT",
                        "Scheduled": "20121-Jeopardy",
                        "Schedule Days to Run": "Per week (1),We",
                        "Air Time": "08/15/18 7:06PM (We)",
                        "Length": "00:30",
                        "Program": "Jeopardy",
                        "Copy/ISCI": "TW-TV18-16H",
                        "Amount": "$275.00",
                        "Remarks": "missing"
                    },
                    {
                        "Line": "missing",
                        "Type": "SPOT",
                        "Scheduled": "20121-Jeopardy",
                        "Schedule Days to Run": "Per week (1),Th",
                        "Air Time": "08/16/18 7:06PM (Th)",
                        "Length": "00:30",
                        "Program": "Jeopardy",
                        "Copy/ISCI": "TW-TV18-15H",
                        "Amount": "$275.00",
                        "Remarks": "missing"
                    },
                    {
                        "Line": "missing",
                        "Type": "SPOT",
                        "Scheduled": "20121-Jeopardy",
                        "Schedule Days to Run": "Per week (1),Fr",
                        "Air Time": "08/17/18 7:05PM (Fr)",
                        "Length": "00:30",
                        "Program": "Jeopardy",
                        "Copy/ISCI": "TW-TV18-15H",
                        "Amount": "$275.00",
                        "Remarks": "missing"
                    },
                    {
                        "Line": "missing",
                        "Type": "SPOT",
                        "Scheduled": "20121-Jeopardy",
                        "Schedule Days to Run": "Per week (1),Mo",
                        "Air Time": "08/20/18 7:13PM (Mo)",
                        "Length": "00:30",
                        "Program": "Jeopardy",
                        "Copy/ISCI": "TW-TV18-15H",
                        "Amount": "$275.00",
                        "Remarks": "missing"
                    },
                    {
                        "Line": "missing",
                        "Type": "SPOT",
                        "Scheduled": "23851-WATM News Centre",
                        "Schedule Days to Run": "Per week (1),Sa",
                        "Air Time": "08/18/18 11:22PM (Sa)",
                        "Length": "00:30",
                        "Program": "WATM News Centre (11PM)",
                        "Copy/ISCI": "TW-TV18-15H",
                        "Amount": "$75.00",
                        "Remarks": "missing"
                    },
                    {
                        "Line": "missing",
                        "Type": "SPOT",
                        "Scheduled": "20108-ABC Good Morning America",
                        "Schedule Days to Run": "Per week (1),Su",
                        "Air Time": "08/19/18 8:45AM (Su)",
                        "Length": "00:30",
                        "Program": "Good Morning America Weekend",
                        "Copy/ISCI": "TW-TV18-15H",
                        "Amount": "$60.00",
                        "Remarks": "missing"
                    }
                ]
            },
            {
                "type": "kv",
                "content": [
                    {
                        "Gross Total": "\"$3,015.00\""
                    },
                    {
                        "Comission": "($452.25)"
                    },
                    {
                        "Net Total": "\"$2,562.75\""
                    }
                ]
            }
        ]
    },
    {
        "id": 4,
        "content": [
            {
                "type": "metadata",
                "content": "Shorr Johnson Magnus\n100 N. 20th Street\nSuite 201\nPhiladelphia, PA 19103\nJohnstown (ABC) (WATM)\nDUPLICATE INVOICE\n"
            },
            {
                "type": "kv",
                "content": [
                    {
                        "Remit": "WCP/WATM/ThisTV\\n90 Lulay Street, Suite 1\\nJohnstown, PA 15904"
                    },
                    {
                        "ph": "(814) 266-8088"
                    },
                    {
                        "fx": "(814) 266-7749"
                    },
                    {
                        "Advertiser": "Poli/Tom Wolf for Governor (2168)"
                    },
                    {
                        "Agency": "Shorr Johnson Magnus (1383)"
                    },
                    {
                        "Buyer": "Mike, D'Ettorre"
                    },
                    {
                        "Salesperson": "Phila, KATZ (1050)"
                    },
                    {
                        "Phonphe": "(0) -"
                    },
                    {
                        "Special Handling": "None"
                    },
                    {
                        "Product": "Political - Candidate (1060)"
                    },
                    {
                        "Brand": "General Election (19865)"
                    },
                    {
                        "Acct Types": "National/Political Agency"
                    },
                    {
                        "Est/External #": "280/ECR26132839"
                    },
                    {
                        "Demo": "missing"
                    },
                    {
                        "Revision": "missing"
                    },
                    {
                        "Comments": "General Election"
                    },
                    {
                        "Separation": "30"
                    },
                    {
                        "Invoice": "171899"
                    },
                    {
                        "Invoice Date": "8/26/2018"
                    },
                    {
                        "Terms": "Cash In Advance"
                    },
                    {
                        "Contract": "39120"
                    },
                    {
                        "Bill Type": "Weekly/Irregular"
                    },
                    {
                        "Period": "7/30/2018 - 8/26/2018"
                    },
                    {
                        "CO-OP/Order Type": "No/Normal"
                    },
                    {
                        "Gen. Date": "8/27/2018 2:19:02 PM"
                    }
                ]
            },
            {
                "type": "table",
                "content": [
                    {
                        "Line": "missing",
                        "Type": "SPOT",
                        "Scheduled": "20122-Wheel of Fortune",
                        "Schedule Days to Run": "Per week (1),Sa",
                        "Air Time": "08/25/18 7:49PM (Sa)",
                        "Length": "00:30",
                        "Program": "Wheel of Fortune",
                        "Copy/ISCI": "TW-TV18-18H",
                        "Amount": "$65.00",
                        "Remarks": "missing"
                    },
                    {
                        "Line": "missing",
                        "Type": "SPOT",
                        "Scheduled": "20121-Jeopardy",
                        "Schedule Days to Run": "Per week (1),Sa",
                        "Air Time": "08/25/18 7:13PM (Sa)",
                        "Length": "00:30",
                        "Program": "Jeopardy",
                        "Copy/ISCI": "TW-TV18-18H",
                        "Amount": "$65.00",
                        "Remarks": "missing"
                    },
                    {
                        "Line": "missing",
                        "Type": "SPOT",
                        "Scheduled": "20122-Wheel of Fortune",
                        "Schedule Days to Run": "Per week (1),Tu",
                        "Air Time": "08/21/18 7:53PM (Tu)",
                        "Length": "00:30",
                        "Program": "Wheel of Fortune",
                        "Copy/ISCI": "TW-TV18-15H",
                        "Amount": "$275.00",
                        "Remarks": "missing"
                    },
                    {
                        "Line": "missing",
                        "Type": "SPOT",
                        "Scheduled": "20122-Wheel of Fortune",
                        "Schedule Days to Run": "Per week (1),We",
                        "Air Time": "08/22/18 7:52PM (We)",
                        "Length": "00:30",
                        "Program": "Wheel of Fortune",
                        "Copy/ISCI": "TW-TV18-15H",
                        "Amount": "$275.00",
                        "Remarks": "missing"
                    },
                    {
                        "Line": "missing",
                        "Type": "SPOT",
                        "Scheduled": "20122-Wheel of Fortune",
                        "Schedule Days to Run": "Per week (1),Th",
                        "Air Time": "08/23/18 7:43PM (Th)",
                        "Length": "00:30",
                        "Program": "Wheel of Fortune",
                        "Copy/ISCI": "TW-TV18-15H",
                        "Amount": "$275.00",
                        "Remarks": "missing"
                    },
                    {
                        "Line": "missing",
                        "Type": "SPOT",
                        "Scheduled": "20122-Wheel of Fortune",
                        "Schedule Days to Run": "Per week (1),Fr",
                        "Air Time": "08/24/18 7:44PM (Fr)",
                        "Length": "00:30",
                        "Program": "Wheel of Fortune",
                        "Copy/ISCI": "TW-TV18-18H",
                        "Amount": "$275.00",
                        "Remarks": "missing"
                    },
                    {
                        "Line": "missing",
                        "Type": "SPOT",
                        "Scheduled": "20121-Jeopardy",
                        "Schedule Days to Run": "Per week (1),Tu",
                        "Air Time": "08/21/18 7:12PM (Tu)",
                        "Length": "00:30",
                        "Program": "Jeopardy",
                        "Copy/ISCI": "TW-TV18-15H",
                        "Amount": "$275.00",
                        "Remarks": "missing"
                    },
                    {
                        "Line": "missing",
                        "Type": "SPOT",
                        "Scheduled": "20121-Jeopardy",
                        "Schedule Days to Run": "Per week (1),We",
                        "Air Time": "08/22/18 7:06PM (We)",
                        "Length": "00:30",
                        "Program": "Jeopardy",
                        "Copy/ISCI": "TW-TV18-15H",
                        "Amount": "$275.00",
                        "Remarks": "missing"
                    },
                    {
                        "Line": "missing",
                        "Type": "SPOT",
                        "Scheduled": "20121-Jeopardy",
                        "Schedule Days to Run": "Per week (1),Th",
                        "Air Time": "08/23/18 7:06PM (Th)",
                        "Length": "00:30",
                        "Program": "Jeopardy",
                        "Copy/ISCI": "TW-TV18-15H",
                        "Amount": "$275.00",
                        "Remarks": "missing"
                    },
                    {
                        "Line": "missing",
                        "Type": "SPOT",
                        "Scheduled": "20121-Jeopardy",
                        "Schedule Days to Run": "Per week (1),Fr",
                        "Air Time": "08/24/18 7:06PM (Fr)",
                        "Length": "00:30",
                        "Program": "Jeopardy",
                        "Copy/ISCI": "TW-TV18-15H",
                        "Amount": "$275.00",
                        "Remarks": "missing"
                    },
                    {
                        "Line": "missing",
                        "Type": "SPOT",
                        "Scheduled": "23851-WATM News Centre",
                        "Schedule Days to Run": "Per week (1),Sa",
                        "Air Time": "08/25/18 11:08PM (Sa)",
                        "Length": "00:30",
                        "Program": "WATM News Centre (11PM)",
                        "Copy/ISCI": "TW-TV18-18H",
                        "Amount": "$75.00",
                        "Remarks": "missing"
                    },
                    {
                        "Line": "missing",
                        "Type": "SPOT",
                        "Scheduled": "20108-ABC Good Morning America",
                        "Schedule Days to Run": "Per week (1),Su",
                        "Air Time": "08/26/18 8:27AM (Su)",
                        "Length": "00:30",
                        "Program": "Good Morning America Weekend",
                        "Copy/ISCI": "TW-TV18-18H",
                        "Amount": "$60.00",
                        "Remarks": "missing"
                    }
                ]
            },
            {
                "type": "kv",
                "content": [
                    {
                        "Gross Total": "\"$2,465.00\""
                    },
                    {
                        "Comission": "($369.75)"
                    },
                    {
                        "Net Total": "\"$2,095.25\""
                    }
                ]
            }
        ]
    },
    {
        "id": 5,
        "content": [
            {
                "type": "metadata",
                "content": "Sage Media Planning and Placement Inc\n1322 G St SE\nWashington, DC 20003\nPortland ME (WPFO)\nOFFICIAL BILLING INVOICE\nREMIT TO Sinclair Broadcast\nc/o WPFO\nPO Box 206270\n\"Dallas, TX 75320-6270\"\nOFFICIAL BILLING INVOICE\n"
            },
            {
                "type": "kv",
                "content": [
                    {
                        "Advertiser": "Jared Golden for Congress CD2-D (124566)"
                    },
                    {
                        "Agency": "Sage Media Planning and Placement (2359)"
                    },
                    {
                        "Buyer": "\"PLACEMENT, MEDIA\""
                    },
                    {
                        "Salesperson": "\"TeleRep/PHL, Philadelphia (2992)\""
                    },
                    {
                        "Phone": "(610) 293-4100"
                    },
                    {
                        "Special Handling": "None"
                    },
                    {
                        "Product": "POLITICAL CANDIDATE (ns) (1186)"
                    },
                    {
                        "Brand": "NOVEMBER 2018 (1000591)"
                    },
                    {
                        "Acct Types": "National/Political Candidate Agency BRD"
                    },
                    {
                        "Est/External #": "6826/09302104"
                    },
                    {
                        "Invoice": "6231295"
                    },
                    {
                        "Inv Date": "11/4/2018"
                    },
                    {
                        "Terms": "CIA (Cash in Advance)"
                    },
                    {
                        "Contract": "3558812"
                    },
                    {
                        "Bill Type": "Weekly/Irregular"
                    },
                    {
                        "Period": "10/29/2018 - 11/4/2018"
                    },
                    {
                        "CO-OP/Order Type": "No/Normal"
                    },
                    {
                        "Gen. Date": "11/6/2018 8:39:09 AM"
                    },
                    {
                        "Demo": "missing"
                    },
                    {
                        "Revision": "missing"
                    },
                    {
                        "Comments": "GOLDEN FOR Congress"
                    }
                ]
            },
            {
                "type": "table",
                "content": [
                    {
                        "Line": "missing",
                        "Type": "SPOT",
                        "Scheduled": "FAMILY FEUD/FUNNY YOU-ASK",
                        "Schedule Days to Run": "Day,Th-2",
                        "Air Time": "11/01/18 4:10PM (Th)",
                        "Length": "00:30",
                        "Program": "The Doctors",
                        "Copy/ISCI": "JG1618H",
                        "Amount": "$100.00",
                        "Remarks": "missing"
                    },
                    {
                        "Line": "missing",
                        "Type": "SPOT",
                        "Scheduled": "FAMILY FEUD/FUNNY YOU-ASK",
                        "Schedule Days to Run": "Day,F-2",
                        "Air Time": "11/02/18 4:55PM (Fr)",
                        "Length": "00:30",
                        "Program": "The Doctors",
                        "Copy/ISCI": "JG1518H",
                        "Amount": "$100.00",
                        "Remarks": "missing"
                    },
                    {
                        "Line": "missing",
                        "Type": "SPOT",
                        "Scheduled": "FAMILY FEUD/FUNNY YOU-ASK",
                        "Schedule Days to Run": "Day,F-2",
                        "Air Time": "11/02/18 4:25PM (Fr)",
                        "Length": "00:30",
                        "Program": "The Doctors",
                        "Copy/ISCI": "JG1618H",
                        "Amount": "$100.00",
                        "Remarks": "missing"
                    },
                    {
                        "Line": "missing",
                        "Type": "SPOT",
                        "Scheduled": "FAMILY FEUD",
                        "Schedule Days to Run": "Day,Th-1",
                        "Air Time": "11/01/18 5:28PM (Th)",
                        "Length": "00:30",
                        "Program": "Daily Mail TV",
                        "Copy/ISCI": "JG1618H",
                        "Amount": "$150.00",
                        "Remarks": "missing"
                    },
                    {
                        "Line": "missing",
                        "Type": "SPOT",
                        "Scheduled": "FAMILY FEUD",
                        "Schedule Days to Run": "Day,F-2",
                        "Air Time": "11/02/18 4:59PM (Fr)",
                        "Length": "00:30",
                        "Program": "Daily Mail TV 2",
                        "Copy/ISCI": "JG1518H",
                        "Amount": "$150.00",
                        "Remarks": "missing"
                    },
                    {
                        "Line": "missing",
                        "Type": "SPOT",
                        "Scheduled": "FAMILY FEUD B",
                        "Schedule Days to Run": "Day,F-1",
                        "Air Time": "11/02/18 5:49PM (Th)",
                        "Length": "00:30",
                        "Program": "Page Six TV",
                        "Copy/ISCI": "JG1618H",
                        "Amount": "$150.00",
                        "Remarks": "missing"
                    },
                    {
                        "Line": "missing",
                        "Type": "SPOT",
                        "Scheduled": "FAMILY FEUD B",
                        "Schedule Days to Run": "Day,F-1",
                        "Air Time": "11/02/18 5:53PM (Fr)",
                        "Length": "00:30",
                        "Program": "Page Six TV",
                        "Copy/ISCI": "JG1618H",
                        "Amount": "$150.00",
                        "Remarks": "missing"
                    },
                    {
                        "Line": "missing",
                        "Type": "Prime",
                        "Scheduled": "AVG. ALL WKS",
                        "Schedule Days to Run": "Day,F-2",
                        "Air Time": "11/02/18 8:17PM (Fr)",
                        "Length": "00:30",
                        "Program": "FOX-Last Man Standing (Friday)",
                        "Copy/ISCI": "JG1618H",
                        "Amount": "$300.00",
                        "Remarks": "missing"
                    },
                    {
                        "Line": "missing",
                        "Type": "Prime",
                        "Scheduled": "AVG. ALL WKS",
                        "Schedule Days to Run": "Day,F-2",
                        "Air Time": "11/02/18 8:48PM (Fr)",
                        "Length": "00:30",
                        "Program": "FOX-The Cool Kids (Friday)",
                        "Copy/ISCI": "JG1618H",
                        "Amount": "$300.00",
                        "Remarks": "missing"
                    },
                    {
                        "Line": "missing",
                        "Type": "Prime",
                        "Scheduled": "SIMPSONS-FOX",
                        "Schedule Days to Run": "Day,Su-1",
                        "Air Time": "11/04/18 8:20PM (Su)",
                        "Length": "00:30",
                        "Program": "FOX-Simpsons (Sunday)",
                        "Copy/ISCI": "JG1618H",
                        "Amount": "$350.00",
                        "Remarks": "missing"
                    },
                    {
                        "Line": "missing",
                        "Type": "News",
                        "Scheduled": "GOOD DAY ME 1",
                        "Schedule Days to Run": "Day,Th-2",
                        "Air Time": "11/01/18 7:14AM (Th)",
                        "Length": "00:30",
                        "Program": "News-Good Day Maine",
                        "Copy/ISCI": "JG1618H",
                        "Amount": "$75.00",
                        "Remarks": "missing"
                    },
                    {
                        "Line": "missing",
                        "Type": "News",
                        "Scheduled": "BRKLYN 9-9-FOX",
                        "Schedule Days to Run": "Day,Su-1",
                        "Air Time": "11/04/18 9:00PM (Su)",
                        "Length": "00:30",
                        "Program": "FOX-Bobs Burgers (Sunday)",
                        "Copy/ISCI": "JG1618H",
                        "Amount": "$300.00",
                        "Remarks": "missing"
                    },
                    {
                        "Line": "missing",
                        "Type": "News",
                        "Scheduled": "FAMILY GUY-FOX",
                        "Schedule Days to Run": "Day,Su-1",
                        "Air Time": "11/04/18 9:21PM (Su)",
                        "Length": "00:30",
                        "Program": "FOX-Family Guy (Sunday)",
                        "Copy/ISCI": "JG1618H",
                        "Amount": "$300.00",
                        "Remarks": "missing"
                    },
                    {
                        "Line": "missing",
                        "Type": "News",
                        "Scheduled": "FOX23 NEWS-TEN<",
                        "Schedule Days to Run": "Day,Th-2",
                        "Air Time": "11/01/18 11:34PM (Th)",
                        "Length": "00:30",
                        "Program": "News-FOX23 News at 10 Delayed",
                        "Copy/ISCI": "JG1518H",
                        "Amount": "$800.00",
                        "Remarks": "missing"
                    },
                    {
                        "Line": "missing",
                        "Type": "News",
                        "Scheduled": "FOX23 NEWS-TEN<",
                        "Schedule Days to Run": "Day,Th-2",
                        "Air Time": "11/01/18 11:50PM (Th)",
                        "Length": "00:30",
                        "Program": "News-FOX23 News at 10 Delayed",
                        "Copy/ISCI": "JG1518H",
                        "Amount": "$800.00",
                        "Remarks": "missing"
                    },
                    {
                        "Line": "missing",
                        "Type": "News",
                        "Scheduled": "AVG. ALL WKS",
                        "Schedule Days to Run": "Day,Sa-1",
                        "Air Time": "11/03/18 11:45PM (Sa)",
                        "Length": "00:30",
                        "Program": "News-FOX23 News at 10 Delayed",
                        "Copy/ISCI": "JG1518H",
                        "Amount": "$800.00",
                        "Remarks": "missing"
                    },
                    {
                        "Line": "missing",
                        "Type": "News",
                        "Scheduled": "FOX23 NEWS-TEN<",
                        "Schedule Days to Run": "Day,Su-2",
                        "Air Time": "11/04/18 10:12PM (Su)",
                        "Length": "00:30",
                        "Program": "News-FOX23 News at 10",
                        "Copy/ISCI": "JG1518H",
                        "Amount": "$800.00",
                        "Remarks": "missing"
                    }
                ]
            }
        ]
    },
    {
        "id": 6,
        "content": [
            {
                "type": "metadata",
                "content": "Sage Media Planning and Placement Inc\n1322 G St SE\nWashington, DC 20003\nPortland ME (WPFO)\nOFFICIAL BILLING INVOICE\nREMIT TO Sinclair Broadcast\nc/o WPFO\nPO Box 206270\n\"Dallas, TX 75320-6270\"\nOFFICIAL BILLING INVOICE\n"
            },
            {
                "type": "kv",
                "content": [
                    {
                        "Advertiser": "Jared Golden for Congress CD2-D (124566)"
                    },
                    {
                        "Agency": "Sage Media Planning and Placement (2359)"
                    },
                    {
                        "Buyer": "\"PLACEMENT, MEDIA\""
                    },
                    {
                        "Salesperson": "\"TeleRep/PHL, Philadelphia (2992)\""
                    },
                    {
                        "Phone": "(610) 293-4100"
                    },
                    {
                        "Special Handling": "None"
                    },
                    {
                        "Product": "POLITICAL CANDIDATE (ns) (1186)"
                    },
                    {
                        "Brand": "NOVEMBER 2018 (1000591)"
                    },
                    {
                        "Acct Types": "National/Political Candidate Agency BRD"
                    },
                    {
                        "Est/External #": "6826/09302104"
                    },
                    {
                        "Invoice": "6231295"
                    },
                    {
                        "Inv Date": "11/4/2018"
                    },
                    {
                        "Terms": "CIA (Cash in Advance)"
                    },
                    {
                        "Contract": "3558812"
                    },
                    {
                        "Bill Type": "Weekly/Irregular"
                    },
                    {
                        "Period": "10/29/2018 - 11/4/2018"
                    },
                    {
                        "CO-OP/Order Type": "No/Normal"
                    },
                    {
                        "Gen. Date": "11/6/2018 8:39:09 AM"
                    },
                    {
                        "Demo": "missing"
                    },
                    {
                        "Revision": "missing"
                    }
                ]
            },
            {
                "type": "table",
                "content": [
                    {
                        "Line": "missing",
                        "Type": "News",
                        "Scheduled": "10:00:00PM-11:00:00",
                        "Schedule Days to Run": "Day,Su-2",
                        "Air Time": "11/04/18 10:35 (Su)",
                        "Length": "00:30",
                        "Program": "News-FOX23 News at 10",
                        "Copy/ISCI": "JG168H",
                        "Amount": "$800.00",
                        "Remarks": "missing"
                    },
                    {
                        "Line": "missing",
                        "Type": "SPOT",
                        "Scheduled": "VARIOUS",
                        "Schedule Days to Run": "Day,Th-1",
                        "Air Time": "11/01/18 12:25AM (Th)",
                        "Length": "00:30",
                        "Program": "Two And A Half Men",
                        "Copy/ISCI": "JG1618H",
                        "Amount": "$50.00",
                        "Remarks": "missing"
                    },
                    {
                        "Line": "missing",
                        "Type": "SPOT",
                        "Scheduled": "VARIOUS",
                        "Schedule Days to Run": "Day,F-1",
                        "Air Time": "11/02/18 11:18PM (Fr)",
                        "Length": "00:30",
                        "Program": "Daily Mail TV",
                        "Copy/ISCI": "JG1618H",
                        "Amount": "$25.00",
                        "Remarks": "missing"
                    },
                    {
                        "Line": "missing",
                        "Type": "News",
                        "Scheduled": "GOOD DAY ME 1",
                        "Schedule Days to Run": "Day,F-2",
                        "Air Time": "11/02/18 7:22AM (Fr)",
                        "Length": "00:30",
                        "Program": "News-Good Day Maine",
                        "Copy/ISCI": "JG1518H",
                        "Amount": "$75.00",
                        "Remarks": "missing"
                    },
                    {
                        "Line": "missing",
                        "Type": "News",
                        "Scheduled": "AVG. ALL WKS",
                        "Schedule Days to Run": "Day,Sa-3",
                        "Air Time": "11/03/18 12:04AM (Sa)",
                        "Length": "00:30",
                        "Program": "The Nite Show",
                        "Copy/ISCI": "JG1618H",
                        "Amount": "$150.00",
                        "Remarks": "missing"
                    },
                    {
                        "Line": "missing",
                        "Type": "Football",
                        "Scheduled": "FOX EARLY COLL FTBL",
                        "Schedule Days to Run": "Day,Sa-3",
                        "Air Time": "11/03/18 1:50PM (Sa)",
                        "Length": "00:30",
                        "Program": "Sports-FOX College Football Early",
                        "Copy/ISCI": "JG1618H",
                        "Amount": "$75.00",
                        "Remarks": "missing"
                    },
                    {
                        "Line": "missing",
                        "Type": "Football",
                        "Scheduled": "FOX EARLY COLL FTBL",
                        "Schedule Days to Run": "Day,Sa-3",
                        "Air Time": "11/03/18 3:45PM (Sa)",
                        "Length": "00:30",
                        "Program": "Sports-FOX College Football Early",
                        "Copy/ISCI": "JG1618H",
                        "Amount": "$75.00",
                        "Remarks": "missing"
                    },
                    {
                        "Line": "missing",
                        "Type": "Football",
                        "Scheduled": "AVG. ALL WKS",
                        "Schedule Days to Run": "Day,Sa-3",
                        "Air Time": "11/03/18 5:47PM (Sa)",
                        "Length": "00:30",
                        "Program": "Sports-FOX College Football Late",
                        "Copy/ISCI": "JG1618H",
                        "Amount": "$75.00",
                        "Remarks": "missing"
                    },
                    {
                        "Line": "missing",
                        "Type": "Football",
                        "Scheduled": "AVG. ALL WKS",
                        "Schedule Days to Run": "Day,Sa-3",
                        "Air Time": "11/03/18 9:20PM (Sa)",
                        "Length": "00:30",
                        "Program": "Sports-FOX College Football Prime",
                        "Copy/ISCI": "JG1618H",
                        "Amount": "$75.00",
                        "Remarks": "missing"
                    },
                    {
                        "Line": "missing",
                        "Type": "News",
                        "Scheduled": "FOX NWS SUNDAY",
                        "Schedule Days to Run": "Day,Su-2",
                        "Air Time": "11/04/18 9:32AM (Su)",
                        "Length": "00:30",
                        "Program": "FOX-Fox News Sunday",
                        "Copy/ISCI": "JG1518H",
                        "Amount": "$400.00",
                        "Remarks": "missing"
                    },
                    {
                        "Line": "missing",
                        "Type": "SPOT",
                        "Scheduled": "HOT BENCH B",
                        "Schedule Days to Run": "Day,Th-2",
                        "Air Time": "11/01/18 3:07PM (Th)",
                        "Length": "00:30",
                        "Program": "Hot Bench",
                        "Copy/ISCI": "JG1618H",
                        "Amount": "$75.00",
                        "Remarks": "missing"
                    },
                    {
                        "Line": "missing",
                        "Type": "SPOT",
                        "Scheduled": "HOT BENCH B",
                        "Schedule Days to Run": "Day,F-2",
                        "Air Time": "11/02/18 3:28PM (Fr)",
                        "Length": "00:30",
                        "Program": "Hot Bench",
                        "Copy/ISCI": "JG1618H",
                        "Amount": "$75.00",
                        "Remarks": "missing"
                    },
                    {
                        "Line": "missing",
                        "Type": "Football",
                        "Scheduled": "NFL 1P",
                        "Schedule Days to Run": "Day,Su-2",
                        "Air Time": "11/04/18 3:24PM (Su)",
                        "Length": "00:30",
                        "Program": "Sports-FOX NFL Early Game",
                        "Copy/ISCI": "JG1618H",
                        "Amount": "$775.00",
                        "Remarks": "missing"
                    },
                    {
                        "Line": "missing",
                        "Type": "Football",
                        "Scheduled": "NFL 4P",
                        "Schedule Days to Run": "Day,Su-2",
                        "Air Time": "11/04/18 6:48PM (Su)",
                        "Length": "00:30",
                        "Program": "Sports-FOX NFL Late Game",
                        "Copy/ISCI": "JG1618H",
                        "Amount": "$1,400.00",
                        "Remarks": "missing"
                    }
                ]
            }
        ]
    }
]