[
    {
        "id": 1,
        "content": [
            {
                "type": "metadata",
                "content": "WOC12728878 [00.00]\nOrder Printout\nGenerated by WO Platform\nWideOrbit Inc.\nPage 1 of 2\nNET COST Electronic invoices preferred. TVinvoices.com EI Number: 9912521Marketron Code: EI141074\nList Items\nSpots\nTotals\n"
            },
            {
                "type": "kv",
                "content": [
                    {
                        "Order Status": "Confirmed"
                    },
                    {
                        "Traffic #": "2092810"
                    },
                    {
                        "Buyer Order #": "10030376"
                    },
                    {
                        "AE": "Aleesha Maewall"
                    },
                    {
                        "Property": "KCEN TV"
                    },
                    {
                        "Sales Region": "National"
                    },
                    {
                        "Start/End Dates": "10/21/20 - 10/27/20"
                    },
                    {
                        "Agency": "NEBO"
                    },
                    {
                        "Advertiser": "Judicial Fairness PAC"
                    },
                    {
                        "Buyer": "missing"
                    },
                    {
                        "Primary Demo": "missing"
                    },
                    {
                        "C/P/E": "632 / 717 / 7583"
                    },
                    {
                        "Product Desc.": "issue"
                    },
                    {
                        "Estimate Desc.": "JFP 10.21-10.27"
                    },
                    {
                        "Total Cost": "\"$12,065.00 (Cash)\""
                    },
                    {
                        "Received Date": "10/02/20 12:15 PM"
                    },
                    {
                        "Comments": "missing"
                    },
                    {
                        "Terms Of Sale": "missing"
                    }
                ]
            },
            {
                "type": "table",
                "content": [
                    {
                        "Line": 1,
                        "Program": "TEXAS TODAY II",
                        "ST": "NM",
                        "Len": ":30",
                        "Time": "6:00 AM-7:00 AM",
                        "Days\\nWTFSSMT": "--F-----",
                        "Rate": "440.00",
                        "Oct\\n21": 1,
                        "Total\\nSpots": "440.00",
                        "Total Cost": NaN
                    },
                    {
                        "Line": 1,
                        "Program": "TEXAS TODAY II",
                        "ST": "NM",
                        "Len": ":30",
                        "Time": "6:00 AM-7:00 AM",
                        "Days\\nWTFSSMT": "-T-----",
                        "Rate": "440.00",
                        "Oct\\n21": 1,
                        "Total\\nSpots": "440.00",
                        "Total Cost": NaN
                    },
                    {
                        "Line": 1,
                        "Program": "TEXAS TODAY II",
                        "ST": "NM",
                        "Len": ":30",
                        "Time": "6:00 AM-7:00 AM",
                        "Days\\nWTFSSMT": "-----M-",
                        "Rate": "440.00",
                        "Oct\\n21": 1,
                        "Total\\nSpots": "440.00",
                        "Total Cost": NaN
                    },
                    {
                        "Line": 2,
                        "Program": "JEOPARDY<",
                        "ST": "NM",
                        "Len": ":30",
                        "Time": "4:30 PM-5:00 PM",
                        "Days\\nWTFSSMT": "-T-----",
                        "Rate": "480.00",
                        "Oct\\n21": 1,
                        "Total\\nSpots": "480.00",
                        "Total Cost": NaN
                    },
                    {
                        "Line": 2,
                        "Program": "JEOPARDY<",
                        "ST": "NM",
                        "Len": ":30",
                        "Time": "4:30 PM-5:00 PM",
                        "Days\\nWTFSSMT": "-----M-",
                        "Rate": "480.00",
                        "Oct\\n21": 1,
                        "Total\\nSpots": "480.00",
                        "Total Cost": NaN
                    },
                    {
                        "Line": 3,
                        "Program": "KCEN NEWS @ 5",
                        "ST": "NM",
                        "Len": ":30",
                        "Time": "5:00 PM-5:30 PM",
                        "Days\\nWTFSSMT": "--F-----",
                        "Rate": "675.00",
                        "Oct\\n21": 1,
                        "Total\\nSpots": "675.00",
                        "Total Cost": NaN
                    },
                    {
                        "Line": 3,
                        "Program": "KCEN NEWS @ 5",
                        "ST": "NM",
                        "Len": ":30",
                        "Time": "5:00 PM-5:30 PM",
                        "Days\\nWTFSSMT": "W------",
                        "Rate": "675.00",
                        "Oct\\n21": 1,
                        "Total\\nSpots": "675.00",
                        "Total Cost": NaN
                    },
                    {
                        "Line": 3,
                        "Program": "KCEN NEWS @ 5",
                        "ST": "NM",
                        "Len": ":30",
                        "Time": "5:00 PM-5:30 PM",
                        "Days\\nWTFSSMT": "------T",
                        "Rate": "675.00",
                        "Oct\\n21": 1,
                        "Total\\nSpots": "675.00",
                        "Total Cost": NaN
                    },
                    {
                        "Line": 4,
                        "Program": "KCEN NEWS @ 6",
                        "ST": "NM",
                        "Len": ":30",
                        "Time": "6:00 PM-6:30 PM",
                        "Days\\nWTFSSMT": "-T-----",
                        "Rate": "980.00",
                        "Oct\\n21": 1,
                        "Total\\nSpots": "980.00",
                        "Total Cost": NaN
                    },
                    {
                        "Line": 5,
                        "Program": "WHEEL-FORTNE",
                        "ST": "NM",
                        "Len": ":30",
                        "Time": "6:30 PM-7:00 PM",
                        "Days\\nWTFSSMT": "--F-----",
                        "Rate": "1,980.00",
                        "Oct\\n21": 1,
                        "Total\\nSpots": "1,980.00",
                        "Total Cost": NaN
                    }
                ]
            },
            {
                "type": "kv",
                "content": [
                    {
                        "(Program": "TEXAS TODAY II)"
                    },
                    {
                        "(Program": "TEXAS TODAY II)"
                    },
                    {
                        "(Program": "TEXAS TODAY II)"
                    },
                    {
                        "(Program": "JEOPARDY<)"
                    },
                    {
                        "(Program": "JEOPARDY<)"
                    },
                    {
                        "(Program": "KCEN NEWS @ 5)"
                    },
                    {
                        "(Program": "KCEN NEWS @ 5)"
                    },
                    {
                        "(Program": "KCEN NEWS @ 5)"
                    },
                    {
                        "(Program": "KCEN NEWS @ 6)"
                    },
                    {
                        "(Program": "WHEEL-FORTNE)"
                    },
                    {
                        "Generated Date": "10/02/20 1:57 PM"
                    }
                ]
            },
            {
                "type": "metadata",
                "content": "Generated by WO Platform\nWideOrbit Inc.\nPage 1 of 2\n"
            }
        ]
    },
    {
        "id": 2,
        "content": [
            {
                "type": "metadata",
                "content": "WOC12498370 [00.00]\nOrder Printout\n"
            },
            {
                "type": "kv",
                "content": [
                    {
                        "Order Status": "Opened-New"
                    },
                    {
                        "Traffic #": "1619211"
                    },
                    {
                        "Buyer Order #": "9575879"
                    },
                    {
                        "AE": "Wausau House"
                    },
                    {
                        "Property": "WSAW TV"
                    },
                    {
                        "Sales Region": "Local"
                    },
                    {
                        "Start/End Dates": "05/06/20 - 05/12/20"
                    },
                    {
                        "Agency": "Flexpoint Media"
                    },
                    {
                        "Advertiser": "Tom Tiffany WICD-07"
                    },
                    {
                        "Buyer": "missing"
                    },
                    {
                        "Primary Demo": "missing"
                    },
                    {
                        "C/P/E": "136 / 159 / 945"
                    },
                    {
                        "Product Desc.": "WICD-07 Special 2020"
                    },
                    {
                        "Estimate Desc.": "05/06-05/12 Tiffany TV WI-7 Order"
                    },
                    {
                        "Total Cost": "\"$18,800.00 (Cash)\""
                    },
                    {
                        "Received Date": "5/05/20 8:29 AM"
                    },
                    {
                        "Comments": "missing"
                    },
                    {
                        "Separation: 30": ""
                    },
                    {
                        "Terms Of Sale": "missing"
                    }
                ]
            },
            {
                "type": "table",
                "content": [
                    {
                        "Line": 1,
                        "Program": "SUNRISE 7 6-6:30A",
                        "ST": "NM",
                        "Len": ":30",
                        "Time": "6:15 AM-6:30 AM",
                        "Days\\nWTFSSMT": "-T-----",
                        "Rate": 200.0,
                        "May\\n6": 1,
                        "Total\\nSpots": 200.0,
                        "Total Cost": NaN
                    },
                    {
                        "Line": 1,
                        "Program": "SUNRISE 7 6-6:30A",
                        "ST": "NM",
                        "Len": ":30",
                        "Time": "6:15 AM-6:30 AM",
                        "Days\\nWTFSSMT": "W------",
                        "Rate": 200.0,
                        "May\\n6": 1,
                        "Total\\nSpots": 200.0,
                        "Total Cost": NaN
                    },
                    {
                        "Line": 1,
                        "Program": "SUNRISE 7 6-6:30A",
                        "ST": "NM",
                        "Len": ":30",
                        "Time": "6:15 AM-6:30 AM",
                        "Days\\nWTFSSMT": "-----M-",
                        "Rate": 200.0,
                        "May\\n6": 1,
                        "Total\\nSpots": 200.0,
                        "Total Cost": NaN
                    },
                    {
                        "Line": 2,
                        "Program": "SUNRISE 7 6:30-7A",
                        "ST": "NM",
                        "Len": ":30",
                        "Time": "6:45 AM-7:00 AM",
                        "Days\\nWTFSSMT": "W------",
                        "Rate": 300.0,
                        "May\\n6": 1,
                        "Total\\nSpots": 300.0,
                        "Total Cost": NaN
                    },
                    {
                        "Line": 2,
                        "Program": "SUNRISE 7 6:30-7A",
                        "ST": "NM",
                        "Len": ":30",
                        "Time": "6:45 AM-7:00 AM",
                        "Days\\nWTFSSMT": "--F-----",
                        "Rate": 300.0,
                        "May\\n6": 1,
                        "Total\\nSpots": 300.0,
                        "Total Cost": NaN
                    },
                    {
                        "Line": 2,
                        "Program": "SUNRISE 7 6:30-7A",
                        "ST": "NM",
                        "Len": ":30",
                        "Time": "6:45 AM-7:00 AM",
                        "Days\\nWTFSSMT": "-----M-",
                        "Rate": 300.0,
                        "May\\n6": 1,
                        "Total\\nSpots": 300.0,
                        "Total Cost": NaN
                    },
                    {
                        "Line": 2,
                        "Program": "SUNRISE 7 6:30-7A",
                        "ST": "NM",
                        "Len": ":30",
                        "Time": "6:45 AM-7:00 AM",
                        "Days\\nWTFSSMT": "------T",
                        "Rate": 300.0,
                        "May\\n6": 1,
                        "Total\\nSpots": 300.0,
                        "Total Cost": NaN
                    },
                    {
                        "Line": 3,
                        "Program": "CBS THIS MORNING",
                        "ST": "NM",
                        "Len": ":30",
                        "Time": "7:00 AM-9:00 AM",
                        "Days\\nWTFSSMT": "-T-----",
                        "Rate": 250.0,
                        "May\\n6": 1,
                        "Total\\nSpots": 250.0,
                        "Total Cost": NaN
                    },
                    {
                        "Line": 3,
                        "Program": "CBS THIS MORNING",
                        "ST": "NM",
                        "Len": ":30",
                        "Time": "7:00 AM-9:00 AM",
                        "Days\\nWTFSSMT": "--F-----",
                        "Rate": 250.0,
                        "May\\n6": 1,
                        "Total\\nSpots": 250.0,
                        "Total Cost": NaN
                    },
                    {
                        "Line": 3,
                        "Program": "CBS THIS MORNING",
                        "ST": "NM",
                        "Len": ":30",
                        "Time": "7:00 AM-9:00 AM",
                        "Days\\nWTFSSMT": "W------",
                        "Rate": 250.0,
                        "May\\n6": 1,
                        "Total\\nSpots": 250.0,
                        "Total Cost": NaN
                    }
                ]
            },
            {
                "type": "kv",
                "content": [
                    {
                        "(Program": "SUNRISE 7 6-6:30A)WSAW 2Q20"
                    },
                    {
                        "(Program": "SUNRISE 7 6-6:30A)WSAW 2Q20"
                    },
                    {
                        "(Program": "SUNRISE 7 6-6:30A)WSAW 2Q20"
                    },
                    {
                        "(Program": "SUNRISE 7 6:30-7A)WSAW 2Q20"
                    },
                    {
                        "(Program": "SUNRISE 7 6:30-7A)WSAW 2Q20"
                    },
                    {
                        "(Program": "SUNRISE 7 6:30-7A)WSAW 2Q20"
                    },
                    {
                        "(Program": "SUNRISE 7 6:30-7A)WSAW 2Q20"
                    },
                    {
                        "(Program": "CBS THIS MORNING)WSAW 2Q20"
                    },
                    {
                        "(Program": "CBS THIS MORNING)WSAW 2Q20"
                    },
                    {
                        "(Program": "CBS THIS MORNING)WSAW 2Q20"
                    },
                    {
                        "Generated Date": "5/05/20 9:22 AM"
                    }
                ]
            },
            {
                "type": "metadata",
                "content": "Generated by WO Platform\nWideOrbit Inc.\nPage 1 of 4\n"
            }
        ]
    },
    {
        "id": 3,
        "content": [
            {
                "type": "metadata",
                "content": "WOC13624280 [00.00]\nOrder Printout\n"
            },
            {
                "type": "kv",
                "content": [
                    {
                        "Order Status": "New"
                    },
                    {
                        "Traffic Order #": "missing"
                    },
                    {
                        "Buyer Order #": "11722982"
                    },
                    {
                        "AE": "Wausau House"
                    },
                    {
                        "Property": "WSAW TV"
                    },
                    {
                        "Sales Region": "Local"
                    },
                    {
                        "Start/End Dates": "06/07/22 - 06/13/22"
                    },
                    {
                        "Agency": "AdVictory LLC"
                    },
                    {
                        "Advertiser": "Michels for Governor"
                    },
                    {
                        "Buyer": "missing"
                    },
                    {
                        "Primary Demo": "missing"
                    },
                    {
                        "C/P/E": "127 / 311 / 750"
                    },
                    {
                        "Product Desc.": "Primary"
                    },
                    {
                        "Estimate Desc.": "Michels June 7-13 Broadcast"
                    },
                    {
                        "Total Cost": "\"$32,500.00 (Cash)\""
                    },
                    {
                        "Received Date": "6/04/22 11:06 AM"
                    },
                    {
                        "Comments": "missing"
                    },
                    {
                        "Separation: 30 Population Buy Type: CPP": ""
                    },
                    {
                        "Terms Of Sale": "missing"
                    }
                ]
            },
            {
                "type": "metadata",
                "content": "List Items\nSpots\nTotal\n"
            },
            {
                "type": "table",
                "content": [
                    {
                        "Line": 1,
                        "Program": "THE PRICE IS\\nRIGHT",
                        "ST": "NM",
                        "Len": ":30",
                        "Time": "10:00 AM-11:00 AM",
                        "Days\\nTWTFFSSM": "--T----",
                        "Rate": 500.0,
                        "Jun\\n7": 1,
                        "Total\\nSpots": 500.0,
                        "Total Cost": NaN
                    },
                    {
                        "Line": 1,
                        "Program": "THE PRICE IS\\nRIGHT",
                        "ST": "NM",
                        "Len": ":30",
                        "Time": "10:00 AM-11:00 AM",
                        "Days\\nTWTFFSSM": "--F----",
                        "Rate": 500.0,
                        "Jun\\n7": 1,
                        "Total\\nSpots": 500.0,
                        "Total Cost": NaN
                    },
                    {
                        "Line": 1,
                        "Program": "THE PRICE IS\\nRIGHT",
                        "ST": "NM",
                        "Len": ":30",
                        "Time": "10:00 AM-11:00 AM",
                        "Days\\nTWTFFSSM": "-W-----",
                        "Rate": 500.0,
                        "Jun\\n7": 1,
                        "Total\\nSpots": 500.0,
                        "Total Cost": NaN
                    },
                    {
                        "Line": 1,
                        "Program": "THE PRICE IS\\nRIGHT",
                        "ST": "NM",
                        "Len": ":30",
                        "Time": "10:00 AM-11:00 AM",
                        "Days\\nTWTFFSSM": "------M",
                        "Rate": 500.0,
                        "Jun\\n7": 1,
                        "Total\\nSpots": 500.0,
                        "Total Cost": NaN
                    },
                    {
                        "Line": 1,
                        "Program": "THE PRICE IS\\nRIGHT",
                        "ST": "NM",
                        "Len": ":30",
                        "Time": "10:00 AM-11:00 AM",
                        "Days\\nTWTFFSSM": "--T----",
                        "Rate": 500.0,
                        "Jun\\n7": 1,
                        "Total\\nSpots": 500.0,
                        "Total Cost": NaN
                    },
                    {
                        "Line": 2,
                        "Program": "NEWSCHANNEL 7\\nAT NOON",
                        "ST": "NM",
                        "Len": ":30",
                        "Time": "12:10 PM-12:30 PM",
                        "Days\\nTWTFFSSM": "--T----",
                        "Rate": 750.0,
                        "Jun\\n7": 1,
                        "Total\\nSpots": 750.0,
                        "Total Cost": NaN
                    }
                ]
            },
            {
                "type": "kv",
                "content": [
                    {
                        "(Program": "THE PRICE IS RIGHT)WSAW 2Q22 - ACTUAL May/2021 Mo-Fr 10:00a-11:00a TIME PERIOD ON WSAW"
                    },
                    {
                        "(Program": "THE PRICE IS RIGHT)WSAW 2Q22 - ACTUAL May/2021 Mo-Fr 10:00a-11:00a TIME PERIOD ON WSAW"
                    },
                    {
                        "(Program": "THE PRICE IS RIGHT)WSAW 2Q22 - ACTUAL May/2021 Mo-Fr 10:00a-11:00a TIME PERIOD ON WSAW"
                    },
                    {
                        "(Program": "THE PRICE IS RIGHT)WSAW 2Q22 - ACTUAL May/2021 Mo-Fr 10:00a-11:00a TIME PERIOD ON WSAW"
                    },
                    {
                        "(Program": "THE PRICE IS RIGHT)WSAW 2Q22 - ACTUAL May/2021 Mo-Fr 10:00a-11:00a TIME PERIOD ON WSAW"
                    },
                    {
                        "(Program": "NEWSCHANNEL 7 AT NOON)WSAW 2Q22 - ACTUAL May/2021 Mo-Fr 10:00a-11:00a TIME PERIOD ON WSAW"
                    },
                    {
                        "Generated Date": "6/05/22 9:26AM"
                    }
                ]
            },
            {
                "type": "metadata",
                "content": "Generated by WO Platform\nWideOrbit Inc.\nPage 1 of 3\n"
            }
        ]
    }
]