[
    {
        "id": 1,
        "content": [
            {
                "type": "kv",
                "content": [
                    {
                        "Contract #": "27061923"
                    },
                    {
                        "Changes as of": "9/9/2020 at 11:38 AM"
                    },
                    {
                        "Version": "Current State Version 1"
                    },
                    {
                        "CPE": "//6267"
                    },
                    {
                        "Flight": "9/21/20 - 9/27/20"
                    },
                    {
                        "Station": "KBJR"
                    },
                    {
                        "Con Type": "POLITICAL/VOTE"
                    },
                    {
                        "Agency": "SCREEN\\nSTRATEGIES ME\\nSCREEN\\nSTRATEGIES MEDIA\\n11150 FAIRFAX BLV\\nSUITE 505 FAIRFAX\\nVA 22030"
                    },
                    {
                        "Advertiser": "Tina Smith for MN\\nSenate"
                    },
                    {
                        "Market": "Duluth-Superior"
                    },
                    {
                        "Total $": "\"$23,350.00\""
                    }
                ]
            },
            {
                "type": "metadata",
                "content": "125 West 55th St\n\"New York, NY 10019\"\n"
            },
            {
                "type": "kv",
                "content": [
                    {
                        "Product": "Candidate"
                    },
                    {
                        "Office": "WASHINGTON"
                    },
                    {
                        "Total Spots": "99"
                    },
                    {
                        "Agency Order #": "missing"
                    },
                    {
                        "Service": "Nielsen"
                    },
                    {
                        "Total CPP": "$0.00"
                    },
                    {
                        "Buyer": "Carolilne Wait"
                    },
                    {
                        "Primary Demo": "Adults 35+"
                    },
                    {
                        "Total GRP": "missing"
                    },
                    {
                        "Salesperson": "JENNA NUBAR\\n202-872-5880"
                    },
                    {
                        "Assistant": "JENNA NUBAR\\n202-872-5880"
                    },
                    {
                        "Traffic #": "587398"
                    },
                    {
                        "Separation": "missing"
                    },
                    {
                        "Comments": "Kickback Orders"
                    }
                ]
            },
            {
                "type": "metadata",
                "content": "9/21 - 9/27\n"
            },
            {
                "type": "table",
                "content": [
                    {
                        "#": 1,
                        "Day/Time": "M-F\\n5a-5:30a",
                        "DP": "EM",
                        "Program": "5a News",
                        "Rate": "$60.00",
                        "A35P\\nRating": 0.0,
                        "Len": 30,
                        "9/21": 1,
                        "9/22": 1,
                        "9/23": 1,
                        "9/24": 1,
                        "9/25": 1,
                        "9/26": 1,
                        "9/27": 0,
                        "Total\\nSpots": 5,
                        "Total\\n$": "$300.00",
                        "CPP*": "$0.00",
                        "GRP*": 0.0
                    },
                    {
                        "#": 2,
                        "Day/Time": "M-F\\n5:30a-6a",
                        "DP": "EM",
                        "Program": "530a News",
                        "Rate": "$80.00",
                        "A35P\\nRating": 0.0,
                        "Len": 30,
                        "9/21": 1,
                        "9/22": 1,
                        "9/23": 1,
                        "9/24": 1,
                        "9/25": 1,
                        "9/26": 1,
                        "9/27": 0,
                        "Total\\nSpots": 5,
                        "Total\\n$": "$400.00",
                        "CPP*": "$0.00",
                        "GRP*": 0.0
                    },
                    {
                        "#": 3,
                        "Day/Time": "M-F\\n6a-6:30a",
                        "DP": "EM",
                        "Program": "6a News",
                        "Rate": "$150.00",
                        "A35P\\nRating": 0.0,
                        "Len": 30,
                        "9/21": 1,
                        "9/22": 1,
                        "9/23": 1,
                        "9/24": 1,
                        "9/25": 1,
                        "9/26": 1,
                        "9/27": 0,
                        "Total\\nSpots": 5,
                        "Total\\n$": "$750.00",
                        "CPP*": "$0.00",
                        "GRP*": 0.0
                    },
                    {
                        "#": 4,
                        "Day/Time": "M-F\\n6:30a-7a",
                        "DP": "EM",
                        "Program": "630a News",
                        "Rate": "$180.00",
                        "A35P\\nRating": 0.0,
                        "Len": 30,
                        "9/21": 1,
                        "9/22": 1,
                        "9/23": 1,
                        "9/24": 1,
                        "9/25": 1,
                        "9/26": 1,
                        "9/27": 0,
                        "Total\\nSpots": 5,
                        "Total\\n$": "$900.00",
                        "CPP*": "$0.00",
                        "GRP*": 0.0
                    },
                    {
                        "#": 5,
                        "Day/Time": "M-F\\n7a-8a",
                        "DP": "EM",
                        "Program": "Today Show",
                        "Rate": "$200.00",
                        "A35P\\nRating": 0.0,
                        "Len": 30,
                        "9/21": 1,
                        "9/22": 1,
                        "9/23": 1,
                        "9/24": 1,
                        "9/25": 1,
                        "9/26": 1,
                        "9/27": 0,
                        "Total\\nSpots": 5,
                        "Total\\n$": "$1,000.00",
                        "CPP*": "$0.00",
                        "GRP*": 0.0
                    },
                    {
                        "#": 6,
                        "Day/Time": "M-F\\n8a-9a",
                        "DP": "EM",
                        "Program": "Today Show",
                        "Rate": "$75.00",
                        "A35P\\nRating": 0.0,
                        "Len": 30,
                        "9/21": 1,
                        "9/22": 1,
                        "9/23": 1,
                        "9/24": 1,
                        "9/25": 1,
                        "9/26": 1,
                        "9/27": 0,
                        "Total\\nSpots": 5,
                        "Total\\n$": "$375.00",
                        "CPP*": "$0.00",
                        "GRP*": 0.0
                    },
                    {
                        "#": 7,
                        "Day/Time": "Sa\\n6a-6:30a",
                        "DP": "EM",
                        "Program": "Sa 6a News",
                        "Rate": "$25.00",
                        "A35P\\nRating": 0.0,
                        "Len": 30,
                        "9/21": 0,
                        "9/22": 0,
                        "9/23": 0,
                        "9/24": 0,
                        "9/25": 0,
                        "9/26": 1,
                        "9/27": 0,
                        "Total\\nSpots": 1,
                        "Total\\n$": "$25.00",
                        "CPP*": "$0.00",
                        "GRP*": 0.0
                    },
                    {
                        "#": 8,
                        "Day/Time": "Sa\\n6:30a-7a",
                        "DP": "EM",
                        "Program": "Sa 630a News",
                        "Rate": "$25.00",
                        "A35P\\nRating": 0.0,
                        "Len": 30,
                        "9/21": 0,
                        "9/22": 0,
                        "9/23": 0,
                        "9/24": 0,
                        "9/25": 0,
                        "9/26": 1,
                        "9/27": 0,
                        "Total\\nSpots": 1,
                        "Total\\n$": "$25.00",
                        "CPP*": "$0.00",
                        "GRP*": 0.0
                    },
                    {
                        "#": 9,
                        "Day/Time": "Sa\\n7a-9a",
                        "DP": "EM",
                        "Program": "Sat Today",
                        "Rate": "$50.00",
                        "A35P\\nRating": 0.0,
                        "Len": 30,
                        "9/21": 0,
                        "9/22": 0,
                        "9/23": 0,
                        "9/24": 0,
                        "9/25": 0,
                        "9/26": 1,
                        "9/27": 0,
                        "Total\\nSpots": 1,
                        "Total\\n$": "$50.00",
                        "CPP*": "$0.00",
                        "GRP*": 0.0
                    },
                    {
                        "#": 10,
                        "Day/Time": "Su\\n6a-6:30a",
                        "DP": "EM",
                        "Program": "Sun 6a News",
                        "Rate": "$25.00",
                        "A35P\\nRating": 0.0,
                        "Len": 30,
                        "9/21": 0,
                        "9/22": 0,
                        "9/23": 0,
                        "9/24": 0,
                        "9/25": 0,
                        "9/26": 0,
                        "9/27": 1,
                        "Total\\nSpots": 1,
                        "Total\\n$": "$25.00",
                        "CPP*": "$0.00",
                        "GRP*": 0.0
                    },
                    {
                        "#": 11,
                        "Day/Time": "Su\\n6:30a-7a",
                        "DP": "EM",
                        "Program": "Su 630a News",
                        "Rate": "$25.00",
                        "A35P\\nRating": 0.0,
                        "Len": 30,
                        "9/21": 0,
                        "9/22": 0,
                        "9/23": 0,
                        "9/24": 0,
                        "9/25": 0,
                        "9/26": 0,
                        "9/27": 1,
                        "Total\\nSpots": 1,
                        "Total\\n$": "$25.00",
                        "CPP*": "$0.00",
                        "GRP*": 0.0
                    },
                    {
                        "#": 12,
                        "Day/Time": "Su\\n7a-8a",
                        "DP": "EM",
                        "Program": "Sun Today",
                        "Rate": "$50.00",
                        "A35P\\nRating": 0.0,
                        "Len": 30,
                        "9/21": 0,
                        "9/22": 0,
                        "9/23": 0,
                        "9/24": 0,
                        "9/25": 0,
                        "9/26": 0,
                        "9/27": 1,
                        "Total\\nSpots": 1,
                        "Total\\n$": "$50.00",
                        "CPP*": "$0.00",
                        "GRP*": 0.0
                    },
                    {
                        "#": 13,
                        "Day/Time": "M-F\\n9a-10a",
                        "DP": "DY",
                        "Program": "Today II",
                        "Rate": "$100.00",
                        "A35P\\nRating": 0.0,
                        "Len": 30,
                        "9/21": 1,
                        "9/22": 0,
                        "9/23": 0,
                        "9/24": 1,
                        "9/25": 1,
                        "9/26": 1,
                        "9/27": 0,
                        "Total\\nSpots": 3,
                        "Total\\n$": "$300.00",
                        "CPP*": "$0.00",
                        "GRP*": 0.0
                    },
                    {
                        "#": 14,
                        "Day/Time": "M-F\\n10a-11a",
                        "DP": "DY",
                        "Program": "Today III",
                        "Rate": "$50.00",
                        "A35P\\nRating": 0.0,
                        "Len": 30,
                        "9/21": 0,
                        "9/22": 1,
                        "9/23": 1,
                        "9/24": 1,
                        "9/25": 0,
                        "9/26": 0,
                        "9/27": 0,
                        "Total\\nSpots": 2,
                        "Total\\n$": "$100.00",
                        "CPP*": "$0.00",
                        "GRP*": 0.0
                    },
                    {
                        "#": 15,
                        "Day/Time": "M-F\\n11a-12n",
                        "DP": "DY",
                        "Program": "The Jason Show",
                        "Rate": "$50.00",
                        "A35P\\nRating": 0.0,
                        "Len": 30,
                        "9/21": 1,
                        "9/22": 1,
                        "9/23": 0,
                        "9/24": 1,
                        "9/25": 1,
                        "9/26": 0,
                        "9/27": 0,
                        "Total\\nSpots": 4,
                        "Total\\n$": "$200.00",
                        "CPP*": "$0.00",
                        "GRP*": 0.0
                    },
                    {
                        "#": 16,
                        "Day/Time": "M-F\\n12n-12:30p",
                        "DP": "DY",
                        "Program": "Noon News",
                        "Rate": "$300.00",
                        "A35P\\nRating": 0.0,
                        "Len": 30,
                        "9/21": 1,
                        "9/22": 1,
                        "9/23": 1,
                        "9/24": 1,
                        "9/25": 1,
                        "9/26": 0,
                        "9/27": 0,
                        "Total\\nSpots": 4,
                        "Total\\n$": "$1,200.00",
                        "CPP*": "$0.00",
                        "GRP*": 0.0
                    },
                    {
                        "#": 17,
                        "Day/Time": "M-F\\n1p-2p",
                        "DP": "DY",
                        "Program": "Days of Our Lives",
                        "Rate": "$100.00",
                        "A35P\\nRating": 0.0,
                        "Len": 30,
                        "9/21": 1,
                        "9/22": 0,
                        "9/23": 0,
                        "9/24": 0,
                        "9/25": 0,
                        "9/26": 0,
                        "9/27": 0,
                        "Total\\nSpots": 1,
                        "Total\\n$": "$100.00",
                        "CPP*": "$0.00",
                        "GRP*": 0.0
                    },
                    {
                        "#": 18,
                        "Day/Time": "M-F\\n2p-2:30p",
                        "DP": "DY",
                        "Program": "Hot Bench",
                        "Rate": "$50.00",
                        "A35P\\nRating": 0.0,
                        "Len": 30,
                        "9/21": 0,
                        "9/22": 0,
                        "9/23": 0,
                        "9/24": 1,
                        "9/25": 0,
                        "9/26": 0,
                        "9/27": 0,
                        "Total\\nSpots": 1,
                        "Total\\n$": "$50.00",
                        "CPP*": "$0.00",
                        "GRP*": 0.0
                    }
                ]
            },
            {
                "type": "metadata",
                "content": "Printed on 09/10/2020 at 02:27 PM | * Stats based on Primary Demo\nPage 1 of 2\n"
            }
        ]
    },
    {
        "id": 2,
        "content": [
            {
                "type": "kv",
                "content": [
                    {
                        "Contract #": "27061923"
                    },
                    {
                        "Changes as of": "9/9/2020 at 11:38 AM"
                    },
                    {
                        "Version": "Current State Version 1"
                    },
                    {
                        "CPE": "//6267"
                    },
                    {
                        "Flight": "9/21/20 - 9/27/20"
                    },
                    {
                        "Station": "KBJR"
                    },
                    {
                        "Con Type": "POLITICAL/VOTE"
                    },
                    {
                        "Agency": "SCREEN\\nSTRATEGIES ME\\nSCREEN\\nSTRATEGIES MEDIA\\n11150 FAIRFAX BLV\\nSUITE 505 FAIRFAX\\nVA 22030"
                    },
                    {
                        "Advertiser": "Tina Smith for MN Senate"
                    },
                    {
                        "Market": "Duluth-Superior"
                    },
                    {
                        "Total $": "\"$23,350.00\""
                    }
                ]
            },
            {
                "type": "metadata",
                "content": "125 West 55th St\nNew York, NY 10019\n"
            },
            {
                "type": "kv",
                "content": [
                    {
                        "Product": "Candidate"
                    },
                    {
                        "Office": "WASHINGTON"
                    },
                    {
                        "Total Spots": "99"
                    },
                    {
                        "Agency Order #": "missing"
                    },
                    {
                        "Service": "Nielsen"
                    },
                    {
                        "Total CPP": "$0.00"
                    },
                    {
                        "Buyer": "Caroline Wait"
                    },
                    {
                        "Primary Demo": "Adults 35+"
                    },
                    {
                        "Total GRP": "missing"
                    },
                    {
                        "Salesperson": "JENNA NUBAR\\n202-872-5880"
                    },
                    {
                        "Assistant": "JENNA NUBAR\\n202-872-5880"
                    },
                    {
                        "Traffic #": "587398"
                    },
                    {
                        "Separation": "missing"
                    }
                ]
            },
            {
                "type": "metadata",
                "content": "9/21,-,9/27\n"
            },
            {
                "type": "table",
                "content": [
                    {
                        "#": 19,
                        "Day/Time": "M-F\\n2:30p-3p",
                        "DP": "DY",
                        "Program": "Hot Bench",
                        "Rate": "$50.00",
                        "A35P\\nRating": 0.0,
                        "Len": 30,
                        "9/21": 1,
                        "9/22": 0,
                        "9/23": 0,
                        "9/24": 1,
                        "9/25": 0,
                        "9/26": 0,
                        "9/27": 0,
                        "Total\\nSpots": 2,
                        "Total\\n$": "$100.00",
                        "CPP*": "$0.00",
                        "GRP*": 0.0
                    },
                    {
                        "#": 20,
                        "Day/Time": "M-F\\n3p-4p",
                        "DP": "EF",
                        "Program": "Dr. Phil",
                        "Rate": "$100.00",
                        "A35P\\nRating": 0.0,
                        "Len": 30,
                        "9/21": 0,
                        "9/22": 1,
                        "9/23": 1,
                        "9/24": 0,
                        "9/25": 1,
                        "9/26": 0,
                        "9/27": 0,
                        "Total\\nSpots": 3,
                        "Total\\n$": "$300.00",
                        "CPP*": "$0.00",
                        "GRP*": 0.0
                    },
                    {
                        "#": 21,
                        "Day/Time": "M-F\\n4p-4:30p",
                        "DP": "EF",
                        "Program": "Judge Judy",
                        "Rate": "$150.00",
                        "A35P\\nRating": 0.0,
                        "Len": 30,
                        "9/21": 1,
                        "9/22": 1,
                        "9/23": 1,
                        "9/24": 1,
                        "9/25": 1,
                        "9/26": 0,
                        "9/27": 0,
                        "Total\\nSpots": 4,
                        "Total\\n$": "$600.00",
                        "CPP*": "$0.00",
                        "GRP*": 0.0
                    },
                    {
                        "#": 22,
                        "Day/Time": "M-F\\n4:30p-5p",
                        "DP": "EF",
                        "Program": "Judge Judy",
                        "Rate": "$200.00",
                        "A35P\\nRating": 0.0,
                        "Len": 30,
                        "9/21": 1,
                        "9/22": 1,
                        "9/23": 1,
                        "9/24": 1,
                        "9/25": 1,
                        "9/26": 0,
                        "9/27": 0,
                        "Total\\nSpots": 5,
                        "Total\\n$": "$1,000.00",
                        "CPP*": "$0.00",
                        "GRP*": 0.0
                    },
                    {
                        "#": 23,
                        "Day/Time": "M-F\\n5p-5:30p",
                        "DP": "EN",
                        "Program": "5p News",
                        "Rate": "$250.00",
                        "A35P\\nRating": 0.0,
                        "Len": 30,
                        "9/21": 1,
                        "9/22": 1,
                        "9/23": 1,
                        "9/24": 1,
                        "9/25": 1,
                        "9/26": 0,
                        "9/27": 0,
                        "Total\\nSpots": 5,
                        "Total\\n$": "$1,250.00",
                        "CPP*": "$0.00",
                        "GRP*": 0.0
                    },
                    {
                        "#": 24,
                        "Day/Time": "M-F\\n6p-6:30p",
                        "DP": "EN",
                        "Program": "6p News",
                        "Rate": "$400.00",
                        "A35P\\nRating": 0.0,
                        "Len": 30,
                        "9/21": 1,
                        "9/22": 1,
                        "9/23": 1,
                        "9/24": 1,
                        "9/25": 1,
                        "9/26": 0,
                        "9/27": 0,
                        "Total\\nSpots": 5,
                        "Total\\n$": "$2,000.00",
                        "CPP*": "$0.00",
                        "GRP*": 0.0
                    },
                    {
                        "#": 25,
                        "Day/Time": "Sa\\n6p-6:30p",
                        "DP": "EN",
                        "Program": "Sat 6p",
                        "Rate": "$100.00",
                        "A35P\\nRating": 0.0,
                        "Len": 30,
                        "9/21": 0,
                        "9/22": 0,
                        "9/23": 0,
                        "9/24": 0,
                        "9/25": 0,
                        "9/26": 1,
                        "9/27": 0,
                        "Total\\nSpots": 1,
                        "Total\\n$": "$100.00",
                        "CPP*": "$0.00",
                        "GRP*": 0.0
                    },
                    {
                        "#": 26,
                        "Day/Time": "M-F\\n6:30p-7p",
                        "DP": "PA",
                        "Program": "Wheel of Fortune",
                        "Rate": "$800.00",
                        "A35P\\nRating": 0.0,
                        "Len": 30,
                        "9/21": 1,
                        "9/22": 1,
                        "9/23": 1,
                        "9/24": 1,
                        "9/25": 1,
                        "9/26": 0,
                        "9/27": 0,
                        "Total\\nSpots": 5,
                        "Total\\n$": "$4,000.00",
                        "CPP*": "$0.00",
                        "GRP*": 0.0
                    },
                    {
                        "#": 27,
                        "Day/Time": "Sa\\n6:30p-7p",
                        "DP": "PA",
                        "Program": "Wheel of Fortune",
                        "Rate": "$75.00",
                        "A35P\\nRating": 0.0,
                        "Len": 30,
                        "9/21": 0,
                        "9/22": 0,
                        "9/23": 0,
                        "9/24": 0,
                        "9/25": 0,
                        "9/26": 1,
                        "9/27": 0,
                        "Total\\nSpots": 1,
                        "Total\\n$": "$75.00",
                        "CPP*": "$0.00",
                        "GRP*": 0.0
                    },
                    {
                        "#": 28,
                        "Day/Time": "M\\n9p-10p",
                        "DP": "PR",
                        "Program": "Dateline",
                        "Rate": "$150.00",
                        "A35P\\nRating": 0.0,
                        "Len": 30,
                        "9/21": 1,
                        "9/22": 0,
                        "9/23": 0,
                        "9/24": 0,
                        "9/25": 0,
                        "9/26": 0,
                        "9/27": 0,
                        "Total\\nSpots": 1,
                        "Total\\n$": "$150.00",
                        "CPP*": "$0.00",
                        "GRP*": 0.0
                    },
                    {
                        "#": 29,
                        "Day/Time": "Tu\\n7p-9p",
                        "DP": "PR",
                        "Program": "AGT",
                        "Rate": "$1,500.\\n00",
                        "A35P\\nRating": 0.0,
                        "Len": 30,
                        "9/21": 0,
                        "9/22": 0,
                        "9/23": 1,
                        "9/24": 0,
                        "9/25": 0,
                        "9/26": 0,
                        "9/27": 0,
                        "Total\\nSpots": 1,
                        "Total\\n$": "$1,500.00",
                        "CPP*": "$0.00",
                        "GRP*": 0.0
                    },
                    {
                        "#": 30,
                        "Day/Time": "W\\n7p-8p",
                        "DP": "PR",
                        "Program": "AGT",
                        "Rate": "$1,500.\\n00",
                        "A35P\\nRating": 0.0,
                        "Len": 30,
                        "9/21": 0,
                        "9/22": 0,
                        "9/23": 0,
                        "9/24": 1,
                        "9/25": 0,
                        "9/26": 0,
                        "9/27": 0,
                        "Total\\nSpots": 1,
                        "Total\\n$": "$1,500.00",
                        "CPP*": "$0.00",
                        "GRP*": 0.0
                    },
                    {
                        "#": 31,
                        "Day/Time": "Th\\n9p-10p",
                        "DP": "PR",
                        "Program": "Law & Order: SUV",
                        "Rate": "$750.00",
                        "A35P\\nRating": 0.0,
                        "Len": 30,
                        "9/21": 0,
                        "9/22": 0,
                        "9/23": 0,
                        "9/24": 0,
                        "9/25": 1,
                        "9/26": 0,
                        "9/27": 0,
                        "Total\\nSpots": 1,
                        "Total\\n$": "$750.00",
                        "CPP*": "$0.00",
                        "GRP*": 0.0
                    },
                    {
                        "#": 32,
                        "Day/Time": "Sa\\n7p-9p",
                        "DP": "PR",
                        "Program": "Dateline",
                        "Rate": "$500.00",
                        "A35P\\nRating": 0.0,
                        "Len": 30,
                        "9/21": 0,
                        "9/22": 0,
                        "9/23": 0,
                        "9/24": 0,
                        "9/25": 0,
                        "9/26": 1,
                        "9/27": 0,
                        "Total\\nSpots": 1,
                        "Total\\n$": "$500.00",
                        "CPP*": "$0.00",
                        "GRP*": 0.0
                    },
                    {
                        "#": 33,
                        "Day/Time": "M-F\\n10p-10:35p",
                        "DP": "LN",
                        "Program": "10p News",
                        "Rate": "$400.00",
                        "A35P\\nRating": 0.0,
                        "Len": 30,
                        "9/21": 1,
                        "9/22": 1,
                        "9/23": 1,
                        "9/24": 1,
                        "9/25": 1,
                        "9/26": 0,
                        "9/27": 0,
                        "Total\\nSpots": 5,
                        "Total\\n$": "$2,000.00",
                        "CPP*": "$0.00",
                        "GRP*": 0.0
                    },
                    {
                        "#": 34,
                        "Day/Time": "Sa\\n10p-10:30p",
                        "DP": "LN",
                        "Program": "Sat 10p News",
                        "Rate": "$600.00",
                        "A35P\\nRating": 0.0,
                        "Len": 30,
                        "9/21": 0,
                        "9/22": 0,
                        "9/23": 0,
                        "9/24": 0,
                        "9/25": 1,
                        "9/26": 0,
                        "9/27": 0,
                        "Total\\nSpots": 1,
                        "Total\\n$": "$600.00",
                        "CPP*": "$0.00",
                        "GRP*": 0.0
                    },
                    {
                        "#": 35,
                        "Day/Time": "Su\\n10:30p-11p",
                        "DP": "LN",
                        "Program": "Sun 1030p News",
                        "Rate": "$600.00",
                        "A35P\\nRating": 0.0,
                        "Len": 30,
                        "9/21": 0,
                        "9/22": 0,
                        "9/23": 0,
                        "9/24": 0,
                        "9/25": 0,
                        "9/26": 0,
                        "9/27": 1,
                        "Total\\nSpots": 1,
                        "Total\\n$": "$600.00",
                        "CPP*": "$0.00",
                        "GRP*": 0.0
                    },
                    {
                        "#": 36,
                        "Day/Time": "M-F\\n10:35p-11:35p",
                        "DP": "LF",
                        "Program": "Tonight Show",
                        "Rate": "$100.00",
                        "A35P\\nRating": 0.0,
                        "Len": 30,
                        "9/21": 1,
                        "9/22": 1,
                        "9/23": 1,
                        "9/24": 1,
                        "9/25": 0,
                        "9/26": 0,
                        "9/27": 0,
                        "Total\\nSpots": 4,
                        "Total\\n$": "$400.00",
                        "CPP*": "$0.00",
                        "GRP*": 0.0
                    },
                    {
                        "#": 37,
                        "Day/Time": "M-F\\n11:35p-12:35a",
                        "DP": "LF",
                        "Program": "Seth Meyers",
                        "Rate": "$50.00",
                        "A35P\\nRating": 0.0,
                        "Len": 30,
                        "9/21": 0,
                        "9/22": 0,
                        "9/23": 0,
                        "9/24": 1,
                        "9/25": 0,
                        "9/26": 0,
                        "9/27": 0,
                        "Total\\nSpots": 1,
                        "Total\\n$": "$50.00",
                        "CPP*": "$0.00",
                        "GRP*": 0.0
                    }
                ]
            },
            {
                "type": "metadata",
                "content": "TOTALS:\n18\n18\n17\n18\n17\n7\n4\n99\n\"$23,350.00\"\n$0.00\n0.0\nPrinted on 09/10/2020 at 02:27 PM | * Stats based on Primary Demo Page 2 of 2\n"
            }
        ]
    }
]