[
    {
        "id": 1,
        "content": [
            {
                "type": "metadata",
                "content": "1360 E. Sherwood Drive\n\"Grand Junction, CO 81501\"\nMesa County Republicans\n920 Visa Ct.\n\"Grand Junction, CO 81506\"\nDETACH AND RETURN WITH PAYMENT\n"
            },
            {
                "type": "kv",
                "content": [
                    {
                        "Invoice Total": "$465.00"
                    },
                    {
                        "Invoice Month": "October"
                    },
                    {
                        "Advertiser": "Mesa County Republicans"
                    },
                    {
                        "Account": "Mesa County Replublicans"
                    },
                    {
                        "Billing Type": "Monthly"
                    },
                    {
                        "Salesperson": "Maggie"
                    },
                    {
                        "Description": "Vote Republicans"
                    },
                    {
                        "Advertiser": "Mesa County Republicans"
                    },
                    {
                        "Flight Dates": "10/1/2020 10/31/2020"
                    },
                    {
                        "Est. Number": "missing"
                    },
                    {
                        "IDB Code": "missing"
                    },
                    {
                        "Copy Name": "MESA CO REPUBLICAN PARTY"
                    },
                    {
                        "Spot Classification": "CM"
                    },
                    {
                        "ISCI": "MESA CO REPUBLICAN"
                    }
                ]
            },
            {
                "type": "table",
                "content": [
                    {
                        "Invoice": "17686-1",
                        "Date": "10/21/2020"
                    }
                ]
            },
            {
                "type": "table",
                "content": [
                    {
                        "Date": "10/1/2020",
                        "Length": 30,
                        "KNZZ-AM": "7:31:38 AM",
                        "Qty": 1,
                        "Rate": 15.0,
                        "Total": 15.0
                    },
                    {
                        "Date": "10/2/2020",
                        "Length": 30,
                        "KNZZ-AM": "1:26:58 PM",
                        "Qty": 1,
                        "Rate": 15.0,
                        "Total": 15.0
                    },
                    {
                        "Date": "10/3/2020",
                        "Length": 30,
                        "KNZZ-AM": "10:18:21 AM",
                        "Qty": 1,
                        "Rate": 15.0,
                        "Total": 15.0
                    },
                    {
                        "Date": "10/4/2020",
                        "Length": 30,
                        "KNZZ-AM": "1:50:16 PM",
                        "Qty": 1,
                        "Rate": 15.0,
                        "Total": 15.0
                    },
                    {
                        "Date": "10/5/2020",
                        "Length": 30,
                        "KNZZ-AM": "7:58:50 AM",
                        "Qty": 1,
                        "Rate": 15.0,
                        "Total": 15.0
                    },
                    {
                        "Date": "10/6/2020",
                        "Length": 30,
                        "KNZZ-AM": "5:52:27 PM",
                        "Qty": 1,
                        "Rate": 15.0,
                        "Total": 15.0
                    },
                    {
                        "Date": "10/7/2020",
                        "Length": 30,
                        "KNZZ-AM": "9:05:00 AM",
                        "Qty": 1,
                        "Rate": 15.0,
                        "Total": 15.0
                    },
                    {
                        "Date": "10/8/2020",
                        "Length": 30,
                        "KNZZ-AM": "2:51:38 PM",
                        "Qty": 1,
                        "Rate": 15.0,
                        "Total": 15.0
                    },
                    {
                        "Date": "10/9/2020",
                        "Length": 30,
                        "KNZZ-AM": "12:22:25 PM",
                        "Qty": 1,
                        "Rate": 15.0,
                        "Total": 15.0
                    },
                    {
                        "Date": "10/10/2020",
                        "Length": 30,
                        "KNZZ-AM": "6:24:02 PM",
                        "Qty": 1,
                        "Rate": 15.0,
                        "Total": 15.0
                    },
                    {
                        "Date": "10/11/2020",
                        "Length": 30,
                        "KNZZ-AM": "1:29:28 PM",
                        "Qty": 1,
                        "Rate": 15.0,
                        "Total": 15.0
                    },
                    {
                        "Date": "10/12/2020",
                        "Length": 30,
                        "KNZZ-AM": "8:04:58 AM",
                        "Qty": 1,
                        "Rate": 15.0,
                        "Total": 15.0
                    },
                    {
                        "Date": "10/13/2020",
                        "Length": 30,
                        "KNZZ-AM": "1:51:42 PM",
                        "Qty": 1,
                        "Rate": 15.0,
                        "Total": 15.0
                    },
                    {
                        "Date": "10/14/2020",
                        "Length": 30,
                        "KNZZ-AM": "2:50:20 PM",
                        "Qty": 1,
                        "Rate": 15.0,
                        "Total": 15.0
                    },
                    {
                        "Date": "10/15/2020",
                        "Length": 30,
                        "KNZZ-AM": "11:25:37 AM",
                        "Qty": 1,
                        "Rate": 15.0,
                        "Total": 15.0
                    },
                    {
                        "Date": "10/16/2020",
                        "Length": 30,
                        "KNZZ-AM": "6:48:37 AM",
                        "Qty": 1,
                        "Rate": 15.0,
                        "Total": 15.0
                    },
                    {
                        "Date": "10/17/2020",
                        "Length": 30,
                        "KNZZ-AM": "12:30:28 PM",
                        "Qty": 1,
                        "Rate": 15.0,
                        "Total": 15.0
                    },
                    {
                        "Date": "10/18/2020",
                        "Length": 30,
                        "KNZZ-AM": "1:29:00 PM",
                        "Qty": 1,
                        "Rate": 15.0,
                        "Total": 15.0
                    },
                    {
                        "Date": "10/19/2020",
                        "Length": 30,
                        "KNZZ-AM": "2:32:01 PM",
                        "Qty": 1,
                        "Rate": 15.0,
                        "Total": 15.0
                    },
                    {
                        "Date": "10/20/2020",
                        "Length": 30,
                        "KNZZ-AM": "12:49:48 PM",
                        "Qty": 1,
                        "Rate": 15.0,
                        "Total": 15.0
                    },
                    {
                        "Date": "10/21/2020",
                        "Length": 30,
                        "KNZZ-AM": "10:24:49 AM",
                        "Qty": 1,
                        "Rate": 15.0,
                        "Total": 15.0
                    },
                    {
                        "Date": "10/22/2020",
                        "Length": 30,
                        "KNZZ-AM": "10:55:56 AM",
                        "Qty": 1,
                        "Rate": 15.0,
                        "Total": 15.0
                    },
                    {
                        "Date": "10/23/2020",
                        "Length": 30,
                        "KNZZ-AM": "1:24:08 PM",
                        "Qty": 1,
                        "Rate": 15.0,
                        "Total": 15.0
                    },
                    {
                        "Date": "10/24/2020",
                        "Length": 30,
                        "KNZZ-AM": "8:52:00 AM",
                        "Qty": 1,
                        "Rate": 15.0,
                        "Total": 15.0
                    }
                ]
            }
        ]
    },
    {
        "id": 2,
        "content": [
            {
                "type": "metadata",
                "content": "1360 E. Sherwood Drive\n\"Grand Junction, CO 81501\"\nMesa County Republicans\n920 Visa Ct.\n\"Grand Junction, CO 81506\"\nDETACH AND RETURN WITH PAYMENT\n"
            },
            {
                "type": "kv",
                "content": [
                    {
                        "Please Remit To": "KNZZ News Radio 1100"
                    },
                    {
                        "Invoice Month": "October"
                    },
                    {
                        "Advertiser": "Mesa County Republicans"
                    },
                    {
                        "Account": "Mesa County Republicans"
                    },
                    {
                        "Billing Type": "Monthly"
                    },
                    {
                        "Salesperson": "Maggie"
                    },
                    {
                        "Description": "Vote Republican"
                    },
                    {
                        "Advertiser": "Mesa County Republicans"
                    },
                    {
                        "Flight Dates": "10/1/2020 - 10/31/2020"
                    },
                    {
                        "Est. Number": "missing"
                    },
                    {
                        "IDB Code": "missing"
                    },
                    {
                        "Copy Name": "MESA CO REPUBLICAN PARTY"
                    },
                    {
                        "Spot Classification": "CM"
                    },
                    {
                        "ISCI": "MESA CO REPUBLICAN"
                    },
                    {
                        "Spot Summary": "31 30 seconds spot(s) on KNZZ-AM at $15.00 each for a total of $465.00"
                    },
                    {
                        "Total Spots": "31"
                    },
                    {
                        "Invoice Total": "$465.00"
                    }
                ]
            },
            {
                "type": "table",
                "content": [
                    {
                        "Invoice": "17686-1",
                        "Date": "10/31/2020"
                    }
                ]
            },
            {
                "type": "table",
                "content": [
                    {
                        "Date": "10/25/2020",
                        "Length": "30",
                        "KNZZ-AM": "12:59:20 PM",
                        "Qty": 1,
                        "Rate": "15.00",
                        "Total": "15.00"
                    },
                    {
                        "Date": "10/26/2020",
                        "Length": "30",
                        "KNZZ-AM": "2:05:00 PM",
                        "Qty": 1,
                        "Rate": "15.00",
                        "Total": "15.00"
                    },
                    {
                        "Date": "10/27/2020",
                        "Length": "30",
                        "KNZZ-AM": "12:31:02 PM",
                        "Qty": 1,
                        "Rate": "15.00",
                        "Total": "15.00"
                    },
                    {
                        "Date": "10/28/2020",
                        "Length": "30",
                        "KNZZ-AM": "10:32:02 AM",
                        "Qty": 1,
                        "Rate": "15.00",
                        "Total": "15.00"
                    },
                    {
                        "Date": "10/29/2020",
                        "Length": "30",
                        "KNZZ-AM": "12:51:09 PM",
                        "Qty": 1,
                        "Rate": "15.00",
                        "Total": "15.00"
                    },
                    {
                        "Date": "10/30/2020",
                        "Length": "30",
                        "KNZZ-AM": "5:51:03 PM",
                        "Qty": 1,
                        "Rate": "15.00",
                        "Total": "15.00"
                    },
                    {
                        "Date": "10/31/2020",
                        "Length": "30",
                        "KNZZ-AM": "9:55:50 AM",
                        "Qty": 1,
                        "Rate": "15.00",
                        "Total": "15.00"
                    },
                    {
                        "Date": "missing",
                        "Length": "missing",
                        "KNZZ-AM": "missing",
                        "Qty": 31,
                        "Rate": "missing",
                        "Total": "$465.00"
                    }
                ]
            }
        ]
    },
    {
        "id": 3,
        "content": [
            {
                "type": "metadata",
                "content": "1360 E. Sherwood Drive\n\"Grand Junction, CO 81501\"\nElect Ray Scott\n2253 Kingston Road\n\"Grand Junction, CO 81507\"\nDETACH AND RETURN WITH PAYMENT\n"
            },
            {
                "type": "kv",
                "content": [
                    {
                        "Please Remit To": "KNZZ News Radio 1100"
                    },
                    {
                        "Invoice Total": "$708.00"
                    },
                    {
                        "Invoice Month": "June"
                    },
                    {
                        "Advertiser": "Elect Ray Scott"
                    },
                    {
                        "Account": "Elect Ray Scott"
                    },
                    {
                        "Billing Type": "Monthly"
                    },
                    {
                        "Salesperson": "Chenoa"
                    },
                    {
                        "Description": "Additional for June Primary"
                    },
                    {
                        "Advertiser": "Elect Ray Scott"
                    },
                    {
                        "Flight Dates": "6/19/2020 - 6/30/2020"
                    },
                    {
                        "Est. Number": "missing"
                    },
                    {
                        "IDB Code": "missing"
                    }
                ]
            },
            {
                "type": "table",
                "content": [
                    {
                        "Invoice": "16673-1",
                        "Date": "6/30/2020"
                    }
                ]
            },
            {
                "type": "table",
                "content": [
                    {
                        "Date": "missing",
                        "Length": "missing",
                        "KNZZ-AM": "Spot Classification: CM",
                        "Qty": "missing",
                        "Rate": "missing",
                        "Total": "missing"
                    },
                    {
                        "Date": "KNZZ-AM",
                        "Length": "missing",
                        "KNZZ-AM": "Copy Name: Diane Cox/TABOR",
                        "Qty": "missing",
                        "Rate": "missing",
                        "Total": "missing"
                    },
                    {
                        "Date": "6/27/2020",
                        "Length": "30",
                        "KNZZ-AM": "1:48:32 PM",
                        "Qty": "1",
                        "Rate": "9.00",
                        "Total": "9.00"
                    },
                    {
                        "Date": "6/28/2020",
                        "Length": "30",
                        "KNZZ-AM": "6:05:00 AM - 2:50:20 PM",
                        "Qty": "2",
                        "Rate": "9.00",
                        "Total": "18.00"
                    },
                    {
                        "Date": "6/29/2020",
                        "Length": "30",
                        "KNZZ-AM": "12:26:20 PM",
                        "Qty": "1",
                        "Rate": "12.00",
                        "Total": "12.00"
                    },
                    {
                        "Date": "6/30/2020",
                        "Length": "30",
                        "KNZZ-AM": "5:26:06 PM",
                        "Qty": "1",
                        "Rate": "12.00",
                        "Total": "12.00"
                    },
                    {
                        "Date": "missing",
                        "Length": "missing",
                        "KNZZ-AM": "missing",
                        "Qty": "5",
                        "Rate": "missing",
                        "Total": "$51.00"
                    },
                    {
                        "Date": "KNZZ-AM",
                        "Length": "missing",
                        "KNZZ-AM": "Copy Name: June Primary 2020",
                        "Qty": "missing",
                        "Rate": "missing",
                        "Total": "missing"
                    },
                    {
                        "Date": "missing",
                        "Length": "missing",
                        "KNZZ-AM": "ISCI: June Primary 2020",
                        "Qty": "missing",
                        "Rate": "missing",
                        "Total": "missing"
                    },
                    {
                        "Date": "6/19/2020",
                        "Length": "30",
                        "KNZZ-AM": "10:05:00 AM",
                        "Qty": "1",
                        "Rate": "12.00",
                        "Total": "12.00"
                    },
                    {
                        "Date": "6/20/2020",
                        "Length": "30",
                        "KNZZ-AM": "6:55:50 AM - 12:19:26 PM - 6:52:53 PM",
                        "Qty": "3",
                        "Rate": "9.00",
                        "Total": "27.00"
                    },
                    {
                        "Date": "6/21/2020",
                        "Length": "30",
                        "KNZZ-AM": "2:51:50 PM - 5:32:23 PM",
                        "Qty": "2",
                        "Rate": "9.00",
                        "Total": "18.00"
                    },
                    {
                        "Date": "6/22/2020",
                        "Length": "30",
                        "KNZZ-AM": "8:32:20 AM",
                        "Qty": "1",
                        "Rate": "12.00",
                        "Total": "12.00"
                    },
                    {
                        "Date": "6/23/2020",
                        "Length": "30",
                        "KNZZ-AM": "6:20:50 PM",
                        "Qty": "1",
                        "Rate": "12.00",
                        "Total": "12.00"
                    },
                    {
                        "Date": "6/24/2020",
                        "Length": "30",
                        "KNZZ-AM": "6:50:33 AM",
                        "Qty": "1",
                        "Rate": "12.00",
                        "Total": "12.00"
                    },
                    {
                        "Date": "6/25/2020",
                        "Length": "30",
                        "KNZZ-AM": "2:49:15 PM",
                        "Qty": "1",
                        "Rate": "12.00",
                        "Total": "12.00"
                    },
                    {
                        "Date": "6/26/2020",
                        "Length": "30",
                        "KNZZ-AM": "3:26:08 PM",
                        "Qty": "1",
                        "Rate": "12.00",
                        "Total": "12.00"
                    },
                    {
                        "Date": "6/27/2020",
                        "Length": "30",
                        "KNZZ-AM": "6:15:30 AM - 2:30:30 PM",
                        "Qty": "2",
                        "Rate": "9.00",
                        "Total": "18.00"
                    },
                    {
                        "Date": "6/28/2020",
                        "Length": "30",
                        "KNZZ-AM": "12:31:24 PM - 3:05:00 PM",
                        "Qty": "2",
                        "Rate": "9.00",
                        "Total": "18.00"
                    },
                    {
                        "Date": "6/29/2020",
                        "Length": "30",
                        "KNZZ-AM": "5:24:38 PM",
                        "Qty": "1",
                        "Rate": "12.00",
                        "Total": "12.00"
                    },
                    {
                        "Date": "6/30/2020",
                        "Length": "30",
                        "KNZZ-AM": "5:58:20 PM",
                        "Qty": "1",
                        "Rate": "12.00",
                        "Total": "12.00"
                    },
                    {
                        "Date": "missing",
                        "Length": "missing",
                        "KNZZ-AM": "missing",
                        "Qty": "17",
                        "Rate": "missing",
                        "Total": "$177.00"
                    },
                    {
                        "Date": "KNZZ-AM",
                        "Length": "missing",
                        "KNZZ-AM": "Copy Name: June Primary/Diane Cox",
                        "Qty": "missing",
                        "Rate": "missing",
                        "Total": "missing"
                    },
                    {
                        "Date": "missing",
                        "Length": "missing",
                        "KNZZ-AM": "ISCI: June Primary/Diane Cox",
                        "Qty": "missing",
                        "Rate": "missing",
                        "Total": "missing"
                    },
                    {
                        "Date": "6/19/2020",
                        "Length": "30",
                        "KNZZ-AM": "12:47:37 PM",
                        "Qty": "1",
                        "Rate": "12.00",
                        "Total": "12.00"
                    }
                ]
            }
        ]
    },
    {
        "id": 4,
        "content": [
            {
                "type": "metadata",
                "content": "1360 E. Sherwood Drive\n\"Grand Junction, CO 81501\"\nElect Ray Scott\n2253 Kingston Road\n\"Grand Junction, CO 81507\"\nDETACH AND RETURN WITH PAYMENT\n"
            },
            {
                "type": "kv",
                "content": [
                    {
                        "Please Remit To": "KNZZ News Radio 1100"
                    },
                    {
                        "Invoice Month": "June"
                    },
                    {
                        "Advertiser": "Elect Ray Scott"
                    },
                    {
                        "Account": "Elect Ray Scott"
                    },
                    {
                        "Billing Type": "Monthly"
                    },
                    {
                        "Salesperson": "Chenoa"
                    },
                    {
                        "Description": "Additional for June Primary"
                    },
                    {
                        "Advertiser": "Elect Ray Scott"
                    },
                    {
                        "Flight Dates": "6/19/2020 - 6/30/2020"
                    },
                    {
                        "Est. Number": "missing"
                    },
                    {
                        "IDB Code": "missing"
                    }
                ]
            },
            {
                "type": "table",
                "content": [
                    {
                        "Invoice": "16673-1",
                        "Date": "6/30/2020"
                    }
                ]
            },
            {
                "type": "table",
                "content": [
                    {
                        "Date": "6/20/2020",
                        "Length": "30",
                        "KNZZ-AM": "7:15:00 AM - 1:05:00 PM",
                        "Qty": "2",
                        "Rate": "9.00",
                        "Total": "18.00"
                    },
                    {
                        "Date": "6/21/2020",
                        "Length": "30",
                        "KNZZ-AM": "12:50:58 PM - 3:30:59 PM - 5:58:50 PM",
                        "Qty": "3",
                        "Rate": "9.00",
                        "Total": "27.00"
                    },
                    {
                        "Date": "6/22/2020",
                        "Length": "30",
                        "KNZZ-AM": "6:21:30 PM",
                        "Qty": "1",
                        "Rate": "12.00",
                        "Total": "12.00"
                    },
                    {
                        "Date": "6/23/2020",
                        "Length": "30",
                        "KNZZ-AM": "6:49:03 PM",
                        "Qty": "1",
                        "Rate": "12.00",
                        "Total": "12.00"
                    },
                    {
                        "Date": "6/24/2020",
                        "Length": "30",
                        "KNZZ-AM": "6:05:00 AM",
                        "Qty": "1",
                        "Rate": "12.00",
                        "Total": "12.00"
                    },
                    {
                        "Date": "6/25/2020",
                        "Length": "30",
                        "KNZZ-AM": "10:30:58 AM",
                        "Qty": "1",
                        "Rate": "12.00",
                        "Total": "12.00"
                    },
                    {
                        "Date": "6/26/2020",
                        "Length": "30",
                        "KNZZ-AM": "2:58:49 PM",
                        "Qty": "1",
                        "Rate": "12.00",
                        "Total": "12.00"
                    },
                    {
                        "Date": "missing",
                        "Length": "missing",
                        "KNZZ-AM": "missing",
                        "Qty": "11",
                        "Rate": "missing",
                        "Total": "$117.00"
                    },
                    {
                        "Date": "KNZZ-AM",
                        "Length": "missing",
                        "KNZZ-AM": "Copy Name: Ray/Denver Politics",
                        "Qty": "missing",
                        "Rate": "missing",
                        "Total": "missing"
                    },
                    {
                        "Date": "missing",
                        "Length": "missing",
                        "KNZZ-AM": "ISCI: Ray/Denver Politics",
                        "Qty": "missing",
                        "Rate": "missing",
                        "Total": "missing"
                    },
                    {
                        "Date": "6/19/2020",
                        "Length": "30",
                        "KNZZ-AM": "3:31:29 PM",
                        "Qty": "1",
                        "Rate": "12.00",
                        "Total": "12.00"
                    },
                    {
                        "Date": "6/20/2020",
                        "Length": "30",
                        "KNZZ-AM": "8:30:00 AM - 2:56:34 PM",
                        "Qty": "2",
                        "Rate": "9.00",
                        "Total": "18.00"
                    },
                    {
                        "Date": "6/21/2020",
                        "Length": "30",
                        "KNZZ-AM": "1:49:16 PM - 3:54:00 PM",
                        "Qty": "2",
                        "Rate": "9.00",
                        "Total": "18.00"
                    },
                    {
                        "Date": "6/22/2020",
                        "Length": "30",
                        "KNZZ-AM": "6:58:50 AM",
                        "Qty": "1",
                        "Rate": "12.00",
                        "Total": "12.00"
                    },
                    {
                        "Date": "6/23/2020",
                        "Length": "30",
                        "KNZZ-AM": "6:49:31 AM",
                        "Qty": "1",
                        "Rate": "12.00",
                        "Total": "12.00"
                    },
                    {
                        "Date": "6/24/2020",
                        "Length": "30",
                        "KNZZ-AM": "8:31:54 AM",
                        "Qty": "1",
                        "Rate": "12.00",
                        "Total": "12.00"
                    },
                    {
                        "Date": "6/25/2020",
                        "Length": "30",
                        "KNZZ-AM": "3:31:32 PM",
                        "Qty": "1",
                        "Rate": "12.00",
                        "Total": "12.00"
                    },
                    {
                        "Date": "6/27/2020",
                        "Length": "30",
                        "KNZZ-AM": "7:29:38 AM - 2:57:21 PM",
                        "Qty": "2",
                        "Rate": "9.00",
                        "Total": "18.00"
                    },
                    {
                        "Date": "6/28/2020",
                        "Length": "30",
                        "KNZZ-AM": "12:59:20 PM - 3:30:59 PM",
                        "Qty": "2",
                        "Rate": "9.00",
                        "Total": "18.00"
                    },
                    {
                        "Date": "6/29/2020",
                        "Length": "30",
                        "KNZZ-AM": "6:19:04 PM",
                        "Qty": "1",
                        "Rate": "12.00",
                        "Total": "12.00"
                    },
                    {
                        "Date": "missing",
                        "Length": "missing",
                        "KNZZ-AM": "missing",
                        "Qty": "14",
                        "Rate": "missing",
                        "Total": "$144.00"
                    },
                    {
                        "Date": "KNZ-AM",
                        "Length": "missing",
                        "KNZZ-AM": "Copy Name: Ray/TABOR June2020",
                        "Qty": "missing",
                        "Rate": "missing",
                        "Total": "missing"
                    },
                    {
                        "Date": "missing",
                        "Length": "missing",
                        "KNZZ-AM": "ISCI: Ray/TABOR June2020",
                        "Qty": "missing",
                        "Rate": "missing",
                        "Total": "missing"
                    },
                    {
                        "Date": "6/25/2020",
                        "Length": "30",
                        "KNZZ-AM": "10:05:00 AM",
                        "Qty": "1",
                        "Rate": "12.00",
                        "Total": "12.00"
                    },
                    {
                        "Date": "6/26/2020",
                        "Length": "30",
                        "KNZZ-AM": "8:58:50 AM",
                        "Qty": "1",
                        "Rate": "12.00",
                        "Total": "12.00"
                    },
                    {
                        "Date": "6/27/2020",
                        "Length": "30",
                        "KNZZ-AM": "11:05:00 AM - 5:31:00 PM",
                        "Qty": "2",
                        "Rate": "9.00",
                        "Total": "18.00"
                    },
                    {
                        "Date": "6/28/2020",
                        "Length": "30",
                        "KNZZ-AM": "2:30:00 PM",
                        "Qty": "1",
                        "Rate": "9.00",
                        "Total": "9.00"
                    },
                    {
                        "Date": "6/29/2020",
                        "Length": "30",
                        "KNZZ-AM": "9:31:23 AM",
                        "Qty": "1",
                        "Rate": "12.00",
                        "Total": "12.00"
                    },
                    {
                        "Date": "6/30/2020",
                        "Length": "30",
                        "KNZZ-AM": "2:26:23 PM",
                        "Qty": "1",
                        "Rate": "12.00",
                        "Total": "12.00"
                    }
                ]
            }
        ]
    },
    {
        "id": 5,
        "content": [
            {
                "type": "metadata",
                "content": "1360 E. Sherwood Drive\n\"Grand Junction, CO 81501\"\nElect Ray Scott\n2253 Kingston Road\n\"Grand Junction, CO 81507\"\n"
            },
            {
                "type": "kv",
                "content": [
                    {
                        "Please Remit To: KNZZ News Radio 1100": ""
                    },
                    {
                        "Invoice Date": "6/30/2020"
                    },
                    {
                        "Invoice Number": "16673-1"
                    },
                    {
                        "Payment Terms": "30 Days"
                    },
                    {
                        "Invoice Month": "June"
                    },
                    {
                        "Advertiser": "Elect Ray Scott"
                    },
                    {
                        "Account": "Elect Ray Scott"
                    },
                    {
                        "Billing Type": "Monthly"
                    },
                    {
                        "Flight Dates": "6/19/2020 6/30/2020"
                    },
                    {
                        "Salesperson": "Chenoa"
                    },
                    {
                        "Description": "Additional for June Primary"
                    },
                    {
                        "Est. Number": "missing"
                    },
                    {
                        "IDB Code": "missing"
                    },
                    {
                        "Spot Summary": "36 30 seconds spot(s) on KNZZ-AM at $9.00 each for a total of $324.00\\n32 30 second spot(s) on KNZZ-AM at $12.00 each for a total of $384.00"
                    },
                    {
                        "Total Spots": "68"
                    },
                    {
                        "Invoice Total": "$708.00"
                    }
                ]
            },
            {
                "type": "table",
                "content": [
                    {
                        "Date": "missing",
                        "Length": "missing",
                        "KNZZ-AM": "missing",
                        "Qty": "7",
                        "Rate": "missing",
                        "Total": "$75.00"
                    },
                    {
                        "Date": "KNZZ-AM",
                        "Length": "missing",
                        "KNZZ-AM": "Copy Name: Ray/Why Run",
                        "Qty": "missing",
                        "Rate": "missing",
                        "Total": "missing"
                    },
                    {
                        "Date": "missing",
                        "Length": "missing",
                        "KNZZ-AM": "ISCI: Ray/Why Run",
                        "Qty": "missing",
                        "Rate": "missing",
                        "Total": "missing"
                    },
                    {
                        "Date": "6/19/2020",
                        "Length": "30",
                        "KNZZ-AM": "6:31:29 PM",
                        "Qty": "1",
                        "Rate": "12.00",
                        "Total": "12.00"
                    },
                    {
                        "Date": "6/20/2020",
                        "Length": "30",
                        "KNZZ-AM": "10:15:28 AM",
                        "Qty": "2",
                        "Rate": "9.00",
                        "Total": "18.00"
                    },
                    {
                        "Date": "6/20/2020",
                        "Length": "30",
                        "KNZZ-AM": "4:30:30 PM",
                        "Qty": "2",
                        "Rate": "9.00",
                        "Total": "18.00"
                    },
                    {
                        "Date": "6/21/2020",
                        "Length": "30",
                        "KNZZ-AM": "2:29:00 PM",
                        "Qty": "2",
                        "Rate": "9.00",
                        "Total": "18.00"
                    },
                    {
                        "Date": "6/21/2020",
                        "Length": "30",
                        "KNZZ-AM": "4:31:25 PM",
                        "Qty": "2",
                        "Rate": "9.00",
                        "Total": "18.00"
                    },
                    {
                        "Date": "6/22/2020",
                        "Length": "30",
                        "KNZZ-AM": "7:31:58 AM",
                        "Qty": "1",
                        "Rate": "12.00",
                        "Total": "12.00"
                    },
                    {
                        "Date": "6/23/2020",
                        "Length": "30",
                        "KNZZ-AM": "8:52:34 AM",
                        "Qty": "1",
                        "Rate": "12.00",
                        "Total": "12.00"
                    },
                    {
                        "Date": "6/24/2020",
                        "Length": "30",
                        "KNZZ-AM": "6:52:06 PM",
                        "Qty": "1",
                        "Rate": "12.00",
                        "Total": "12.00"
                    },
                    {
                        "Date": "6/26/2020",
                        "Length": "30",
                        "KNZZ-AM": "8:30:22 AM",
                        "Qty": "1",
                        "Rate": "12.00",
                        "Total": "12.00"
                    },
                    {
                        "Date": "6/27/2020",
                        "Length": "30",
                        "KNZZ-AM": "10:46:58 AM",
                        "Qty": "2",
                        "Rate": "9.00",
                        "Total": "18.00"
                    },
                    {
                        "Date": "6/27/2020",
                        "Length": "30",
                        "KNZZ-AM": "4:46:28 PM",
                        "Qty": "2",
                        "Rate": "9.00",
                        "Total": "18.00"
                    },
                    {
                        "Date": "6/28/2020",
                        "Length": "30",
                        "KNZZ-AM": "1:32:20 PM",
                        "Qty": "2",
                        "Rate": "9.00",
                        "Total": "18.00"
                    },
                    {
                        "Date": "6/28/2020",
                        "Length": "30",
                        "KNZZ-AM": "5:30:30 PM",
                        "Qty": "2",
                        "Rate": "9.00",
                        "Total": "18.00"
                    },
                    {
                        "Date": "6/30/2020",
                        "Length": "30",
                        "KNZZ-AM": "6:48:01 AM",
                        "Qty": "1",
                        "Rate": "12.00",
                        "Total": "12.00"
                    },
                    {
                        "Date": "missing",
                        "Length": "missing",
                        "KNZZ-AM": "missing",
                        "Qty": "14",
                        "Rate": "missing",
                        "Total": "$144.00"
                    }
                ]
            }
        ]
    }
]