[
    {
        "id": 1,
        "content": [
            {
                "type": "kv",
                "content": [
                    {
                        "STATION": "KNMF-FM"
                    },
                    {
                        "ORDER#": "317795"
                    },
                    {
                        "DATE": "10/05/2020"
                    },
                    {
                        "MARKET": "Unmeasured Market"
                    },
                    {
                        "AMOUNT": "$1,480.00"
                    },
                    {
                        "AGENCY": "MEDIA FINANCIAL SERVICES"
                    },
                    {
                        "REP": "Regional Reps Non-Rep"
                    },
                    {
                        "SPOTS": "37"
                    },
                    {
                        "MOD": "Stn Ver: 1 Last:"
                    },
                    {
                        "SALES OFFICE": "PHILADELPHIA"
                    },
                    {
                        "SLS PH": "412 421 2600"
                    },
                    {
                        "SALESPERSON": "Roger Rafson"
                    },
                    {
                        "SLS FAX": "412 421 6001"
                    },
                    {
                        "SLS EMAIL": "Roger.Rafson@GenMediaPartners.com"
                    },
                    {
                        "AGENCY": "MEDIA FINANCIAL SERVICES"
                    },
                    {
                        "CONTRACT # FOR INVOICING": "4390162"
                    },
                    {
                        "AGY CLI": "missing"
                    },
                    {
                        "ADVERTISER": "People for Ben"
                    },
                    {
                        "AGY PRD": "missing"
                    },
                    {
                        "INVOICE": "MEDIA FINANCIAL SERVICES"
                    },
                    {
                        "PRODUCT": "Est 8997 10/6-10/12 Candidate"
                    },
                    {
                        "AGY EST": "8997"
                    },
                    {
                        "FLIGHT": "10-06-2020 TO 10/12/2020"
                    },
                    {
                        "TOT # OF DAYS": "7"
                    },
                    {
                        "PRIM. DEMO": "Adults,35+"
                    },
                    {
                        "SEC. DEMO": "missing"
                    },
                    {
                        "SPOT TYPE": "missing"
                    },
                    {
                        "LAST SENT": "10/05/2020 14:24"
                    }
                ]
            },
            {
                "type": "table",
                "content": [
                    {
                        "MC": "missing",
                        "LN": 1,
                        "SPT TYP": "missing",
                        "DAYS": ".T.....",
                        "START": "6:00AM",
                        "END\\nTIME": "10:00AM",
                        "LEN": 60,
                        "START.1": "10/6/2020",
                        "STOP": "10/6/2020",
                        "SP/DY": 2,
                        "RATE": "$40",
                        "TOTAL": "$80"
                    },
                    {
                        "MC": "missing",
                        "LN": 2,
                        "SPT TYP": "missing",
                        "DAYS": ".T.....",
                        "START": "10:00AM",
                        "END\\nTIME": "3:00PM",
                        "LEN": 60,
                        "START.1": "10/6/2020",
                        "STOP": "10/6/2020",
                        "SP/DY": 1,
                        "RATE": "$40",
                        "TOTAL": "$40"
                    },
                    {
                        "MC": "missing",
                        "LN": 3,
                        "SPT TYP": "missing",
                        "DAYS": ".T.....",
                        "START": "3:00PM",
                        "END\\nTIME": "7:00PM",
                        "LEN": 60,
                        "START.1": "10/6/2020",
                        "STOP": "10/6/2020",
                        "SP/DY": 2,
                        "RATE": "$40",
                        "TOTAL": "$80"
                    }
                ]
            },
            {
                "type": "table",
                "content": [
                    {
                        "MC": "missing",
                        "LN": 1,
                        "SPT TYP": "missing",
                        "DAYS": "..W....",
                        "START": "6:00AM",
                        "END\\nTIME": "10:00AM",
                        "LEN": 60,
                        "START.1": "10/7/2020",
                        "STOP": "10/7/2020",
                        "SP/DY": 2,
                        "RATE": "$40",
                        "TOTAL": "$80"
                    },
                    {
                        "MC": "missing",
                        "LN": 2,
                        "SPT TYP": "missing",
                        "DAYS": "..W....",
                        "START": "10:00AM",
                        "END\\nTIME": "3:00PM",
                        "LEN": 60,
                        "START.1": "10/7/2020",
                        "STOP": "10/7/2020",
                        "SP/DY": 1,
                        "RATE": "$40",
                        "TOTAL": "$40"
                    },
                    {
                        "MC": "missing",
                        "LN": 3,
                        "SPT TYP": "missing",
                        "DAYS": "..W....",
                        "START": "3:00PM",
                        "END\\nTIME": "7:00PM",
                        "LEN": 60,
                        "START.1": "10/7/2020",
                        "STOP": "10/7/2020",
                        "SP/DY": 2,
                        "RATE": "$40",
                        "TOTAL": "$80"
                    }
                ]
            }
        ]
    },
    {
        "id": 2,
        "content": [
            {
                "type": "kv",
                "content": [
                    {
                        "STATION": "KNMF-FM"
                    },
                    {
                        "ORDER#": "317795"
                    },
                    {
                        "DATE": "10/05/2020"
                    },
                    {
                        "MARKET": "Unmeasured Market"
                    },
                    {
                        "AMOUNT": "$1,480.00"
                    },
                    {
                        "AGENCY": "MEDIA FINANCIAL SERVICES"
                    },
                    {
                        "REP": "Regional Reps Non-Rep"
                    },
                    {
                        "SPOTS": "37"
                    },
                    {
                        "MOD": "Stn Ver: 1 Last:"
                    },
                    {
                        "SALES OFFICE": "PHILADELPHIA"
                    },
                    {
                        "SLS PH": "412 421 2600"
                    },
                    {
                        "SALESPERSON": "Roger Rafson"
                    },
                    {
                        "SLS FAX": "412 421 6001"
                    },
                    {
                        "SLS EMAIL": "Roger.Rafson@GenMediaPartners.com"
                    },
                    {
                        "AGENCY": "MEDIA FINANCIAL SERVICES"
                    },
                    {
                        "CONTRACT # FOR INVOICING": "4390162"
                    },
                    {
                        "AGY CLI": "missing"
                    },
                    {
                        "ADVERTISER": "People for Ben"
                    },
                    {
                        "AGY PRD": "missing"
                    },
                    {
                        "INVOICE": "MEDIA FINANCIAL SERVICES"
                    },
                    {
                        "PRODUCT": "Est 8997 10/6-10/12 Candidate"
                    },
                    {
                        "AGY EST": "8997"
                    },
                    {
                        "FLIGHT": "10-06-2020 TO 10/12/2020"
                    },
                    {
                        "TOT # OF DAYS": "7"
                    },
                    {
                        "PRIM. DEMO": "Adults,35+"
                    },
                    {
                        "SEC. DEMO": "missing"
                    },
                    {
                        "SPOT TYPE": "missing"
                    },
                    {
                        "LAST SENT": "10/05/2020 14:24"
                    }
                ]
            },
            {
                "type": "table",
                "content": [
                    {
                        "MC": "missing",
                        "LN": 1,
                        "SPT TYP": "missing",
                        "DAYS": "...T...",
                        "START": "6:00AM",
                        "END\\nTIME": "10:00AM",
                        "LEN": 60,
                        "START.1": "10/8/2020",
                        "STOP": "10/8/2020",
                        "SP/DY": 2,
                        "RATE": "$40",
                        "TOTAL": "$80"
                    },
                    {
                        "MC": "missing",
                        "LN": 2,
                        "SPT TYP": "missing",
                        "DAYS": "...T...",
                        "START": "10:00AM",
                        "END\\nTIME": "3:00PM",
                        "LEN": 60,
                        "START.1": "10/8/2020",
                        "STOP": "10/8/2020",
                        "SP/DY": 1,
                        "RATE": "$40",
                        "TOTAL": "$40"
                    },
                    {
                        "MC": "missing",
                        "LN": 3,
                        "SPT TYP": "missing",
                        "DAYS": "...T...",
                        "START": "3:00PM",
                        "END\\nTIME": "7:00PM",
                        "LEN": 60,
                        "START.1": "10/8/2020",
                        "STOP": "10/8/2020",
                        "SP/DY": 2,
                        "RATE": "$40",
                        "TOTAL": "$80"
                    }
                ]
            },
            {
                "type": "table",
                "content": [
                    {
                        "MC": "missing",
                        "LN": 1,
                        "SPT TYP": "missing",
                        "DAYS": "....F..",
                        "START": "6:00AM",
                        "END\\nTIME": "10:00AM",
                        "LEN": 60,
                        "START.1": "10/9/2020",
                        "STOP": "10/9/2020",
                        "SP/DY": 2,
                        "RATE": "$40",
                        "TOTAL": "$80"
                    },
                    {
                        "MC": "missing",
                        "LN": 2,
                        "SPT TYP": "missing",
                        "DAYS": "....F..",
                        "START": "10:00AM",
                        "END\\nTIME": "3:00PM",
                        "LEN": 60,
                        "START.1": "10/9/2020",
                        "STOP": "10/9/2020",
                        "SP/DY": 1,
                        "RATE": "$40",
                        "TOTAL": "$40"
                    },
                    {
                        "MC": "missing",
                        "LN": 3,
                        "SPT TYP": "missing",
                        "DAYS": "....F..",
                        "START": "3:00PM",
                        "END\\nTIME": "7:00PM",
                        "LEN": 60,
                        "START.1": "10/9/2020",
                        "STOP": "10/9/2020",
                        "SP/DY": 2,
                        "RATE": "$40",
                        "TOTAL": "$80"
                    }
                ]
            },
            {
                "type": "table",
                "content": [
                    {
                        "MC": "missing",
                        "LN": 4,
                        "SPT TYP": "missing",
                        "DAYS": ".....S.",
                        "START": "6:00AM",
                        "END\\nTIME": "7:00PM",
                        "LEN": 60,
                        "START.1": "10/10/2020",
                        "STOP": "10/10/2020",
                        "SP/DY": 6,
                        "RATE": "$40",
                        "TOTAL": "$240"
                    }
                ]
            }
        ]
    },
    {
        "id": 3,
        "content": [
            {
                "type": "kv",
                "content": [
                    {
                        "STATION": "KNMF-FM"
                    },
                    {
                        "ORDER#": "317795"
                    },
                    {
                        "DATE": "10/05/2020"
                    },
                    {
                        "MARKET": "Unmeasured Market"
                    },
                    {
                        "AMOUNT": "$1,480.00"
                    },
                    {
                        "AGENCY": "MEDIA FINANCIAL SERVICES"
                    },
                    {
                        "REP": "Regional Reps Non-Rep"
                    },
                    {
                        "SPOTS": "37"
                    },
                    {
                        "MOD": "Stn Ver: 1 Last:"
                    },
                    {
                        "SALES OFFICE": "PHILADELPHIA"
                    },
                    {
                        "SLS PH": "412 421 2600"
                    },
                    {
                        "SALESPERSON": "Roger Rafson"
                    },
                    {
                        "CONTRACT # FOR INVOICING": "4390162"
                    },
                    {
                        "SLS FAX": "412 421 6001"
                    },
                    {
                        "SLS EMAIL": "Roger.Rafson@GenMediaPartners.com"
                    },
                    {
                        "AGENCY": "MEDIA FINANCIAL SERVICES"
                    },
                    {
                        "AGY CLI": "missing"
                    },
                    {
                        "ADVERTISER": "People for Ben"
                    },
                    {
                        "AGY PRD": "missing"
                    },
                    {
                        "INVOICE": "MEDIA FINANCIAL SERVICES"
                    },
                    {
                        "PRODUCT": "Est 8997 10/6-10/12 Candidate"
                    },
                    {
                        "AGY EST": "8997"
                    },
                    {
                        "FLIGHT": "10-06-2020 TO 10/12/2020"
                    },
                    {
                        "TOT # OF DAYS": "7"
                    },
                    {
                        "PRIM. DEMO": "Adults,35+"
                    },
                    {
                        "SEC. DEMO": "missing"
                    },
                    {
                        "SPOT TYPE": "missing"
                    },
                    {
                        "LAST SENT": "10/05/2020 14:24"
                    }
                ]
            },
            {
                "type": "table",
                "content": [
                    {
                        "MC": "missing",
                        "LN": 4,
                        "SPT TYP": "missing",
                        "DAYS": "......S",
                        "START": "6:00AM",
                        "END\\nTIME": "7:00PM",
                        "LEN": 60,
                        "START.1": "10/11/2020",
                        "STOP": "10/11/2020",
                        "SP/DY": 6,
                        "RATE": "$40",
                        "TOTAL": "$240"
                    }
                ]
            },
            {
                "type": "table",
                "content": [
                    {
                        "MC": "missing",
                        "LN": 1,
                        "SPT TYP": "missing",
                        "DAYS": "M......",
                        "START": "6:00AM",
                        "END\\nTIME": "10:00AM",
                        "LEN": 60,
                        "START.1": "10/12/2020",
                        "STOP": "10/12/2020",
                        "SP/DY": 2,
                        "RATE": "$40",
                        "TOTAL": "$80"
                    },
                    {
                        "MC": "missing",
                        "LN": 2,
                        "SPT TYP": "missing",
                        "DAYS": "M......",
                        "START": "10:00AM",
                        "END\\nTIME": "3:00PM",
                        "LEN": 60,
                        "START.1": "10/12/2020",
                        "STOP": "10/12/2020",
                        "SP/DY": 1,
                        "RATE": "$40",
                        "TOTAL": "$40"
                    },
                    {
                        "MC": "missing",
                        "LN": 3,
                        "SPT TYP": "missing",
                        "DAYS": "M......",
                        "START": "3:00PM",
                        "END\\nTIME": "7:00PM",
                        "LEN": 60,
                        "START.1": "10/12/2020",
                        "STOP": "10/12/2020",
                        "SP/DY": 2,
                        "RATE": "$40",
                        "TOTAL": "$80"
                    }
                ]
            }
        ]
    }
]