[
    {
        "id": 1,
        "content": [
            {
                "type": "metadata",
                "content": "WTSB INVOICE\nTruth Broadcasting\n4405 Providence Lane\nWinston-Salem, NC 27106\n(336) 759-0363\n"
            },
            {
                "type": "kv",
                "content": [
                    {
                        "Invoice #": "22748"
                    },
                    {
                        "Date": "02/29/20"
                    },
                    {
                        "Account": "3874"
                    },
                    {
                        "Contract": "13388"
                    },
                    {
                        "Acct Rep": "\"Carbone, Michael\""
                    },
                    {
                        "To": "Ax Media"
                    },
                    {
                        "Attn": "Taylor Fernie"
                    },
                    {
                        "Sponsor": "EC Sykes/NC Secretary Of State"
                    },
                    {
                        "Re": "EC Sykes/NC Sec Of State WTSB"
                    },
                    {
                        "PO#/Est#": "missing"
                    }
                ]
            },
            {
                "type": "metadata",
                "content": "800 W. 47th St. Suite 200\nKansas City MO 64112\nPage\ncontinued on page\nTruth Broadcasting Corp\nGot Truth??\n"
            },
            {
                "type": "table",
                "content": [
                    {
                        "Run Date": "02/11/20",
                        "Time": "7:20a",
                        "Length": "1:00",
                        "Description": "EC Sykes/NC Sec Of State WTSB",
                        "Rate": 41.18,
                        "Quantity": 1,
                        "Amount": 41.18
                    },
                    {
                        "Run Date": "02/11/20",
                        "Time": "8:22a",
                        "Length": "1:00",
                        "Description": "EC Sykes/NC Sec Of State WTSB",
                        "Rate": 41.18,
                        "Quantity": 1,
                        "Amount": 41.18
                    },
                    {
                        "Run Date": "02/11/20",
                        "Time": "9:22a",
                        "Length": "1:00",
                        "Description": "EC Sykes/NC Sec Of State WTSB",
                        "Rate": 41.18,
                        "Quantity": 1,
                        "Amount": 41.18
                    },
                    {
                        "Run Date": "02/11/20",
                        "Time": "10:56a",
                        "Length": "1:00",
                        "Description": "EC Sykes/NC Sec Of State WTSB",
                        "Rate": 35.3,
                        "Quantity": 1,
                        "Amount": 35.3
                    },
                    {
                        "Run Date": "02/11/20",
                        "Time": "1:19p",
                        "Length": "1:00",
                        "Description": "EC Sykes/NC Sec Of State WTSB",
                        "Rate": 35.3,
                        "Quantity": 1,
                        "Amount": 35.3
                    },
                    {
                        "Run Date": "02/11/20",
                        "Time": "4:21p",
                        "Length": "1:00",
                        "Description": "EC Sykes/NC Sec Of State WTSB",
                        "Rate": 35.3,
                        "Quantity": 1,
                        "Amount": 35.3
                    },
                    {
                        "Run Date": "02/11/20",
                        "Time": "5:20p",
                        "Length": "1:00",
                        "Description": "EC Sykes/NC Sec Of State WTSB",
                        "Rate": 35.3,
                        "Quantity": 1,
                        "Amount": 35.3
                    },
                    {
                        "Run Date": "02/12/20",
                        "Time": "7:20a",
                        "Length": "1:00",
                        "Description": "EC Sykes/NC Sec Of State WTSB",
                        "Rate": 41.18,
                        "Quantity": 1,
                        "Amount": 41.18
                    },
                    {
                        "Run Date": "02/12/20",
                        "Time": "7:41a",
                        "Length": "1:00",
                        "Description": "EC Sykes/NC Sec Of State WTSB",
                        "Rate": 41.18,
                        "Quantity": 1,
                        "Amount": 41.18
                    },
                    {
                        "Run Date": "02/12/20",
                        "Time": "11:54a",
                        "Length": "1:00",
                        "Description": "EC Sykes/NC Sec Of State WTSB",
                        "Rate": 35.3,
                        "Quantity": 1,
                        "Amount": 35.3
                    },
                    {
                        "Run Date": "02/12/20",
                        "Time": "2:24p",
                        "Length": "1:00",
                        "Description": "EC Sykes/NC Sec Of State WTSB",
                        "Rate": 35.3,
                        "Quantity": 1,
                        "Amount": 35.3
                    },
                    {
                        "Run Date": "02/12/20",
                        "Time": "3:10p",
                        "Length": "1:00",
                        "Description": "EC Sykes/NC Sec Of State WTSB",
                        "Rate": 35.3,
                        "Quantity": 1,
                        "Amount": 35.3
                    },
                    {
                        "Run Date": "02/12/20",
                        "Time": "4:18p",
                        "Length": "1:00",
                        "Description": "EC Sykes/NC Sec Of State WTSB",
                        "Rate": 35.3,
                        "Quantity": 1,
                        "Amount": 35.3
                    },
                    {
                        "Run Date": "02/12/20",
                        "Time": "5:20p",
                        "Length": "1:00",
                        "Description": "EC Sykes/NC Sec Of State WTSB",
                        "Rate": 35.3,
                        "Quantity": 1,
                        "Amount": 35.3
                    },
                    {
                        "Run Date": "02/13/20",
                        "Time": "7:22a",
                        "Length": "1:00",
                        "Description": "EC Sykes/NC Sec Of State WTSB",
                        "Rate": 41.18,
                        "Quantity": 1,
                        "Amount": 41.18
                    },
                    {
                        "Run Date": "02/13/20",
                        "Time": "7:40a",
                        "Length": "1:00",
                        "Description": "EC Sykes/NC Sec Of State WTSB",
                        "Rate": 41.18,
                        "Quantity": 1,
                        "Amount": 41.18
                    },
                    {
                        "Run Date": "02/13/20",
                        "Time": "8:23a",
                        "Length": "1:00",
                        "Description": "EC Sykes/NC Sec Of State WTSB",
                        "Rate": 41.18,
                        "Quantity": 1,
                        "Amount": 41.18
                    },
                    {
                        "Run Date": "02/13/20",
                        "Time": "10:29a",
                        "Length": "1:00",
                        "Description": "EC Sykes/NC Sec Of State WTSB",
                        "Rate": 35.3,
                        "Quantity": 1,
                        "Amount": 35.3
                    },
                    {
                        "Run Date": "02/13/20",
                        "Time": "12:06p",
                        "Length": "1:00",
                        "Description": "EC Sykes/NC Sec Of State WTSB",
                        "Rate": 35.3,
                        "Quantity": 1,
                        "Amount": 35.3
                    },
                    {
                        "Run Date": "02/13/20",
                        "Time": "1:41p",
                        "Length": "1:00",
                        "Description": "EC Sykes/NC Sec Of State WTSB",
                        "Rate": 35.3,
                        "Quantity": 1,
                        "Amount": 35.3
                    },
                    {
                        "Run Date": "02/13/20",
                        "Time": "4:21p",
                        "Length": "1:00",
                        "Description": "EC Sykes/NC Sec Of State WTSB",
                        "Rate": 35.3,
                        "Quantity": 1,
                        "Amount": 35.3
                    },
                    {
                        "Run Date": "02/13/20",
                        "Time": "5:22p",
                        "Length": "1:00",
                        "Description": "EC Sykes/NC Sec Of State WTSB",
                        "Rate": 35.3,
                        "Quantity": 1,
                        "Amount": 35.3
                    },
                    {
                        "Run Date": "02/14/20",
                        "Time": "7:20a",
                        "Length": "1:00",
                        "Description": "EC Sykes/NC Sec Of State WTSB",
                        "Rate": 41.18,
                        "Quantity": 1,
                        "Amount": 41.18
                    },
                    {
                        "Run Date": "02/14/20",
                        "Time": "8:23a",
                        "Length": "1:00",
                        "Description": "EC Sykes/NC Sec Of State WTSB",
                        "Rate": 41.18,
                        "Quantity": 1,
                        "Amount": 41.18
                    },
                    {
                        "Run Date": "02/14/20",
                        "Time": "12:18p",
                        "Length": "1:00",
                        "Description": "EC Sykes/NC Sec Of State WTSB",
                        "Rate": 35.3,
                        "Quantity": 1,
                        "Amount": 35.3
                    },
                    {
                        "Run Date": "02/14/20",
                        "Time": "2:42p",
                        "Length": "1:00",
                        "Description": "EC Sykes/NC Sec Of State WTSB",
                        "Rate": 35.3,
                        "Quantity": 1,
                        "Amount": 35.3
                    }
                ]
            }
        ]
    },
    {
        "id": 2,
        "content": [
            {
                "type": "metadata",
                "content": "WTSB INVOICE\nTruth Broadcasting\n4405 Providence Lane\nWinston-Salem, NC 27106\n(336) 759-0363\n"
            },
            {
                "type": "kv",
                "content": [
                    {
                        "Invoice #": "22748"
                    },
                    {
                        "Date": "02/29/20"
                    },
                    {
                        "Account": "3874"
                    },
                    {
                        "Contract": "13388"
                    },
                    {
                        "Acct Rep": "\"Carbone, Michael\""
                    },
                    {
                        "To": "Ax Media"
                    },
                    {
                        "Attn": "Taylor Fernie"
                    },
                    {
                        "Sponsor": "EC Sykes/NC Secretary Of State"
                    },
                    {
                        "Re": "EC Sykes/NC Sec Of State WTSB"
                    },
                    {
                        "PO#/Est#": "missing"
                    },
                    {
                        "TOTAL": "1306.0"
                    },
                    {
                        "AGENCY COMM": "-195.9"
                    },
                    {
                        "NET DUE": "1110.1"
                    },
                    {
                        "AFFIDAVIT OF PERFORMANCE": "I certify that, in accordance with the Official\\n Station Logs, announcements ere braodcast as shown on this invoice."
                    },
                    {
                        "Sworn before me on": "missing"
                    },
                    {
                        "Station Official": "missing"
                    },
                    {
                        "Notary Public": "missing"
                    }
                ]
            },
            {
                "type": "metadata",
                "content": "800 W. 47th St. Suite 200\nKansas City MO 64112\nPage\nTruth Broadcasting Corp\nGot Truth??\n35\nTOTAL BROADCASTS\nSTATE OF NORTH CAROLINA\nCOUNTY OF FORSYTH\n"
            },
            {
                "type": "table",
                "content": [
                    {
                        "Run Date": "02/14/20",
                        "Time": "3:42p",
                        "Length": "1:00",
                        "Description": "EC Sykes/NC Sec Of State WTSB",
                        "Rate": 35.3,
                        "Quantity": 1,
                        "Amount": 35.3
                    },
                    {
                        "Run Date": "02/14/20",
                        "Time": "4:20p",
                        "Length": "1:00",
                        "Description": "EC Sykes/NC Sec Of State WTSB",
                        "Rate": 35.3,
                        "Quantity": 1,
                        "Amount": 35.3
                    },
                    {
                        "Run Date": "02/14/20",
                        "Time": "6:36p",
                        "Length": "1:00",
                        "Description": "EC Sykes/NC Sec Of State WTSB",
                        "Rate": 35.3,
                        "Quantity": 1,
                        "Amount": 35.3
                    },
                    {
                        "Run Date": "02/17/20",
                        "Time": "7:19a",
                        "Length": "1:00",
                        "Description": "EC Sykes/NC Sec Of State WTSB",
                        "Rate": 41.18,
                        "Quantity": 1,
                        "Amount": 41.18
                    },
                    {
                        "Run Date": "02/17/20",
                        "Time": "8:28a",
                        "Length": "1:00",
                        "Description": "EC Sykes/NC Sec Of State WTSB",
                        "Rate": 41.18,
                        "Quantity": 1,
                        "Amount": 41.18
                    },
                    {
                        "Run Date": "02/17/20",
                        "Time": "11:17a",
                        "Length": "1:00",
                        "Description": "EC Sykes/NC Sec Of State WTSB",
                        "Rate": 35.3,
                        "Quantity": 1,
                        "Amount": 35.3
                    },
                    {
                        "Run Date": "02/17/20",
                        "Time": "2:12p",
                        "Length": "1:00",
                        "Description": "EC Sykes/NC Sec Of State WTSB",
                        "Rate": 35.3,
                        "Quantity": 1,
                        "Amount": 35.3
                    },
                    {
                        "Run Date": "02/17/20",
                        "Time": "3:43p",
                        "Length": "1:00",
                        "Description": "EC Sykes/NC Sec Of State WTSB",
                        "Rate": 35.3,
                        "Quantity": 1,
                        "Amount": 35.3
                    },
                    {
                        "Run Date": "02/17/20",
                        "Time": "5:42p",
                        "Length": "1:00",
                        "Description": "EC Sykes/NC Sec Of State WTSB",
                        "Rate": 35.3,
                        "Quantity": 1,
                        "Amount": 35.3
                    }
                ]
            }
        ]
    }
]