[
    {
        "id": 1,
        "content": [
            {
                "type": "metadata",
                "content": "FOX21 Duluth-Superior\nKQDS-TV\nDuluth/Superior (KQDS)\nThe parties to this agreement will not discriminate on the placement of advertising on the basis of race or gender.\nB/E Bookend P/B Piggy Back\nPrinted At: 02:36 PM on Monday, August 31 2020\nPage 1 of 4\n"
            },
            {
                "type": "kv",
                "content": [
                    {
                        "Contract #": "59119"
                    },
                    {
                        "Schedule Dates": "09/04/20-09/07/20"
                    },
                    {
                        "Advertiser": "POLJ Biden/D/Pres/US (6268)"
                    },
                    {
                        "Agency": "Media Buying and Analytics (2146)"
                    },
                    {
                        "Product": "Political-Candidate (1058)"
                    },
                    {
                        "Brand": "1106/1350/8137 (38888)"
                    },
                    {
                        "Salesperson": "HRP-Philadelphia, Philadelphia (1087)"
                    },
                    {
                        "Sales Office": "HRP-Philadelphia"
                    },
                    {
                        "Buyer Name": "HUTTON,SHELLI"
                    },
                    {
                        "Phone/Fax": "/"
                    },
                    {
                        "CPE": "1106/1350/8137"
                    },
                    {
                        "Account Types": "National/Political Agency"
                    },
                    {
                        "Billing Type": "Standard"
                    },
                    {
                        "Order Type": "Normal"
                    },
                    {
                        "Commission %": "15.00"
                    },
                    {
                        "Commission": "$101.40"
                    },
                    {
                        "Net Total": "$574.60"
                    },
                    {
                        "Sales Tax": "missing"
                    },
                    {
                        "Headline #": "09918296"
                    },
                    {
                        "Demo": "missing"
                    },
                    {
                        "Package Deal": "missing"
                    },
                    {
                        "CO-OP": "No"
                    },
                    {
                        "Entered By": "Lori Kempton"
                    },
                    {
                        "Date Entered": "08/31/20"
                    },
                    {
                        "Last Modified": "08/31/20"
                    },
                    {
                        "Comments": "BIDEN FOR PRES/60\u2019S\\n****** THIS IS A CASH IN ADVANCE SCHEDULE ******"
                    }
                ]
            },
            {
                "type": "table",
                "content": [
                    {
                        "By Broadcast Month": "Sep. 2020",
                        "Spots": "Spots",
                        "Rate": "36"
                    },
                    {
                        "By Broadcast Month": "Grand Total",
                        "Spots": "36",
                        "Rate": "$676.00"
                    }
                ]
            },
            {
                "type": "table",
                "content": [
                    {
                        "Line": 1.0,
                        "Line Type": "Normal Line / SPOT",
                        "Dates": "09/07/20-09/07/20",
                        "Sec": 4,
                        "Length": "1:00",
                        "Run Times": "6A- MIKE & MOLLY 6AM",
                        "SPW": "missing",
                        "Mo": 1,
                        "Tu": "missing",
                        "We": "missing",
                        "Th": "missing",
                        "Fr": "missing",
                        "Sa": "missing",
                        "Su": 1,
                        "Spots": 1,
                        "Rate": "$6.00",
                        "Total": "$6.00",
                        "Station": "Duluth/Superior (KQDS)",
                        "Comments": "MIKE & MOLLY",
                        "Entered": "08/31/20"
                    },
                    {
                        "Line": 2.0,
                        "Line Type": "Normal Line / SPOT",
                        "Dates": "09/04/20-09/04/20",
                        "Sec": 4,
                        "Length": "1:00",
                        "Run Times": "6A- MIKE & MOLLY 6AM",
                        "SPW": "missing",
                        "Mo": 1,
                        "Tu": "missing",
                        "We": "missing",
                        "Th": "missing",
                        "Fr": "missing",
                        "Sa": "missing",
                        "Su": 1,
                        "Spots": 1,
                        "Rate": "$6.00",
                        "Total": "$6.00",
                        "Station": "Duluth/Superior (KQDS)",
                        "Comments": "MIKE & MOLLY",
                        "Entered": "08/31/20"
                    },
                    {
                        "Line": 3.0,
                        "Line Type": "Normal Line / SPOT",
                        "Dates": "09/04/20-09/04/20",
                        "Sec": 4,
                        "Length": "1:00",
                        "Run Times": "6:30A- TMZ 630AM",
                        "SPW": "missing",
                        "Mo": 1,
                        "Tu": "missing",
                        "We": "missing",
                        "Th": "missing",
                        "Fr": "missing",
                        "Sa": "missing",
                        "Su": 1,
                        "Spots": 1,
                        "Rate": "$6.00",
                        "Total": "$6.00",
                        "Station": "Duluth/Superior (KQDS)",
                        "Comments": "TMZ",
                        "Entered": "08/31/20"
                    },
                    {
                        "Line": 4.0,
                        "Line Type": "Normal Line / SPOT",
                        "Dates": "09/04/20-09/04/20",
                        "Sec": 4,
                        "Length": "1:00",
                        "Run Times": "6:30A- TMZ 630AM",
                        "SPW": "missing",
                        "Mo": 1,
                        "Tu": "missing",
                        "We": "missing",
                        "Th": "missing",
                        "Fr": "missing",
                        "Sa": "missing",
                        "Su": 1,
                        "Spots": 1,
                        "Rate": "$6.00",
                        "Total": "$6.00",
                        "Station": "Duluth/Superior (KQDS)",
                        "Comments": "TMZ",
                        "Entered": "08/31/20"
                    },
                    {
                        "Line": 5.0,
                        "Line Type": "Normal Line / SPOT",
                        "Dates": "09/04/20-09/04/20",
                        "Sec": 4,
                        "Length": "1:00",
                        "Run Times": "9A- FAMILY FEUD 9AM",
                        "SPW": "missing",
                        "Mo": 1,
                        "Tu": "missing",
                        "We": "missing",
                        "Th": "missing",
                        "Fr": "missing",
                        "Sa": "missing",
                        "Su": 1,
                        "Spots": 1,
                        "Rate": "$10.00",
                        "Total": "$10.00",
                        "Station": "Duluth/Superior (KQDS)",
                        "Comments": "FAMILY FEUD",
                        "Entered": "08/31/20"
                    },
                    {
                        "Line": 6.0,
                        "Line Type": "Normal Line / SPOT",
                        "Dates": "09/04/20-09/04/20",
                        "Sec": 4,
                        "Length": "1:00",
                        "Run Times": "9A- FAMILY FEUD 9AM",
                        "SPW": "missing",
                        "Mo": 1,
                        "Tu": "missing",
                        "We": "missing",
                        "Th": "missing",
                        "Fr": "missing",
                        "Sa": "missing",
                        "Su": 1,
                        "Spots": 1,
                        "Rate": "$10.00",
                        "Total": "$10.00",
                        "Station": "Duluth/Superior (KQDS)",
                        "Comments": "FAMILY FEUD",
                        "Entered": "08/31/20"
                    },
                    {
                        "Line": 7.0,
                        "Line Type": "Normal Line / SPOT",
                        "Dates": "09/04/20-09/04/20",
                        "Sec": 4,
                        "Length": "1:00",
                        "Run Times": "9:30A- FAMILY FEUD 930AM",
                        "SPW": "missing",
                        "Mo": 1,
                        "Tu": "missing",
                        "We": "missing",
                        "Th": "missing",
                        "Fr": "missing",
                        "Sa": "missing",
                        "Su": 1,
                        "Spots": 1,
                        "Rate": "$10.00",
                        "Total": "$10.00",
                        "Station": "Duluth/Superior (KQDS)",
                        "Comments": "FAMILY FEUD",
                        "Entered": "08/31/20"
                    },
                    {
                        "Line": 8.0,
                        "Line Type": "Normal Line / SPOT",
                        "Dates": "09/04/20-09/04/20",
                        "Sec": 4,
                        "Length": "1:00",
                        "Run Times": "9:30A- FAMILY FEUD 930AM",
                        "SPW": "missing",
                        "Mo": 1,
                        "Tu": "missing",
                        "We": "missing",
                        "Th": "missing",
                        "Fr": "missing",
                        "Sa": "missing",
                        "Su": 1,
                        "Spots": 1,
                        "Rate": "$10.00",
                        "Total": "$10.00",
                        "Station": "Duluth/Superior (KQDS)",
                        "Comments": "FAMILY FEUD",
                        "Entered": "08/31/20"
                    },
                    {
                        "Line": 9.0,
                        "Line Type": "Normal Line / SPOT",
                        "Dates": "09/04/20-09/04/20",
                        "Sec": 4,
                        "Length": "1:00",
                        "Run Times": "10A- 11A (CST)",
                        "SPW": "mimssing",
                        "Mo": 1,
                        "Tu": "missing",
                        "We": "missing",
                        "Th": "missing",
                        "Fr": "missing",
                        "Sa": "missing",
                        "Su": 1,
                        "Spots": 1,
                        "Rate": "$10.00",
                        "Total": "$10.00",
                        "Station": "Duluth/Superior (KQDS)",
                        "Comments": "2 BROKE/HIMYM",
                        "Entered": "08/31/20"
                    },
                    {
                        "Line": 10.0,
                        "Line Type": "Normal Line / SPOT",
                        "Dates": "09/04/20-09/04/20",
                        "Sec": 4,
                        "Length": "1:00",
                        "Run Times": "10A- 11A (CST)",
                        "SPW": "missing",
                        "Mo": 1,
                        "Tu": "missing",
                        "We": "missing",
                        "Th": "missing",
                        "Fr": "missing",
                        "Sa": "missing",
                        "Su": 1,
                        "Spots": 1,
                        "Rate": "$10.00",
                        "Total": "$10.00",
                        "Station": "Duluth/Superior (KQDS)",
                        "Comments": "2 BROKE/HIMYM",
                        "Entered": "08/31/20"
                    },
                    {
                        "Line": 11.0,
                        "Line Type": "Normal Line / SPOT",
                        "Dates": "09/04/20-09/04/20",
                        "Sec": 4,
                        "Length": "1:00",
                        "Run Times": "11A- PATERNITY COURT 11AM",
                        "SPW": "missing",
                        "Mo": 1,
                        "Tu": "missing",
                        "We": "missing",
                        "Th": "missing",
                        "Fr": "missing",
                        "Sa": "missing",
                        "Su": 1,
                        "Spots": 1,
                        "Rate": "$10.00",
                        "Total": "$10.00",
                        "Station": "Duluth/Superior (KQDS)",
                        "Comments": "PATERNITY COURT",
                        "Entered": "08/31/20"
                    }
                ]
            }
        ]
    },
    {
        "id": 2,
        "content": [
            {
                "type": "metadata",
                "content": "FOX21 Duluth-Superior\nKQDS-TV\nDuluth/Superior (KQDS)\nThe parties to this agreement will not discriminate on the placement of advertising on the basis of race or gender.\nB/E Bookend P/B Piggy Back\nPrinted At: 02:36 PM on Monday, August 31 2020\nPage 2 of 4\n"
            },
            {
                "type": "kv",
                "content": [
                    {
                        "Contract #": "59119"
                    },
                    {
                        "Schedule Dates": "09/04/20-09/07/20"
                    },
                    {
                        "Advertiser": "POLJ Biden/D/Pres/US (6268)"
                    },
                    {
                        "Agency": "Media Buying and Analytics (2146)"
                    },
                    {
                        "Product": "Political-Candidate (1058)"
                    },
                    {
                        "Brand": "1106/1350/8137 (38888)"
                    },
                    {
                        "Salesperson": "HRP-Philadelphia, Philadelphia (1087)"
                    },
                    {
                        "Sales Office": "HRP-Philadelphia"
                    },
                    {
                        "Buyer Name": "HUTTON,SHELLI"
                    },
                    {
                        "Phone/Fax": "/"
                    },
                    {
                        "CPE": "1106/1350/8137"
                    },
                    {
                        "Account Types": "National/Political Agency"
                    },
                    {
                        "Billing Type": "Standard"
                    },
                    {
                        "Order Type": "Normal"
                    },
                    {
                        "Commission %": "15.00"
                    },
                    {
                        "Commission": "$101.40"
                    },
                    {
                        "Net Total": "$574.60"
                    },
                    {
                        "Sales Tax": "missing"
                    },
                    {
                        "Headline #": "09918296"
                    },
                    {
                        "Demo": "missing"
                    },
                    {
                        "Package Deal": "missing"
                    },
                    {
                        "CO-OP": "No"
                    },
                    {
                        "Entered By": "Lori Kempton"
                    },
                    {
                        "Date Entered": "08/31/20"
                    },
                    {
                        "Last Modified": "08/31/20"
                    },
                    {
                        "Comments": "BIDEN FOR PRES/60\u2019S\\n****** THIS IS A CASH IN ADVANCE SCHEDULE ******"
                    }
                ]
            },
            {
                "type": "table",
                "content": [
                    {
                        "By Broadcast Month": "Sep. 2020",
                        "Spots": "Spots",
                        "Rate": "36"
                    },
                    {
                        "By Broadcast Month": "Grand Total",
                        "Spots": "36",
                        "Rate": "$676.00"
                    }
                ]
            },
            {
                "type": "table",
                "content": [
                    {
                        "Line": 12.0,
                        "Line Type": "Normal Line / SPOT",
                        "Dates": "09/04/20-09/04/20",
                        "Sec": 4,
                        "Length": "1:00",
                        "Run Times": "11A- PATERNITY COURT 11AM",
                        "SPW": "missing",
                        "Mo": 1,
                        "Tu": "missing",
                        "We": "missing",
                        "Th": "missing",
                        "Fr": "missing",
                        "Sa": 1,
                        "Su": "missing",
                        "Spots": 1,
                        "Rate": "$10.00",
                        "Total": "$10.00",
                        "Station": "Duluth/Superior (KQDS)",
                        "Comments": "PATERNITY COURT",
                        "Entered": "08/31/20"
                    },
                    {
                        "Line": 13.0,
                        "Line Type": "Normal Line / SPOT",
                        "Dates": "09/04/20-09/04/20",
                        "Sec": 4,
                        "Length": "1:00",
                        "Run Times": "11:30A- DIVORCE COURT 1130AM",
                        "SPW": "missing",
                        "Mo": 1,
                        "Tu": "missing",
                        "We": "missing",
                        "Th": "missing",
                        "Fr": "missing",
                        "Sa": 1,
                        "Su": "missing",
                        "Spots": 1,
                        "Rate": "$10.00",
                        "Total": "$10.00",
                        "Station": "Duluth/Superior (KQDS)",
                        "Comments": "DIVORCE COURT",
                        "Entered": "08/31/20"
                    },
                    {
                        "Line": 14.0,
                        "Line Type": "Normal Line / SPOT",
                        "Dates": "09/04/20-09/04/20",
                        "Sec": 4,
                        "Length": "1:00",
                        "Run Times": "11:30A- DIVORCE COURT 1130AM",
                        "SPW": "missing",
                        "Mo": 1,
                        "Tu": "missing",
                        "We": "missing",
                        "Th": "missing",
                        "Fr": "missing",
                        "Sa": 1,
                        "Su": "missing",
                        "Spots": 1,
                        "Rate": "$10.00",
                        "Total": "$10.00",
                        "Station": "Duluth/Superior (KQDS)",
                        "Comments": "DIVORCE COURT",
                        "Entered": "08/31/20"
                    },
                    {
                        "Line": 15.0,
                        "Line Type": "Normal Line / SPOT",
                        "Dates": "09/04/20-09/04/20",
                        "Sec": 4,
                        "Length": "1:00",
                        "Run Times": "12P- PEOPLES COURT 12PM",
                        "SPW": "missing",
                        "Mo": 1,
                        "Tu": "missing",
                        "We": "missing",
                        "Th": "missing",
                        "Fr": "missing",
                        "Sa": 1,
                        "Su": "missing",
                        "Spots": 1,
                        "Rate": "$14.00",
                        "Total": "$14.00",
                        "Station": "Duluth/Superior (KQDS)",
                        "Comments": "THE PEOPLE'S COURT",
                        "Entered": "08/31/20"
                    },
                    {
                        "Line": 16.0,
                        "Line Type": "Normal Line / SPOT",
                        "Dates": "09/04/20-09/04/20",
                        "Sec": 4,
                        "Length": "1:00",
                        "Run Times": "12P- PEOPLES COURT 12PM",
                        "SPW": "missing",
                        "Mo": 1,
                        "Tu": "missing",
                        "We": "missing",
                        "Th": "missing",
                        "Fr": "missing",
                        "Sa": 1,
                        "Su": "missing",
                        "Spots": 1,
                        "Rate": "$14.00",
                        "Total": "$14.00",
                        "Station": "Duluth/Superior (KQDS)",
                        "Comments": "THE PEOPLE'S COURT",
                        "Entered": "08/31/20"
                    },
                    {
                        "Line": 17.0,
                        "Line Type": "Normal Line / SPOT",
                        "Dates": "09/04/20-09/04/20",
                        "Sec": 4,
                        "Length": "1:00",
                        "Run Times": "1P- 2P (CST)",
                        "SPW": "missing",
                        "Mo": 1,
                        "Tu": "missing",
                        "We": "missing",
                        "Th": "missing",
                        "Fr": "missing",
                        "Sa": 1,
                        "Su": "missing",
                        "Spots": 1,
                        "Rate": "$10.00",
                        "Total": "$10.00",
                        "Station": "Duluth/Superior (KQDS)",
                        "Comments": "AMERICA SAYS",
                        "Entered": "08/31/20"
                    },
                    {
                        "Line": 18.0,
                        "Line Type": "Normal Line / SPOT",
                        "Dates": "09/04/20-09/04/20",
                        "Sec": 4,
                        "Length": "1:00",
                        "Run Times": "1P- 2P (CST)",
                        "SPW": "missing",
                        "Mo": 1,
                        "Tu": "missing",
                        "We": "missing",
                        "Th": "missing",
                        "Fr": "missing",
                        "Sa": 1,
                        "Su": "missing",
                        "Spots": 1,
                        "Rate": "$10.00",
                        "Total": "$10.00",
                        "Station": "Duluth/Superior (KQDS)",
                        "Comments": "AMERICA SAYS",
                        "Entered": "08/31/20"
                    },
                    {
                        "Line": 19.0,
                        "Line Type": "Normal Line / SPOT",
                        "Dates": "09/04/20-09/04/20",
                        "Sec": 4,
                        "Length": "1:00",
                        "Run Times": "2P- ACCESS DAILY 2PM",
                        "SPW": "missing",
                        "Mo": 1,
                        "Tu": "missing",
                        "We": "missing",
                        "Th": "missing",
                        "Fr": "missing",
                        "Sa": 1,
                        "Su": "missing",
                        "Spots": 1,
                        "Rate": "$6.00",
                        "Total": "$6.00",
                        "Station": "Duluth/Superior (KQDS)",
                        "Comments": "ACCESS",
                        "Entered": "08/31/20"
                    },
                    {
                        "Line": 20.0,
                        "Line Type": "Normal Line / SPOT",
                        "Dates": "09/04/20-09/04/20",
                        "Sec": 4,
                        "Length": "1:00",
                        "Run Times": "2P- ACCESS DAILY 2PM",
                        "SPW": "missing",
                        "Mo": 1,
                        "Tu": "missing",
                        "We": "missing",
                        "Th": "missing",
                        "Fr": "missing",
                        "Sa": 1,
                        "Su": "missing",
                        "Spots": 1,
                        "Rate": "$6.00",
                        "Total": "$6.00",
                        "Station": "Duluth/Superior (KQDS)",
                        "Comments": "ACCESS",
                        "Entered": "08/31/20"
                    },
                    {
                        "Line": 21.0,
                        "Line Type": "Normal Line / SPOT",
                        "Dates": "09/04/20-09/04/20",
                        "Sec": 4,
                        "Length": "1:00",
                        "Run Times": "3P- 4P (CST)",
                        "SPW": "missing",
                        "Mo": 1,
                        "Tu": "missing",
                        "We": "missing",
                        "Th": "missing",
                        "Fr": "missing",
                        "Sa": 1,
                        "Su": "missing",
                        "Spots": 1,
                        "Rate": "$6.00",
                        "Total": "$6.00",
                        "Station": "Duluth/Superior (KQDS)",
                        "Comments": "DAILY MAIL 2X",
                        "Entered": "08/31/20"
                    },
                    {
                        "Line": 22.0,
                        "Line Type": "Normal Line / SPOT",
                        "Dates": "09/04/20-09/04/20",
                        "Sec": 4,
                        "Length": "1:00",
                        "Run Times": "3P- 4P (CST)",
                        "SPW": "missing",
                        "Mo": 1,
                        "Tu": "missing",
                        "We": "missing",
                        "Th": "missing",
                        "Fr": "missing",
                        "Sa": 1,
                        "Su": "missing",
                        "Spots": 1,
                        "Rate": "$6.00",
                        "Total": "$6.00",
                        "Station": "Duluth/Superior (KQDS)",
                        "Comments": "DAILY MAIL 2X",
                        "Entered": "08/31/20"
                    },
                    {
                        "Line": 23.0,
                        "Line Type": "Normal Line / SPOT",
                        "Dates": "09/04/20-09/04/20",
                        "Sec": 4,
                        "Length": "1:00",
                        "Run Times": "5:30P- LOCAL NEWS 530PM",
                        "SPW": "missing",
                        "Mo": 1,
                        "Tu": "missing",
                        "We": "missing",
                        "Th": "missing",
                        "Fr": "missing",
                        "Sa": 1,
                        "Su": "missing",
                        "Spots": 1,
                        "Rate": "$40.00",
                        "Total": "$40.00",
                        "Station": "Duluth/Superior (KQDS)",
                        "Comments": "FOX 21 NEWS AT 5:30P",
                        "Entered": "08/31/20"
                    }
                ]
            }
        ]
    },
    {
        "id": 3,
        "content": [
            {
                "type": "metadata",
                "content": "FOX21 Duluth-Superior\nKQDS-TV\nDuluth/Superior (KQDS)\nThe parties to this agreement will not discriminate on the placement of advertising on the basis of race or gender.\nB/E Bookend P/B Piggy Back\nPrinted At: 02:36 PM on Monday, August 31 2020\nPage 3 of 4\n"
            },
            {
                "type": "kv",
                "content": [
                    {
                        "Contract #": "59119"
                    },
                    {
                        "Schedule Dates": "09/04/20-09/07/20"
                    },
                    {
                        "Advertiser": "POLJ Biden/D/Pres/US (6268)"
                    },
                    {
                        "Agency": "Media Buying and Analytics (2146)"
                    },
                    {
                        "Product": "Political-Candidate (1058)"
                    },
                    {
                        "Brand": "1106/1350/8137 (38888)"
                    },
                    {
                        "Salesperson": "HRP-Philadelphia, Philadelphia (1087)"
                    },
                    {
                        "Sales Office": "HRP-Philadelphia"
                    },
                    {
                        "Buyer Name": "HUTTON,SHELLI"
                    },
                    {
                        "Phone/Fax": "/"
                    },
                    {
                        "CPE": "1106/1350/8137"
                    },
                    {
                        "Account Types": "National/Political Agency"
                    },
                    {
                        "Billing Type": "Standard"
                    },
                    {
                        "Order Type": "Normal"
                    },
                    {
                        "Commission %": "15.00"
                    },
                    {
                        "Commission": "$101.40"
                    },
                    {
                        "Net Total": "$574.60"
                    },
                    {
                        "Sales Tax": "missing"
                    },
                    {
                        "Headline #": "09918296"
                    },
                    {
                        "Demo": "missing"
                    },
                    {
                        "Package Deal": "missing"
                    },
                    {
                        "CO-OP": "No"
                    },
                    {
                        "Entered By": "Lori Kempton"
                    },
                    {
                        "Date Entered": "08/31/20"
                    },
                    {
                        "Last Modified": "08/31/20"
                    },
                    {
                        "Comments": "BIDEN FOR PRES/60\u2019S\\n****** THIS IS A CASH IN ADVANCE SCHEDULE ******"
                    }
                ]
            },
            {
                "type": "table",
                "content": [
                    {
                        "By Broadcast Month": "Sep. 2020",
                        "Spots": "Spots",
                        "Rate": "36"
                    },
                    {
                        "By Broadcast Month": "Grand Total",
                        "Spots": "36",
                        "Rate": "$676.00"
                    }
                ]
            },
            {
                "type": "table",
                "content": [
                    {
                        "Line": 24.0,
                        "Line Type": "Normal Line / SPOT",
                        "Dates": "09/04/20-09/04/20",
                        "Sec": 4,
                        "Length": "1:00",
                        "Run Times": "5:30P- LOCAL NEWS 530PM",
                        "SPW": "missing",
                        "Mo": 1,
                        "Tu": "missing",
                        "We": "missing",
                        "Th": "missing",
                        "Fr": "missing",
                        "Sa": 1,
                        "Su": "missing",
                        "Spots": 1,
                        "Rate": "$40.00",
                        "Total": "$40.00",
                        "Station": "Duluth/Superior (KQDS)",
                        "Comments": "FOX 21 NEWS AT 5:30P",
                        "Entered": "08/31/20"
                    },
                    {
                        "Line": 25.0,
                        "Line Type": "Normal Line / SPOT",
                        "Dates": "09/05/20-09/05/20",
                        "Sec": 4,
                        "Length": "1:00",
                        "Run Times": "9:30P- LOCAL LATE NEWS SAT",
                        "SPW": "missing",
                        "Mo": 1,
                        "Tu": "missing",
                        "We": "missing",
                        "Th": "missing",
                        "Fr": "missing",
                        "Sa": 1,
                        "Su": "missing",
                        "Spots": 1,
                        "Rate": "$150.00",
                        "Total": "$150.00",
                        "Station": "Duluth/Superior (KQDS)",
                        "Comments": "FOX 21 NEWS @ 9",
                        "Entered": "08/31/20"
                    },
                    {
                        "Line": 26.0,
                        "Line Type": "Normal Line / SPOT",
                        "Dates": "09/04/20-09/04/20",
                        "Sec": 4,
                        "Length": "1:00",
                        "Run Times": "10P- 2 BROKE GIRLS 10PM",
                        "SPW": "missing",
                        "Mo": 1,
                        "Tu": "missing",
                        "We": "missing",
                        "Th": "missing",
                        "Fr": "missing",
                        "Sa": 1,
                        "Su": "missing",
                        "Spots": 1,
                        "Rate": "$40.00",
                        "Total": "$40.00",
                        "Station": "Duluth/Superior (KQDS)",
                        "Comments": "2 BROKE GIRLS",
                        "Entered": "08/31/20"
                    },
                    {
                        "Line": 27.0,
                        "Line Type": "Normal Line / SPOT",
                        "Dates": "09/04/20-09/04/20",
                        "Sec": 4,
                        "Length": "1:00",
                        "Run Times": "10P- 2 BROKE GIRLS 10PM",
                        "SPW": "missing",
                        "Mo": 1,
                        "Tu": "missing",
                        "We": "missing",
                        "Th": "missing",
                        "Fr": "missing",
                        "Sa": 1,
                        "Su": "missing",
                        "Spots": 1,
                        "Rate": "$40.00",
                        "Total": "$40.00",
                        "Station": "Duluth/Superior (KQDS)",
                        "Comments": "2 BROKE GIRLS",
                        "Entered": "08/31/20"
                    },
                    {
                        "Line": 28.0,
                        "Line Type": "Normal Line / SPOT",
                        "Dates": "09/04/20-09/04/20",
                        "Sec": 4,
                        "Length": "1:00",
                        "Run Times": "11:35P- MODERN FAMILY 1135PM",
                        "SPW": "missing",
                        "Mo": 1,
                        "Tu": "missing",
                        "We": "missing",
                        "Th": "missing",
                        "Fr": "missing",
                        "Sa": 1,
                        "Su": "missing",
                        "Spots": 1,
                        "Rate": "$10.00",
                        "Total": "$10.00",
                        "Station": "Duluth/Superior (KQDS)",
                        "Comments": "MODERN FAMILY",
                        "Entered": "08/31/20"
                    },
                    {
                        "Line": 29.0,
                        "Line Type": "Normal Line / SPOT",
                        "Dates": "09/04/20-09/04/20",
                        "Sec": 4,
                        "Length": "1:00",
                        "Run Times": "11:35P- MODERN FAMILY 1135PM",
                        "SPW": "missing",
                        "Mo": 1,
                        "Tu": "missing",
                        "We": "missing",
                        "Th": "missing",
                        "Fr": "missing",
                        "Sa": 1,
                        "Su": "missing",
                        "Spots": 1,
                        "Rate": "$10.00",
                        "Total": "$10.00",
                        "Station": "Duluth/Superior (KQDS)",
                        "Comments": "MODERN FAMILY",
                        "Entered": "08/31/20"
                    },
                    {
                        "Line": 30.0,
                        "Line Type": "Normal Line / SPOT",
                        "Dates": "09/07/20-09/07/20",
                        "Sec": 4,
                        "Length": "1:00",
                        "Run Times": "12:05A- 1:05A (CST)",
                        "SPW": "missing",
                        "Mo": 1,
                        "Tu": "missing",
                        "We": "missing",
                        "Th": "missing",
                        "Fr": "missing",
                        "Sa": 1,
                        "Su": "missing",
                        "Spots": 1,
                        "Rate": "$10.00",
                        "Total": "$10.00",
                        "Station": "Duluth/Superior (KQDS)",
                        "Comments": "MOM/HIMYM",
                        "Entered": "08/31/20"
                    },
                    {
                        "Line": 31.0,
                        "Line Type": "Normal Line / SPOT",
                        "Dates": "09/07/20-09/07/20",
                        "Sec": 4,
                        "Length": "1:00",
                        "Run Times": "12:05A- 1:05A (CST)",
                        "SPW": "missing",
                        "Mo": 1,
                        "Tu": "missing",
                        "We": "missing",
                        "Th": "missing",
                        "Fr": "missing",
                        "Sa": 1,
                        "Su": "missing",
                        "Spots": 1,
                        "Rate": "$10.00",
                        "Total": "$10.00",
                        "Station": "Duluth/Superior (KQDS)",
                        "Comments": "MOM/HIMYM",
                        "Entered": "08/31/20"
                    },
                    {
                        "Line": 32.0,
                        "Line Type": "Normal Line / SPOT",
                        "Dates": "09/05/20-09/05/20",
                        "Sec": 4,
                        "Length": "1:00",
                        "Run Times": "6:30P- FAMILY FEUD SAT 630PM",
                        "SPW": "missing",
                        "Mo": 1,
                        "Tu": "missing",
                        "We": "missing",
                        "Th": "missing",
                        "Fr": "missing",
                        "Sa": 1,
                        "Su": "missing",
                        "Spots": 1,
                        "Rate": "$40.00",
                        "Total": "$40.00",
                        "Station": "Duluth/Superior (KQDS)",
                        "Comments": "FAMILY FEUD",
                        "Entered": "08/31/20"
                    },
                    {
                        "Line": 33.0,
                        "Line Type": "Normal Line / SPOT",
                        "Dates": "09/06/20-09/06/20",
                        "Sec": 4,
                        "Length": "1:00",
                        "Run Times": "8A- FOX NEWS SUNDAY",
                        "SPW": "missing",
                        "Mo": 1,
                        "Tu": "missing",
                        "We": "missing",
                        "Th": "missing",
                        "Fr": "missing",
                        "Sa": 1,
                        "Su": "missing",
                        "Spots": 1,
                        "Rate": "$20.00",
                        "Total": "$20.00",
                        "Station": "Duluth/Superior (KQDS)",
                        "Comments": "FOX NEWS SUNDAY",
                        "Entered": "08/31/20"
                    }
                ]
            }
        ]
    },
    {
        "id": 4,
        "content": [
            {
                "type": "metadata",
                "content": "FOX21 Duluth-Superior\nKQDS-TV\nDuluth/Superior (KQDS)\nThe parties to this agreement will not discriminate on the placement of advertising on the basis of race or gender.\nB/E Bookend P/B Piggy Back\nPrinted At: 02:36 PM on Monday, August 31 2020\nPage 4 of 4\n"
            },
            {
                "type": "kv",
                "content": [
                    {
                        "Contract #": "59119"
                    },
                    {
                        "Schedule Dates": "09/04/20-09/07/20"
                    },
                    {
                        "Advertiser": "POLJ Biden/D/Pres/US (6268)"
                    },
                    {
                        "Agency": "Media Buying and Analytics (2146)"
                    },
                    {
                        "Product": "Political-Candidate (1058)"
                    },
                    {
                        "Brand": "1106/1350/8137 (38888)"
                    },
                    {
                        "Salesperson": "HRP-Philadelphia, Philadelphia (1087)"
                    },
                    {
                        "Sales Office": "HRP-Philadelphia"
                    },
                    {
                        "Buyer Name": "HUTTON,SHELLI"
                    },
                    {
                        "Phone/Fax": "/"
                    },
                    {
                        "CPE": "1106/1350/8137"
                    },
                    {
                        "Account Types": "National/Political Agency"
                    },
                    {
                        "Billing Type": "Standard"
                    },
                    {
                        "Order Type": "Normal"
                    },
                    {
                        "Commission %": "15.00"
                    },
                    {
                        "Commission": "$101.40"
                    },
                    {
                        "Net Total": "$574.60"
                    },
                    {
                        "Sales Tax": "missing"
                    },
                    {
                        "Headline #": "09918296"
                    },
                    {
                        "Demo": "missing"
                    },
                    {
                        "Package Deal": "missing"
                    },
                    {
                        "CO-OP": "No"
                    },
                    {
                        "Entered By": "Lori Kempton"
                    },
                    {
                        "Date Entered": "08/31/20"
                    },
                    {
                        "Last Modified": "08/31/20"
                    },
                    {
                        "Comments": "BIDEN FOR PRES/60\u2019S\\n****** THIS IS A CASH IN ADVANCE SCHEDULE ******"
                    }
                ]
            },
            {
                "type": "table",
                "content": [
                    {
                        "By Broadcast Month": "Sep. 2020",
                        "Spots": "Spots",
                        "Rate": "36"
                    },
                    {
                        "By Broadcast Month": "Grand Total",
                        "Spots": "36",
                        "Rate": "$676.00"
                    }
                ]
            },
            {
                "type": "table",
                "content": [
                    {
                        "Line": 34.1,
                        "Line Type": "Normal Line / SPOT",
                        "Dates": "09/06/20-09/06/20",
                        "Sec": 4,
                        "Length": "1:00",
                        "Run Times": "10P- LAST MAN STANDING SUN 10PM",
                        "SPW": 1,
                        "Mo": "missing",
                        "Tu": "missing",
                        "We": "missing",
                        "Th": "missing",
                        "Fr": "missing",
                        "Sa": "missing",
                        "Su": 1,
                        "Spots": 1,
                        "Rate": "$20.00",
                        "Total": "$20.00",
                        "Station": "Duluth/Superior (KQDS)",
                        "Comments": "LAST MAN",
                        "Entered": "08/31/20"
                    },
                    {
                        "Line": 35.1,
                        "Line Type": "Normal Line / SPOT",
                        "Dates": "09/06/20-09/06/20",
                        "Sec": 4,
                        "Length": "1:00",
                        "Run Times": "10:30P- 2 BROKE GIRLS SUN 1035PM",
                        "SPW": 1,
                        "Mo": "missing",
                        "Tu": "missing",
                        "We": "missing",
                        "Th": "missing",
                        "Fr": "missing",
                        "Sa": "missing",
                        "Su": 1,
                        "Spots": 1,
                        "Rate": "$40.00",
                        "Total": "$40.00",
                        "Station": "Duluth/Superior (KQDS)",
                        "Comments": "2 BROKE",
                        "Entered": "08/31/20"
                    },
                    {
                        "Line": 36.0,
                        "Line Type": "Normal Line / SPOT",
                        "Dates": "09/06/20-09/06/20",
                        "Sec": 4,
                        "Length": "1:00",
                        "Run Times": "11:30P- MIKE & MOLLY SUN 1135PM",
                        "SPW": 1,
                        "Mo": "missing",
                        "Tu": "missing",
                        "We": "missing",
                        "Th": "missing",
                        "Fr": "missing",
                        "Sa": "missing",
                        "Su": 1,
                        "Spots": 1,
                        "Rate": "$10.00",
                        "Total": "$10.00",
                        "Station": "Duluth/Superior (KQDS)",
                        "Comments": "MIKE & MOLLY",
                        "Entered": "08/31"
                    }
                ]
            }
        ]
    }
]